temperature,humidity,motion,light,gas,aqi,sound,risk,timestamp
44,78,0,Dark,1470,1681,Medium,Danger,2026-05-10 19:41:12
20,84,0,Bright,337,485,Low,Normal,2026-05-10 19:42:12
20,75,1,Dark,3043,2575,Medium,Danger,2026-05-10 19:43:12
35,47,0,Bright,3481,2772,Low,Warning,2026-05-10 19:44:12
37,43,1,Bright,3184,2982,Medium,Danger,2026-05-10 19:45:12
22,43,0,Bright,1814,3493,High,Warning,2026-05-10 19:46:12
30,93,0,Dark,2433,1319,Low,Warning,2026-05-10 19:47:12
20,57,0,Dark,1813,1637,Medium,Warning,2026-05-10 19:48:12
23,90,0,Dark,2947,3150,Low,Danger,2026-05-10 19:49:12
40,43,1,Dim,2657,1182,High,Danger,2026-05-10 19:50:12
23,38,0,Dark,1194,1976,Low,Warning,2026-05-10 19:51:12
36,50,1,Dark,1994,2380,Medium,Warning,2026-05-10 19:52:12
27,93,1,Dim,678,1733,High,Warning,2026-05-10 19:53:12
28,86,0,Bright,2142,1465,High,Warning,2026-05-10 19:54:12
23,53,0,Dark,1830,3133,Low,Warning,2026-05-10 19:55:12
26,55,1,Dark,1366,3258,Medium,Warning,2026-05-10 19:56:12
45,36,0,Bright,1906,791,High,Warning,2026-05-10 19:57:12
29,57,0,Dark,3176,3458,Low,Warning,2026-05-10 19:58:12
38,61,0,Dark,1283,2230,High,Danger,2026-05-10 19:59:12
41,81,1,Dark,2720,2606,High,Danger,2026-05-10 20:00:12
32,58,0,Bright,2835,293,High,Warning,2026-05-10 20:01:12
36,53,1,Dim,2638,3137,Medium,Danger,2026-05-10 20:02:12
38,40,0,Dim,869,2809,Medium,Warning,2026-05-10 20:03:12
24,55,0,Bright,1673,1264,High,Warning,2026-05-10 20:04:12
44,33,0,Dark,1787,963,High,Warning,2026-05-10 20:05:12
22,71,1,Dim,2499,3056,Low,Danger,2026-05-10 20:06:12
27,77,1,Dim,1240,3235,High,Danger,2026-05-10 20:07:12
34,94,0,Dim,1929,917,High,Warning,2026-05-10 20:08:12
44,65,1,Dark,1296,639,Low,Warning,2026-05-10 20:09:12
29,69,1,Dim,1747,2739,High,Warning,2026-05-10 20:10:12
29,91,1,Bright,3115,2382,Low,Danger,2026-05-10 20:11:12
39,37,0,Bright,2371,2259,Low,Warning,2026-05-10 20:12:12
39,33,1,Dim,574,1515,Medium,Warning,2026-05-10 20:13:12
31,81,1,Bright,1376,1186,High,Warning,2026-05-10 20:14:12
35,91,0,Dim,3456,862,High,Danger,2026-05-10 20:15:12
35,44,1,Dim,2285,678,High,Warning,2026-05-10 20:16:12
44,83,1,Dim,571,1930,High,Warning,2026-05-10 20:17:12
32,81,1,Bright,1089,1929,High,Warning,2026-05-10 20:18:12
20,34,0,Dim,2037,1227,Medium,Warning,2026-05-10 20:19:12
34,47,0,Dark,3448,3059,Medium,Danger,2026-05-10 20:20:12
44,80,0,Bright,2817,408,Low,Warning,2026-05-10 20:21:12
23,33,1,Dark,2314,2061,Medium,Warning,2026-05-10 20:22:12
20,83,1,Dim,1033,462,Medium,Normal,2026-05-10 20:23:12
30,50,0,Dark,3023,183,High,Warning,2026-05-10 20:24:12
39,78,0,Bright,3111,960,High,Danger,2026-05-10 20:25:12
27,38,0,Bright,1523,3115,High,Warning,2026-05-10 20:26:12
40,44,1,Dark,1555,1235,Low,Warning,2026-05-10 20:27:12
26,85,0,Dark,3192,2907,High,Danger,2026-05-10 20:28:12
35,57,0,Dark,2145,1846,Medium,Warning,2026-05-10 20:29:12
42,71,1,Dark,1488,2357,High,Danger,2026-05-10 20:30:12
41,30,0,Dark,3030,457,Medium,Warning,2026-05-10 20:31:12
40,80,0,Dark,2951,1296,Medium,Danger,2026-05-10 20:32:12
25,31,1,Dim,779,1323,High,Warning,2026-05-10 20:33:12
23,46,0,Dim,326,1212,Medium,Normal,2026-05-10 20:34:12
25,31,1,Dim,313,2612,High,Warning,2026-05-10 20:35:12
24,30,0,Dim,460,789,High,Normal,2026-05-10 20:36:12
20,90,1,Bright,183,1103,High,Warning,2026-05-10 20:37:12
43,38,0,Dark,2794,1574,Medium,Danger,2026-05-10 20:38:12
26,48,1,Bright,3116,3257,High,Danger,2026-05-10 20:39:12
39,32,0,Dim,830,581,High,Warning,2026-05-10 20:40:12
40,37,0,Dim,2121,2237,High,Danger,2026-05-10 20:41:12
27,86,1,Dark,1495,2959,High,Danger,2026-05-10 20:42:12
27,53,1,Dark,654,3391,High,Warning,2026-05-10 20:43:12
39,95,0,Dim,2294,1287,Low,Danger,2026-05-10 20:44:12
41,34,1,Bright,2371,3442,Low,Danger,2026-05-10 20:45:12
21,46,1,Dim,450,2020,High,Warning,2026-05-10 20:46:12
20,52,1,Dim,1669,3300,Medium,Warning,2026-05-10 20:47:12
22,76,0,Dim,2373,3079,Medium,Warning,2026-05-10 20:48:12
31,71,0,Dim,2376,1981,Low,Warning,2026-05-10 20:49:12
43,85,0,Dark,812,2329,Low,Danger,2026-05-10 20:50:12
42,40,1,Dark,2436,3209,Low,Danger,2026-05-10 20:51:12
43,62,0,Bright,2016,252,Low,Warning,2026-05-10 20:52:12
20,70,0,Dark,3069,201,Low,Warning,2026-05-10 20:53:12
21,47,1,Bright,3466,3447,High,Danger,2026-05-10 20:54:12
35,70,0,Dim,270,2486,High,Warning,2026-05-10 20:55:12
38,82,1,Dim,1848,1447,Medium,Warning,2026-05-10 20:56:12
22,42,0,Dim,3374,1610,Low,Warning,2026-05-10 20:57:12
37,71,1,Dim,1338,3326,High,Danger,2026-05-10 20:58:12
32,80,1,Bright,198,686,High,Normal,2026-05-10 20:59:12
22,78,0,Dim,1757,2478,High,Warning,2026-05-10 21:00:12
43,66,0,Dim,772,2296,High,Warning,2026-05-10 21:01:12
38,75,1,Dim,3008,2525,High,Danger,2026-05-10 21:02:12
43,84,1,Dark,2107,1605,High,Danger,2026-05-10 21:03:12
42,58,1,Bright,1494,1163,High,Warning,2026-05-10 21:04:12
32,54,1,Dark,2071,2183,High,Danger,2026-05-10 21:05:12
21,90,0,Dim,798,2522,High,Warning,2026-05-10 21:06:12
33,66,1,Dim,2616,205,Medium,Warning,2026-05-10 21:07:12
36,71,1,Dark,1429,445,Medium,Warning,2026-05-10 21:08:12
32,54,0,Dim,462,245,Medium,Normal,2026-05-10 21:09:12
21,95,0,Dim,380,621,Medium,Normal,2026-05-10 21:10:12
21,65,1,Bright,137,394,Low,Normal,2026-05-10 21:11:12
21,41,0,Dim,1240,2317,Low,Warning,2026-05-10 21:12:12
31,33,0,Dark,961,2299,Medium,Warning,2026-05-10 21:13:12
31,38,0,Bright,3255,2430,Low,Warning,2026-05-10 21:14:12
29,73,1,Dark,551,3351,Low,Warning,2026-05-10 21:15:12
45,51,0,Bright,3352,3462,Medium,Danger,2026-05-10 21:16:12
21,38,1,Bright,1607,3062,Medium,Warning,2026-05-10 21:17:12
38,47,1,Dim,1285,2800,Low,Danger,2026-05-10 21:18:12
37,88,1,Dim,3070,154,Medium,Warning,2026-05-10 21:19:12
25,33,0,Dark,1257,3298,Low,Warning,2026-05-10 21:20:12
31,61,0,Dark,750,1411,Low,Normal,2026-05-10 21:21:12
23,90,1,Dim,2034,3326,Low,Danger,2026-05-10 21:22:12
41,87,0,Bright,1484,104,High,Warning,2026-05-10 21:23:12
36,53,0,Dim,380,2003,Low,Normal,2026-05-10 21:24:12
27,69,0,Dark,202,1240,Low,Normal,2026-05-10 21:25:12
28,48,1,Dark,1568,636,Low,Warning,2026-05-10 21:26:12
39,40,0,Bright,157,2445,Low,Warning,2026-05-10 21:27:12
33,39,1,Dark,1140,2176,Medium,Warning,2026-05-10 21:28:12
42,66,0,Dark,244,1727,Medium,Warning,2026-05-10 21:29:12
33,74,1,Bright,3272,1862,High,Danger,2026-05-10 21:30:12
35,41,1,Dim,3165,219,Medium,Warning,2026-05-10 21:31:12
36,95,0,Bright,615,1057,High,Warning,2026-05-10 21:32:12
42,90,1,Dark,1708,331,Low,Danger,2026-05-10 21:33:12
21,88,0,Bright,1454,259,Medium,Warning,2026-05-10 21:34:12
29,40,1,Bright,1168,2789,Medium,Warning,2026-05-10 21:35:12
30,57,1,Dark,2452,2708,High,Danger,2026-05-10 21:36:12
32,73,1,Dark,1957,1508,High,Danger,2026-05-10 21:37:12
30,58,1,Bright,1062,785,Low,Normal,2026-05-10 21:38:12
26,41,0,Dim,765,573,High,Normal,2026-05-10 21:39:12
45,42,1,Dark,3259,2589,Low,Danger,2026-05-10 21:40:12
44,36,0,Bright,2106,2450,Medium,Warning,2026-05-10 21:41:12
26,50,0,Dim,3090,608,Low,Normal,2026-05-10 21:42:12
43,63,0,Dim,1086,1773,Medium,Warning,2026-05-10 21:43:12
39,93,1,Dim,1559,2888,Low,Danger,2026-05-10 21:44:12
24,74,0,Dim,1214,1674,Medium,Warning,2026-05-10 21:45:12
33,35,0,Bright,309,3052,Medium,Warning,2026-05-10 21:46:12
37,39,1,Bright,286,1899,High,Warning,2026-05-10 21:47:12
20,91,0,Dark,2029,513,High,Warning,2026-05-10 21:48:12
24,94,1,Bright,762,675,Medium,Warning,2026-05-10 21:49:12
30,58,0,Bright,205,1789,Low,Normal,2026-05-10 21:50:12
29,50,1,Bright,3142,1457,Low,Warning,2026-05-10 21:51:12
30,62,1,Dim,3028,2084,Medium,Warning,2026-05-10 21:52:12
24,47,1,Dim,3122,3313,Medium,Warning,2026-05-10 21:53:12
42,58,1,Dim,2395,1577,Low,Danger,2026-05-10 21:54:12
27,89,1,Dark,2623,1297,Low,Danger,2026-05-10 21:55:12
37,53,1,Dim,3062,2940,Low,Danger,2026-05-10 21:56:12
31,76,1,Bright,452,1579,Low,Warning,2026-05-10 21:57:12
22,60,1,Dim,1883,2031,High,Warning,2026-05-10 21:58:12
36,54,0,Dim,2526,506,Low,Warning,2026-05-10 21:59:12
34,37,1,Dim,1247,1863,High,Warning,2026-05-10 22:00:12
42,82,0,Dim,209,372,Medium,Normal,2026-05-10 22:01:12
37,46,0,Dim,1848,2914,High,Warning,2026-05-10 22:02:12
28,50,0,Dim,178,1684,High,Normal,2026-05-10 22:03:12
25,45,0,Bright,998,1717,Medium,Normal,2026-05-10 22:04:12
35,82,1,Dim,1441,786,High,Warning,2026-05-10 22:05:12
26,71,0,Dark,385,2356,Low,Warning,2026-05-10 22:06:12
35,63,1,Bright,628,1775,High,Warning,2026-05-10 22:07:12
24,44,0,Dim,1957,606,High,Normal,2026-05-10 22:08:12
45,75,0,Dark,2138,2099,High,Danger,2026-05-10 22:09:12
39,62,1,Bright,673,2492,Medium,Warning,2026-05-10 22:10:12
44,70,0,Bright,1623,2237,High,Danger,2026-05-10 22:11:12
33,58,0,Dark,3199,1130,Low,Warning,2026-05-10 22:12:12
26,46,0,Bright,1904,1565,Low,Warning,2026-05-10 22:13:12
43,40,1,Dim,3449,818,Low,Warning,2026-05-10 22:14:12
38,41,0,Dark,3475,3400,Low,Danger,2026-05-10 22:15:12
20,83,0,Dim,2570,1746,Low,Warning,2026-05-10 22:16:12
36,41,1,Dark,444,1753,Low,Warning,2026-05-10 22:17:12
33,94,1,Dim,2889,2751,Medium,Danger,2026-05-10 22:18:12
44,89,0,Bright,122,684,High,Warning,2026-05-10 22:19:12
28,44,0,Dim,2104,2207,Low,Warning,2026-05-10 22:20:12
25,67,1,Bright,3124,2434,Low,Warning,2026-05-10 22:21:12
39,90,1,Dark,107,1987,High,Danger,2026-05-10 22:22:12
30,47,1,Dark,684,2856,Medium,Warning,2026-05-10 22:23:12
37,41,1,Dark,2615,3061,High,Danger,2026-05-10 22:24:12
43,60,0,Dark,352,2550,Medium,Warning,2026-05-10 22:25:12
31,38,1,Dark,1662,1320,Low,Warning,2026-05-10 22:26:12
27,89,1,Dim,1545,3288,Medium,Danger,2026-05-10 22:27:12
44,31,1,Dim,2147,2637,Low,Danger,2026-05-10 22:28:12
20,30,1,Bright,2440,2974,High,Danger,2026-05-10 22:29:12
44,74,0,Bright,2602,1789,High,Danger,2026-05-10 22:30:12
26,41,0,Dim,1608,462,Medium,Normal,2026-05-10 22:31:12
27,77,0,Dark,1577,1378,Low,Warning,2026-05-10 22:32:12
43,85,0,Dim,775,2553,High,Danger,2026-05-10 22:33:12
20,39,1,Dim,1586,1855,Medium,Warning,2026-05-10 22:34:12
28,76,1,Bright,1113,3445,Medium,Warning,2026-05-10 22:35:12
26,41,0,Dim,2798,2044,Low,Warning,2026-05-10 22:36:12
31,91,0,Bright,2147,2727,High,Danger,2026-05-10 22:37:12
24,57,1,Dim,1928,3472,Low,Warning,2026-05-10 22:38:12
40,89,1,Dark,2017,2831,High,Danger,2026-05-10 22:39:12
34,68,0,Dark,2365,3054,Low,Danger,2026-05-10 22:40:12
33,87,0,Bright,3499,795,High,Danger,2026-05-10 22:41:12
41,52,1,Bright,1062,2623,Low,Warning,2026-05-10 22:42:12
24,55,0,Bright,334,479,High,Normal,2026-05-10 22:43:12
22,32,0,Bright,277,183,Low,Normal,2026-05-10 22:44:12
27,78,1,Dark,2908,1454,Medium,Warning,2026-05-10 22:45:12
45,32,1,Dark,2459,2919,Low,Danger,2026-05-10 22:46:12
31,66,0,Dim,1192,2974,Low,Warning,2026-05-10 22:47:12
36,93,0,Dark,784,3421,Low,Danger,2026-05-10 22:48:12
35,81,0,Dark,2167,2894,Medium,Danger,2026-05-10 22:49:12
26,86,0,Dim,391,2452,High,Warning,2026-05-10 22:50:12
21,80,0,Bright,2477,732,Medium,Warning,2026-05-10 22:51:12
35,57,1,Dim,1610,1420,High,Warning,2026-05-10 22:52:12
30,72,0,Dim,2923,3347,Low,Warning,2026-05-10 22:53:12
33,88,1,Dim,3405,3254,Medium,Danger,2026-05-10 22:54:12
39,60,0,Dark,2751,3481,High,Danger,2026-05-10 22:55:12
35,94,1,Dim,448,440,High,Warning,2026-05-10 22:56:12
23,58,0,Dim,3146,2977,High,Warning,2026-05-10 22:57:12
44,39,0,Bright,770,632,Low,Normal,2026-05-10 22:58:12
32,88,0,Bright,1052,2552,Medium,Warning,2026-05-10 22:59:12
29,42,0,Dark,3202,345,High,Warning,2026-05-10 23:00:12
31,56,1,Bright,1500,3414,High,Warning,2026-05-10 23:01:12
30,35,0,Dim,411,763,Low,Normal,2026-05-10 23:02:12
26,94,0,Dim,1223,2078,Low,Warning,2026-05-10 23:03:12
37,56,0,Bright,1473,2358,Medium,Warning,2026-05-10 23:04:12
43,31,1,Dim,1991,2854,Low,Danger,2026-05-10 23:05:12
24,59,0,Dark,1535,1062,High,Warning,2026-05-10 23:06:12
23,79,1,Dim,1401,2761,High,Danger,2026-05-10 23:07:12
31,36,1,Dim,2987,557,Medium,Warning,2026-05-10 23:08:12
38,44,0,Dim,645,1534,Medium,Warning,2026-05-10 23:09:12
29,70,1,Bright,3026,862,High,Warning,2026-05-10 23:10:12
20,30,1,Dim,130,3204,Low,Warning,2026-05-10 23:11:12
29,89,0,Dark,1209,2892,High,Danger,2026-05-10 23:12:12
33,63,1,Dark,852,2538,Medium,Warning,2026-05-10 23:13:12
43,59,1,Bright,2337,2568,Low,Danger,2026-05-10 23:14:12
43,71,1,Dim,2577,1796,High,Danger,2026-05-10 23:15:12
22,52,0,Dim,2397,2321,Medium,Warning,2026-05-10 23:16:12
32,82,1,Dim,3432,765,High,Warning,2026-05-10 23:17:12
24,46,1,Dim,1952,3056,Low,Warning,2026-05-10 23:18:12
43,86,0,Dark,2923,2914,Low,Danger,2026-05-10 23:19:12
30,58,0,Dark,1156,3101,Medium,Warning,2026-05-10 23:20:12
33,94,1,Dark,1679,1754,Medium,Danger,2026-05-10 23:21:12
27,54,1,Dim,2983,1270,Low,Warning,2026-05-10 23:22:12
22,74,0,Dim,2880,2195,Low,Warning,2026-05-10 23:23:12
35,72,0,Dim,2419,2858,Medium,Danger,2026-05-10 23:24:12
29,41,0,Dim,2355,2001,Medium,Warning,2026-05-10 23:25:12
27,94,1,Dim,1408,682,Medium,Warning,2026-05-10 23:26:12
30,79,1,Dim,3457,1049,Low,Warning,2026-05-10 23:27:12
35,42,1,Dim,1851,927,Medium,Warning,2026-05-10 23:28:12
26,47,0,Dim,1569,2738,Medium,Warning,2026-05-10 23:29:12
38,45,1,Dim,2612,138,Medium,Warning,2026-05-10 23:30:12
42,50,1,Dim,2812,2726,High,Danger,2026-05-10 23:31:12
22,52,1,Dim,3250,2457,Low,Warning,2026-05-10 23:32:12
33,48,1,Bright,2902,2753,Medium,Danger,2026-05-10 23:33:12
32,35,1,Dim,2908,500,Medium,Warning,2026-05-10 23:34:12
24,40,0,Bright,714,1408,Low,Normal,2026-05-10 23:35:12
29,47,1,Bright,1500,3186,Medium,Warning,2026-05-10 23:36:12
43,90,1,Bright,2823,2084,High,Danger,2026-05-10 23:37:12
22,86,0,Dark,1047,492,High,Warning,2026-05-10 23:38:12
34,92,0,Dark,1388,1101,High,Danger,2026-05-10 23:39:12
27,65,0,Dim,1447,3178,High,Warning,2026-05-10 23:40:12
38,55,0,Dark,1772,3049,Low,Danger,2026-05-10 23:41:12
30,72,0,Bright,1513,401,High,Warning,2026-05-10 23:42:12
38,47,0,Bright,347,210,Low,Normal,2026-05-10 23:43:12
42,72,1,Bright,799,3438,High,Danger,2026-05-10 23:44:12
26,86,1,Dark,1915,1447,High,Danger,2026-05-10 23:45:12
44,63,0,Dark,2603,1854,Medium,Danger,2026-05-10 23:46:12
23,80,0,Dim,2211,2087,High,Warning,2026-05-10 23:47:12
23,70,0,Bright,2842,348,Low,Warning,2026-05-10 23:48:12
38,43,0,Dark,950,1682,Low,Warning,2026-05-10 23:49:12
37,68,1,Bright,1186,3310,High,Warning,2026-05-10 23:50:12
27,48,1,Dark,2227,3075,High,Danger,2026-05-10 23:51:12
45,33,1,Dark,3431,341,High,Danger,2026-05-10 23:52:12
21,44,0,Dark,2470,2180,Medium,Warning,2026-05-10 23:53:12
22,57,0,Dim,3219,3152,High,Warning,2026-05-10 23:54:12
40,57,0,Bright,3077,2370,High,Danger,2026-05-10 23:55:12
43,51,0,Dark,2480,2169,Low,Danger,2026-05-10 23:56:12
20,75,1,Bright,850,2905,Low,Warning,2026-05-10 23:57:12
28,78,1,Bright,1774,671,Medium,Warning,2026-05-10 23:58:12
32,68,0,Bright,739,2858,High,Warning,2026-05-10 23:59:12
44,85,0,Dim,2982,1059,Low,Danger,2026-05-11 00:00:12
32,90,0,Dark,2816,2498,Medium,Danger,2026-05-11 00:01:12
31,70,1,Dim,2380,3033,Medium,Danger,2026-05-11 00:02:12
38,73,1,Dim,1067,391,Low,Warning,2026-05-11 00:03:12
37,36,1,Dark,164,198,Medium,Normal,2026-05-11 00:04:12
45,56,0,Dim,3272,2987,Low,Danger,2026-05-11 00:05:12
33,47,0,Bright,2771,2542,Medium,Warning,2026-05-11 00:06:12
26,59,1,Dark,1420,1076,Medium,Warning,2026-05-11 00:07:12
42,52,0,Dim,2725,1373,High,Warning,2026-05-11 00:08:12
34,72,1,Bright,3307,702,Medium,Warning,2026-05-11 00:09:12
35,90,1,Bright,1987,1851,Low,Danger,2026-05-11 00:10:12
22,64,0,Bright,1120,2757,High,Warning,2026-05-11 00:11:12
26,85,1,Dim,1247,2617,Medium,Danger,2026-05-11 00:12:12
43,59,0,Dim,496,1743,Low,Warning,2026-05-11 00:13:12
26,58,1,Dark,1728,2055,High,Warning,2026-05-11 00:14:12
29,94,1,Bright,3149,1343,Medium,Warning,2026-05-11 00:15:12
23,30,0,Bright,2406,1900,Medium,Warning,2026-05-11 00:16:12
26,85,0,Dark,1493,3166,Low,Danger,2026-05-11 00:17:12
33,41,1,Dim,2269,1315,Medium,Warning,2026-05-11 00:18:12
37,37,1,Dark,1277,524,Medium,Warning,2026-05-11 00:19:12
26,36,0,Dim,1613,2670,High,Warning,2026-05-11 00:20:12
37,74,0,Dim,636,1931,High,Warning,2026-05-11 00:21:12
28,76,0,Dark,3464,2499,Medium,Warning,2026-05-11 00:22:12
24,54,1,Dim,1788,2099,High,Warning,2026-05-11 00:23:12
29,41,1,Dim,1924,2390,High,Warning,2026-05-11 00:24:12
22,67,1,Dark,2540,1174,High,Warning,2026-05-11 00:25:12
34,67,1,Dim,2977,3276,Medium,Danger,2026-05-11 00:26:12
40,70,1,Dark,1326,2003,High,Danger,2026-05-11 00:27:12
31,39,1,Dark,3000,2734,High,Danger,2026-05-11 00:28:12
22,40,0,Bright,2595,277,High,Warning,2026-05-11 00:29:12
38,69,0,Bright,2774,1812,Medium,Warning,2026-05-11 00:30:12
41,88,1,Dim,419,2880,High,Danger,2026-05-11 00:31:12
43,73,0,Bright,1020,2559,Medium,Warning,2026-05-11 00:32:12
36,55,0,Dark,737,3259,Medium,Warning,2026-05-11 00:33:12
28,71,0,Bright,2815,1736,High,Warning,2026-05-11 00:34:12
44,60,1,Dark,721,2070,Low,Warning,2026-05-11 00:35:12
40,75,1,Bright,352,145,High,Warning,2026-05-11 00:36:12
32,41,1,Bright,2769,2361,Medium,Warning,2026-05-11 00:37:12
40,91,0,Dark,2570,866,Low,Danger,2026-05-11 00:38:12
33,63,0,Bright,1137,2869,High,Warning,2026-05-11 00:39:12
45,66,1,Bright,1205,3307,High,Danger,2026-05-11 00:40:12
38,58,1,Bright,1917,2357,Low,Warning,2026-05-11 00:41:12
43,85,0,Dim,2796,3163,Low,Danger,2026-05-11 00:42:12
45,50,1,Dim,2386,898,High,Danger,2026-05-11 00:43:12
23,47,1,Bright,2811,1488,Low,Warning,2026-05-11 00:44:12
43,89,0,Bright,383,1775,Medium,Warning,2026-05-11 00:45:12
41,54,1,Dim,346,2886,Low,Warning,2026-05-11 00:46:12
32,61,0,Dark,562,653,Medium,Normal,2026-05-11 00:47:12
26,49,1,Dark,1747,3164,High,Danger,2026-05-11 00:48:12
32,62,1,Bright,2942,998,Low,Warning,2026-05-11 00:49:12
34,42,1,Dark,3027,2980,High,Danger,2026-05-11 00:50:12
22,51,1,Bright,883,636,Medium,Normal,2026-05-11 00:51:12
27,77,0,Bright,1863,1295,Medium,Warning,2026-05-11 00:52:12
37,84,1,Dim,239,835,Medium,Warning,2026-05-11 00:53:12
43,43,0,Bright,647,176,High,Normal,2026-05-11 00:54:12
22,37,1,Dark,3227,2845,Low,Danger,2026-05-11 00:55:12
38,62,1,Dark,612,3396,High,Danger,2026-05-11 00:56:12
22,74,1,Dark,525,1086,High,Warning,2026-05-11 00:57:12
34,48,0,Dark,2408,1823,Medium,Warning,2026-05-11 00:58:12
28,60,1,Dark,1522,1538,Medium,Warning,2026-05-11 00:59:12
21,87,0,Bright,2811,3474,High,Danger,2026-05-11 01:00:12
33,49,0,Dim,537,2004,High,Warning,2026-05-11 01:01:12
27,37,0,Bright,948,3175,High,Warning,2026-05-11 01:02:12
44,85,0,Dim,3418,566,Medium,Warning,2026-05-11 01:03:12
44,53,1,Dark,1714,2551,Low,Danger,2026-05-11 01:04:12
34,60,0,Bright,2881,1508,Medium,Warning,2026-05-11 01:05:12
30,50,0,Dark,675,569,High,Normal,2026-05-11 01:06:12
42,45,0,Dim,2010,505,Low,Warning,2026-05-11 01:07:12
44,40,1,Dim,996,2750,Medium,Warning,2026-05-11 01:08:12
29,81,1,Dim,1090,667,High,Warning,2026-05-11 01:09:12
23,89,0,Dark,2949,2815,High,Danger,2026-05-11 01:10:12
30,41,0,Bright,2581,3350,High,Warning,2026-05-11 01:11:12
29,90,1,Dim,1221,2522,Low,Danger,2026-05-11 01:12:12
23,58,0,Dim,1150,3454,Medium,Warning,2026-05-11 01:13:12
34,88,1,Dark,2542,2784,Low,Danger,2026-05-11 01:14:12
23,47,1,Bright,896,577,Medium,Normal,2026-05-11 01:15:12
31,76,1,Dark,1851,2878,Low,Danger,2026-05-11 01:16:12
21,85,0,Dark,1668,2041,High,Danger,2026-05-11 01:17:12
22,56,1,Dark,1889,419,High,Warning,2026-05-11 01:18:12
42,50,1,Bright,456,603,Low,Normal,2026-05-11 01:19:12
23,46,0,Bright,530,2127,High,Normal,2026-05-11 01:20:12
35,83,0,Dark,1495,1092,Medium,Warning,2026-05-11 01:21:12
26,63,1,Bright,2980,1184,Low,Warning,2026-05-11 01:22:12
37,47,0,Bright,3244,1921,Medium,Warning,2026-05-11 01:23:12
22,82,1,Bright,527,2026,Low,Warning,2026-05-11 01:24:12
34,55,1,Bright,990,3105,Medium,Warning,2026-05-11 01:25:12
43,68,0,Dim,2433,2639,Low,Danger,2026-05-11 01:26:12
33,84,0,Dark,2288,2215,Medium,Danger,2026-05-11 01:27:12
27,79,0,Bright,3339,3024,Low,Warning,2026-05-11 01:28:12
33,34,1,Dark,3273,438,Low,Warning,2026-05-11 01:29:12
45,38,1,Bright,1054,411,Medium,Warning,2026-05-11 01:30:12
44,90,0,Bright,975,2367,Medium,Warning,2026-05-11 01:31:12
44,56,0,Bright,2937,2238,Low,Warning,2026-05-11 01:32:12
26,78,1,Bright,916,848,Low,Warning,2026-05-11 01:33:12
42,32,0,Bright,377,795,High,Warning,2026-05-11 01:34:12
30,32,0,Bright,1703,3015,High,Warning,2026-05-11 01:35:12
35,91,1,Bright,3319,1280,Low,Danger,2026-05-11 01:36:12
40,76,1,Bright,1626,1631,High,Danger,2026-05-11 01:37:12
41,60,1,Bright,880,2319,High,Warning,2026-05-11 01:38:12
44,68,0,Dim,3466,3194,High,Danger,2026-05-11 01:39:12
26,78,0,Dark,3385,463,Low,Warning,2026-05-11 01:40:12
43,76,1,Dark,682,2129,Medium,Warning,2026-05-11 01:41:12
25,72,0,Dark,1324,1102,Low,Warning,2026-05-11 01:42:12
38,71,0,Dark,2352,3182,Low,Danger,2026-05-11 01:43:12
34,34,0,Dim,981,2243,Low,Warning,2026-05-11 01:44:12
36,74,1,Dim,289,386,Medium,Normal,2026-05-11 01:45:12
27,30,0,Bright,2182,1162,High,Warning,2026-05-11 01:46:12
31,56,1,Dark,2152,2142,High,Danger,2026-05-11 01:47:12
34,85,1,Dark,369,2674,Low,Danger,2026-05-11 01:48:12
20,74,1,Bright,823,1154,High,Warning,2026-05-11 01:49:12
21,72,0,Bright,950,3071,Low,Warning,2026-05-11 01:50:12
25,72,1,Bright,2612,1839,Medium,Warning,2026-05-11 01:51:12
22,39,1,Dim,773,3278,Medium,Warning,2026-05-11 01:52:12
21,62,1,Dark,262,2462,Low,Warning,2026-05-11 01:53:12
31,59,1,Bright,3229,983,Medium,Warning,2026-05-11 01:54:12
20,33,0,Dim,2909,474,High,Warning,2026-05-11 01:55:12
30,77,0,Dim,2770,2227,Medium,Warning,2026-05-11 01:56:12
40,38,0,Dim,187,2708,High,Warning,2026-05-11 01:57:12
35,92,0,Dim,2288,2894,High,Danger,2026-05-11 01:58:12
34,94,1,Dark,1155,1043,Medium,Warning,2026-05-11 01:59:12
30,74,0,Bright,2696,2267,Medium,Warning,2026-05-11 02:00:12
25,40,0,Dim,687,565,High,Normal,2026-05-11 02:01:12
41,35,0,Dark,2003,1241,High,Danger,2026-05-11 02:02:12
34,34,1,Bright,2464,1756,Medium,Warning,2026-05-11 02:03:12
43,30,1,Dark,2248,674,High,Danger,2026-05-11 02:04:12
40,35,0,Dim,3161,2068,Medium,Warning,2026-05-11 02:05:12
40,51,0,Dark,2613,1067,Medium,Warning,2026-05-11 02:06:12
28,42,1,Bright,1929,1388,Low,Warning,2026-05-11 02:07:12
24,80,0,Dark,941,2398,Medium,Warning,2026-05-11 02:08:12
32,48,1,Dim,3478,782,Low,Warning,2026-05-11 02:09:12
38,65,1,Dim,2165,1693,High,Danger,2026-05-11 02:10:12
40,91,1,Dark,2626,962,Medium,Danger,2026-05-11 02:11:12
20,68,1,Dim,956,3007,Medium,Warning,2026-05-11 02:12:12
29,78,1,Dim,239,1585,Low,Warning,2026-05-11 02:13:12
34,48,0,Dark,1213,3161,High,Danger,2026-05-11 02:14:12
22,41,0,Bright,858,213,Low,Normal,2026-05-11 02:15:12
37,42,1,Bright,2061,1597,Medium,Warning,2026-05-11 02:16:12
37,71,1,Bright,1934,2507,Low,Danger,2026-05-11 02:17:12
44,50,0,Dim,3462,520,Low,Warning,2026-05-11 02:18:12
24,34,0,Dim,1118,455,High,Normal,2026-05-11 02:19:12
45,85,1,Dim,3457,2119,High,Danger,2026-05-11 02:20:12
26,80,0,Bright,2485,3361,Low,Warning,2026-05-11 02:21:12
31,88,1,Bright,2879,686,High,Warning,2026-05-11 02:22:12
29,39,0,Dark,1707,2968,High,Warning,2026-05-11 02:23:12
41,68,1,Bright,1904,2519,Medium,Danger,2026-05-11 02:24:12
44,82,1,Dark,325,1397,High,Warning,2026-05-11 02:25:12
21,76,1,Bright,3053,258,Medium,Warning,2026-05-11 02:26:12
32,46,0,Dim,3343,1431,High,Warning,2026-05-11 02:27:12
20,73,1,Dim,2038,2683,High,Danger,2026-05-11 02:28:12
31,67,1,Bright,1739,1247,High,Warning,2026-05-11 02:29:12
36,76,0,Dim,1727,2833,Low,Warning,2026-05-11 02:30:12
29,94,0,Dark,3371,3108,High,Danger,2026-05-11 02:31:12
38,95,0,Dim,3015,3006,Low,Danger,2026-05-11 02:32:12
32,72,0,Bright,3144,662,High,Warning,2026-05-11 02:33:12
27,66,0,Dim,2943,3472,Medium,Warning,2026-05-11 02:34:12
39,90,1,Bright,2470,2318,High,Danger,2026-05-11 02:35:12
43,64,1,Dim,902,3224,Medium,Warning,2026-05-11 02:36:12
37,54,1,Dim,2858,3318,Low,Danger,2026-05-11 02:37:12
30,76,0,Dim,2071,2726,Low,Warning,2026-05-11 02:38:12
25,78,0,Dark,1407,2813,Medium,Warning,2026-05-11 02:39:12
22,45,1,Dark,1313,1707,Medium,Warning,2026-05-11 02:40:12
32,79,1,Bright,1629,3215,High,Danger,2026-05-11 02:41:12
39,71,0,Dark,3419,839,High,Danger,2026-05-11 02:42:12
41,55,0,Bright,2308,3431,High,Danger,2026-05-11 02:43:12
40,31,1,Dark,855,2377,Low,Warning,2026-05-11 02:44:12
37,45,1,Bright,1507,3336,High,Danger,2026-05-11 02:45:12
45,76,0,Bright,3438,1949,High,Danger,2026-05-11 02:46:12
44,80,1,Bright,504,3143,Low,Warning,2026-05-11 02:47:12
27,54,1,Bright,2855,2429,High,Warning,2026-05-11 02:48:12
20,77,1,Bright,2439,3062,Medium,Danger,2026-05-11 02:49:12
44,51,0,Bright,3348,1820,High,Danger,2026-05-11 02:50:12
45,69,1,Dark,180,627,Medium,Warning,2026-05-11 02:51:12
35,38,0,Bright,1095,2487,High,Warning,2026-05-11 02:52:12
26,79,0,Dark,1432,719,High,Warning,2026-05-11 02:53:12
32,42,1,Dim,1637,449,High,Warning,2026-05-11 02:54:12
41,42,0,Dark,1437,3307,Low,Danger,2026-05-11 02:55:12
33,57,1,Dark,2484,1378,High,Danger,2026-05-11 02:56:12
44,90,1,Dim,1805,231,High,Danger,2026-05-11 02:57:12
40,86,0,Dim,1262,3417,Medium,Danger,2026-05-11 02:58:12
20,58,1,Dim,856,2001,Medium,Warning,2026-05-11 02:59:12
28,40,0,Bright,3072,1619,Low,Warning,2026-05-11 03:00:12
32,91,1,Bright,2523,925,High,Danger,2026-05-11 03:01:12
31,63,1,Dim,2580,1800,High,Warning,2026-05-11 03:02:12
44,66,0,Bright,1068,1637,Medium,Warning,2026-05-11 03:03:12
24,74,0,Bright,2786,3101,High,Danger,2026-05-11 03:04:12
33,86,1,Dark,1814,1707,High,Danger,2026-05-11 03:05:12
39,37,1,Bright,2711,1074,Medium,Warning,2026-05-11 03:06:12
20,76,1,Dim,2673,2006,Medium,Warning,2026-05-11 03:07:12
36,51,1,Dim,430,1858,High,Warning,2026-05-11 03:08:12
30,44,0,Bright,451,2246,Medium,Normal,2026-05-11 03:09:12
21,64,0,Bright,1922,380,Medium,Normal,2026-05-11 03:10:12
39,80,1,Bright,1452,1341,Medium,Warning,2026-05-11 03:11:12
40,42,0,Dim,1417,508,Low,Warning,2026-05-11 03:12:12
29,68,0,Bright,998,782,Medium,Normal,2026-05-11 03:13:12
26,36,0,Bright,757,3368,Low,Warning,2026-05-11 03:14:12
21,50,1,Dark,3197,1542,Low,Warning,2026-05-11 03:15:12
28,60,0,Dark,2172,3127,Low,Warning,2026-05-11 03:16:12
23,30,0,Dark,1703,2062,High,Warning,2026-05-11 03:17:12
24,66,0,Dim,553,2302,High,Normal,2026-05-11 03:18:12
35,80,0,Bright,2727,1202,Medium,Warning,2026-05-11 03:19:12
36,52,1,Dim,2645,922,High,Warning,2026-05-11 03:20:12
23,43,1,Dark,1435,2504,Medium,Warning,2026-05-11 03:21:12
40,52,1,Bright,165,813,Medium,Warning,2026-05-11 03:22:12
31,90,0,Dark,1885,1506,Low,Warning,2026-05-11 03:23:12
31,88,1,Bright,1452,3238,Low,Danger,2026-05-11 03:24:12
30,91,1,Dim,110,3264,Medium,Warning,2026-05-11 03:25:12
24,35,0,Dark,1746,1055,High,Warning,2026-05-11 03:26:12
21,54,0,Dim,1681,800,Low,Normal,2026-05-11 03:27:12
45,95,0,Dim,1655,2764,High,Danger,2026-05-11 03:28:12
35,30,1,Bright,2473,1946,High,Danger,2026-05-11 03:29:12
23,30,1,Dark,2992,1161,Medium,Warning,2026-05-11 03:30:12
37,78,1,Dim,664,2367,Medium,Warning,2026-05-11 03:31:12
27,44,1,Bright,101,448,Medium,Normal,2026-05-11 03:32:12
32,67,0,Dark,2006,1874,Low,Warning,2026-05-11 03:33:12
23,56,0,Bright,227,1681,High,Normal,2026-05-11 03:34:12
29,77,1,Dim,1108,2071,Low,Warning,2026-05-11 03:35:12
21,47,1,Dark,1899,296,High,Warning,2026-05-11 03:36:12
33,44,0,Dim,883,1489,Medium,Normal,2026-05-11 03:37:12
44,63,0,Bright,3095,2588,High,Danger,2026-05-11 03:38:12
37,50,0,Dark,2226,1931,Low,Warning,2026-05-11 03:39:12
22,58,1,Bright,240,167,Medium,Normal,2026-05-11 03:40:12
32,56,1,Dark,619,568,High,Normal,2026-05-11 03:41:12
32,37,0,Dark,1442,1718,Low,Warning,2026-05-11 03:42:12
30,74,0,Dark,604,3348,Medium,Warning,2026-05-11 03:43:12
27,47,0,Dim,1776,715,Low,Normal,2026-05-11 03:44:12
26,70,0,Dark,3184,838,Medium,Warning,2026-05-11 03:45:12
32,78,0,Dark,3032,191,High,Warning,2026-05-11 03:46:12
22,55,0,Bright,2674,2070,Low,Warning,2026-05-11 03:47:12
41,53,0,Dark,3067,637,Low,Warning,2026-05-11 03:48:12
42,67,0,Dark,1776,271,High,Warning,2026-05-11 03:49:12
27,57,1,Dim,2010,2859,Medium,Warning,2026-05-11 03:50:12
26,77,1,Dim,3205,3126,Medium,Danger,2026-05-11 03:51:12
36,69,0,Bright,3244,2674,High,Danger,2026-05-11 03:52:12
24,81,0,Bright,2555,2256,Low,Warning,2026-05-11 03:53:12
29,75,0,Dim,3147,2114,High,Warning,2026-05-11 03:54:12
34,85,1,Dim,1849,814,High,Danger,2026-05-11 03:55:12
45,65,0,Dark,3484,1091,High,Danger,2026-05-11 03:56:12
43,78,1,Dim,506,3272,Medium,Warning,2026-05-11 03:57:12
27,58,0,Dark,2804,2870,High,Danger,2026-05-11 03:58:12
24,72,0,Dark,2379,3010,High,Danger,2026-05-11 03:59:12
28,88,0,Dark,666,3445,Low,Warning,2026-05-11 04:00:12
45,40,1,Bright,1616,3327,High,Danger,2026-05-11 04:01:12
29,44,0,Bright,986,2930,Low,Warning,2026-05-11 04:02:12
40,82,1,Dark,2167,1527,Low,Danger,2026-05-11 04:03:12
35,90,0,Dim,3046,3033,Low,Danger,2026-05-11 04:04:12
35,50,0,Dim,771,3269,Low,Warning,2026-05-11 04:05:12
43,84,0,Dark,2637,497,Medium,Warning,2026-05-11 04:06:12
23,45,0,Dark,542,2587,Low,Warning,2026-05-11 04:07:12
21,44,1,Dark,1589,1387,High,Warning,2026-05-11 04:08:12
37,64,0,Dark,1399,1427,Low,Warning,2026-05-11 04:09:12
24,80,1,Dim,1044,1975,High,Warning,2026-05-11 04:10:12
22,30,0,Dark,2330,592,Low,Warning,2026-05-11 04:11:12
22,60,0,Bright,2479,1363,Medium,Warning,2026-05-11 04:12:12
42,43,0,Dark,3220,1177,Medium,Warning,2026-05-11 04:13:12
35,38,1,Bright,723,597,High,Warning,2026-05-11 04:14:12
26,92,0,Dark,626,1348,Low,Warning,2026-05-11 04:15:12
37,90,0,Dark,537,1060,High,Warning,2026-05-11 04:16:12
31,90,1,Dark,677,3164,Medium,Warning,2026-05-11 04:17:12
32,60,1,Dark,2559,1284,High,Warning,2026-05-11 04:18:12
45,85,1,Dim,853,447,High,Warning,2026-05-11 04:19:12
45,71,0,Dim,307,1874,Medium,Warning,2026-05-11 04:20:12
26,37,0,Dim,3407,1574,High,Warning,2026-05-11 04:21:12
28,54,1,Dark,1587,3109,Low,Warning,2026-05-11 04:22:12
44,62,0,Dim,657,1143,Medium,Normal,2026-05-11 04:23:12
21,46,1,Dim,1339,3059,High,Warning,2026-05-11 04:24:12
23,39,0,Dark,519,802,High,Normal,2026-05-11 04:25:12
38,66,0,Dim,614,2237,High,Warning,2026-05-11 04:26:12
34,46,0,Bright,1347,328,High,Warning,2026-05-11 04:27:12
39,40,1,Bright,690,989,Low,Warning,2026-05-11 04:28:12
36,57,1,Bright,1068,740,Low,Warning,2026-05-11 04:29:12
45,74,0,Dim,2619,3193,Low,Danger,2026-05-11 04:30:12
25,53,1,Dim,2101,2646,Low,Warning,2026-05-11 04:31:12
21,78,1,Bright,2921,2830,Low,Danger,2026-05-11 04:32:12
21,45,1,Bright,933,1165,Low,Normal,2026-05-11 04:33:12
42,83,0,Dark,3280,1471,Low,Danger,2026-05-11 04:34:12
35,47,1,Bright,1124,3298,Medium,Warning,2026-05-11 04:35:12
25,71,0,Dark,498,1716,Medium,Warning,2026-05-11 04:36:12
39,33,0,Dim,1995,494,Medium,Warning,2026-05-11 04:37:12
38,85,1,Dim,353,2219,Low,Warning,2026-05-11 04:38:12
39,93,1,Bright,3034,671,Low,Danger,2026-05-11 04:39:12
39,68,1,Dark,123,3442,High,Danger,2026-05-11 04:40:12
26,68,0,Dark,1724,984,High,Warning,2026-05-11 04:41:12
33,69,1,Bright,2512,2135,High,Danger,2026-05-11 04:42:12
35,48,0,Dark,1498,1749,Medium,Warning,2026-05-11 04:43:12
39,38,1,Dim,2053,3375,Low,Danger,2026-05-11 04:44:12
26,35,1,Bright,307,3005,High,Warning,2026-05-11 04:45:12
32,39,0,Dim,1324,607,Medium,Normal,2026-05-11 04:46:12
30,33,1,Dark,2173,3280,High,Danger,2026-05-11 04:47:12
30,80,0,Dim,1197,3259,Low,Warning,2026-05-11 04:48:12
42,31,0,Bright,631,2408,Low,Warning,2026-05-11 04:49:12
20,52,0,Dark,2983,1172,High,Warning,2026-05-11 04:50:12
43,89,1,Dim,2612,482,Low,Danger,2026-05-11 04:51:12
23,39,1,Dim,2928,3045,Medium,Warning,2026-05-11 04:52:12
42,94,0,Bright,664,234,Medium,Warning,2026-05-11 04:53:12
40,70,1,Dim,1605,2754,High,Danger,2026-05-11 04:54:12
31,47,0,Dark,230,2716,High,Warning,2026-05-11 04:55:12
38,63,0,Bright,2732,2082,Medium,Warning,2026-05-11 04:56:12
39,85,0,Bright,1071,2513,Medium,Danger,2026-05-11 04:57:12
32,59,0,Bright,3407,2638,Medium,Warning,2026-05-11 04:58:12
20,46,0,Dark,2058,1237,Medium,Warning,2026-05-11 04:59:12
34,66,1,Dark,2193,146,Low,Warning,2026-05-11 05:00:12
35,69,0,Bright,1758,786,Low,Warning,2026-05-11 05:01:12
36,73,0,Dark,1431,3265,Low,Danger,2026-05-11 05:02:12
24,71,0,Bright,2756,2552,Low,Warning,2026-05-11 05:03:12
36,69,1,Dark,1545,882,Medium,Warning,2026-05-11 05:04:12
44,82,0,Bright,2026,3281,Medium,Danger,2026-05-11 05:05:12
40,81,1,Bright,1507,1341,Medium,Warning,2026-05-11 05:06:12
31,42,0,Dark,2310,3124,Low,Warning,2026-05-11 05:07:12
35,80,0,Dim,3489,1765,High,Danger,2026-05-11 05:08:12
35,46,0,Dark,848,3293,Medium,Warning,2026-05-11 05:09:12
42,47,0,Dim,1735,2491,Medium,Warning,2026-05-11 05:10:12
42,63,0,Bright,2541,3034,Medium,Danger,2026-05-11 05:11:12
44,31,1,Dim,1090,1443,Low,Warning,2026-05-11 05:12:12
43,80,0,Dark,2356,2215,High,Danger,2026-05-11 05:13:12
34,52,1,Bright,1859,2357,High,Warning,2026-05-11 05:14:12
34,95,0,Dark,2587,2098,High,Danger,2026-05-11 05:15:12
36,77,1,Dark,1182,1068,Low,Warning,2026-05-11 05:16:12
28,67,1,Dark,1008,2816,High,Warning,2026-05-11 05:17:12
23,48,1,Bright,1529,1268,High,Warning,2026-05-11 05:18:12
28,58,1,Bright,2420,1156,Low,Warning,2026-05-11 05:19:12
32,48,1,Dim,2661,2778,Low,Warning,2026-05-11 05:20:12
21,41,1,Bright,3241,253,High,Warning,2026-05-11 05:21:12
29,81,0,Dark,2622,2030,High,Danger,2026-05-11 05:22:12
29,84,1,Dim,2126,1065,Medium,Warning,2026-05-11 05:23:12
31,41,1,Dim,1840,3437,Low,Warning,2026-05-11 05:24:12
24,39,0,Dark,1286,3336,Low,Warning,2026-05-11 05:25:12
22,64,1,Dim,2712,3238,High,Danger,2026-05-11 05:26:12
30,48,1,Dim,3213,568,High,Warning,2026-05-11 05:27:12
33,70,1,Dark,1207,2795,Low,Danger,2026-05-11 05:28:12
30,63,1,Dark,2401,547,High,Warning,2026-05-11 05:29:12
43,65,0,Bright,1075,3048,Medium,Warning,2026-05-11 05:30:12
42,83,1,Bright,2061,646,Medium,Warning,2026-05-11 05:31:12
40,82,1,Dark,369,2414,Medium,Warning,2026-05-11 05:32:12
27,66,0,Dark,2797,1514,Medium,Warning,2026-05-11 05:33:12
21,59,0,Dark,2993,1335,High,Warning,2026-05-11 05:34:12
36,91,1,Dim,1009,1266,Low,Warning,2026-05-11 05:35:12
24,51,1,Bright,640,2782,Medium,Warning,2026-05-11 05:36:12
36,35,0,Dim,3181,577,High,Warning,2026-05-11 05:37:12
26,33,0,Dark,3278,668,Low,Warning,2026-05-11 05:38:12
34,38,1,Bright,2168,584,Low,Warning,2026-05-11 05:39:12
45,44,1,Dark,1158,2000,Low,Warning,2026-05-11 05:40:12
42,73,0,Dim,3306,1900,Medium,Danger,2026-05-11 05:41:12
31,52,0,Dark,777,886,High,Warning,2026-05-11 05:42:12
31,64,1,Dim,1424,1175,Medium,Warning,2026-05-11 05:43:12
31,89,0,Bright,3016,2383,Low,Warning,2026-05-11 05:44:12
24,90,0,Dim,605,3205,Medium,Warning,2026-05-11 05:45:12
32,71,1,Dark,2244,2358,Medium,Danger,2026-05-11 05:46:12
27,88,0,Bright,1261,2906,High,Danger,2026-05-11 05:47:12
42,61,1,Dark,545,883,High,Warning,2026-05-11 05:48:12
30,70,0,Dark,1683,2748,Medium,Warning,2026-05-11 05:49:12
32,56,1,Dim,3425,2225,Low,Warning,2026-05-11 05:50:12
42,52,1,Bright,1486,2720,High,Danger,2026-05-11 05:51:12
21,90,1,Dim,2528,3266,Medium,Danger,2026-05-11 05:52:12
43,73,0,Dark,2642,2470,High,Danger,2026-05-11 05:53:12
33,80,0,Dim,2500,846,Medium,Warning,2026-05-11 05:54:12
29,42,0,Bright,2634,3418,High,Warning,2026-05-11 05:55:12
44,81,1,Dark,1780,159,High,Danger,2026-05-11 05:56:12
31,52,0,Bright,589,2303,Medium,Normal,2026-05-11 05:57:12
29,57,0,Bright,2233,2362,Medium,Warning,2026-05-11 05:58:12
34,67,1,Bright,660,2341,High,Warning,2026-05-11 05:59:12
39,45,0,Bright,659,1382,Low,Normal,2026-05-11 06:00:12
35,54,0,Bright,1249,289,Medium,Normal,2026-05-11 06:01:12
44,31,0,Dark,3163,1502,Low,Danger,2026-05-11 06:02:12
28,50,1,Bright,3056,3377,High,Danger,2026-05-11 06:03:12
20,77,1,Bright,187,3035,High,Warning,2026-05-11 06:04:12
35,87,1,Dark,3094,368,Low,Danger,2026-05-11 06:05:12
32,83,1,Dim,3275,275,Medium,Warning,2026-05-11 06:06:12
37,44,1,Dim,1317,107,High,Warning,2026-05-11 06:07:12
32,52,0,Dim,3300,1388,Medium,Warning,2026-05-11 06:08:12
21,73,0,Bright,848,1337,Medium,Normal,2026-05-11 06:09:12
40,44,0,Bright,1740,2680,High,Danger,2026-05-11 06:10:12
20,87,1,Bright,713,1839,High,Warning,2026-05-11 06:11:12
35,77,1,Dim,2138,1633,High,Danger,2026-05-11 06:12:12
27,50,1,Dark,2178,2144,High,Danger,2026-05-11 06:13:12
35,48,0,Dim,2738,2260,Medium,Warning,2026-05-11 06:14:12
29,47,1,Bright,1901,2366,Medium,Warning,2026-05-11 06:15:12
33,47,1,Bright,1591,2785,High,Danger,2026-05-11 06:16:12
24,34,0,Dim,1160,396,High,Normal,2026-05-11 06:17:12
29,77,0,Dark,2729,1059,Low,Warning,2026-05-11 06:18:12
31,95,1,Bright,2652,1683,Low,Danger,2026-05-11 06:19:12
39,60,1,Dim,2820,2705,High,Danger,2026-05-11 06:20:12
39,64,0,Dim,2164,691,Low,Warning,2026-05-11 06:21:12
29,53,0,Dark,3358,819,Medium,Warning,2026-05-11 06:22:12
43,63,1,Bright,3192,787,Medium,Warning,2026-05-11 06:23:12
33,75,1,Bright,1941,3349,Low,Danger,2026-05-11 06:24:12
36,45,0,Bright,2560,634,Low,Warning,2026-05-11 06:25:12
42,60,0,Bright,2335,173,High,Warning,2026-05-11 06:26:12
27,33,0,Dark,1741,764,Low,Warning,2026-05-11 06:27:12
24,42,0,Dark,887,2984,Low,Warning,2026-05-11 06:28:12
42,65,0,Dim,2317,798,Low,Warning,2026-05-11 06:29:12
45,33,1,Dark,2622,3482,Medium,Danger,2026-05-11 06:30:12
24,76,1,Dark,2876,2128,Low,Danger,2026-05-11 06:31:12
34,80,0,Dim,3113,2922,Low,Danger,2026-05-11 06:32:12
30,94,0,Dim,1335,114,High,Warning,2026-05-11 06:33:12
23,79,1,Dark,2164,1474,Medium,Warning,2026-05-11 06:34:12
33,82,1,Bright,2938,1298,Medium,Warning,2026-05-11 06:35:12
30,31,1,Bright,561,1976,Low,Normal,2026-05-11 06:36:12
33,46,0,Bright,1783,486,Low,Normal,2026-05-11 06:37:12
45,42,0,Bright,1567,3120,High,Danger,2026-05-11 06:38:12
37,66,0,Bright,3478,1075,High,Warning,2026-05-11 06:39:12
24,79,0,Dim,1516,1613,Medium,Warning,2026-05-11 06:40:12
40,92,1,Bright,2263,1443,High,Danger,2026-05-11 06:41:12
32,36,1,Dark,1488,2643,Low,Warning,2026-05-11 06:42:12
23,78,0,Dark,2355,2480,Low,Warning,2026-05-11 06:43:12
31,66,1,Dark,3045,1656,Medium,Warning,2026-05-11 06:44:12
37,94,0,Bright,3487,3197,Medium,Danger,2026-05-11 06:45:12
24,56,0,Dark,2604,2236,Medium,Warning,2026-05-11 06:46:12
22,93,0,Dim,2651,942,Medium,Warning,2026-05-11 06:47:12
43,71,1,Dark,2714,2347,Medium,Danger,2026-05-11 06:48:12
36,64,1,Bright,2796,2968,Low,Danger,2026-05-11 06:49:12
42,46,0,Bright,1964,893,High,Warning,2026-05-11 06:50:12
41,88,0,Dim,2484,2697,Low,Danger,2026-05-11 06:51:12
25,65,1,Bright,1118,2319,Medium,Warning,2026-05-11 06:52:12
31,87,1,Bright,3398,1423,High,Danger,2026-05-11 06:53:12
42,94,0,Bright,3190,681,Medium,Warning,2026-05-11 06:54:12
44,38,1,Dark,1155,2415,Low,Warning,2026-05-11 06:55:12
42,40,1,Dark,3113,972,Medium,Danger,2026-05-11 06:56:12
37,35,1,Dim,2256,1020,Low,Warning,2026-05-11 06:57:12
30,95,0,Bright,2820,662,Low,Warning,2026-05-11 06:58:12
22,44,1,Dim,1259,2835,High,Warning,2026-05-11 06:59:12
32,33,0,Dim,2264,673,High,Warning,2026-05-11 07:00:12
23,75,0,Dim,195,681,High,Normal,2026-05-11 07:01:12
45,30,1,Dim,209,1097,Low,Warning,2026-05-11 07:02:12
34,88,1,Dark,1542,2547,Low,Danger,2026-05-11 07:03:12
23,44,0,Dark,2461,2556,Low,Warning,2026-05-11 07:04:12
42,63,1,Dim,3171,2671,Medium,Danger,2026-05-11 07:05:12
20,74,1,Bright,2199,726,Low,Warning,2026-05-11 07:06:12
40,85,0,Bright,411,477,Medium,Warning,2026-05-11 07:07:12
29,80,1,Dim,2842,3260,Low,Danger,2026-05-11 07:08:12
24,79,1,Bright,217,921,Medium,Normal,2026-05-11 07:09:12
36,75,1,Dark,3285,2030,High,Danger,2026-05-11 07:10:12
32,79,0,Dim,2745,1423,Medium,Warning,2026-05-11 07:11:12
31,71,0,Bright,2609,2404,Low,Warning,2026-05-11 07:12:12
27,53,1,Bright,288,1135,Low,Normal,2026-05-11 07:13:12
41,72,1,Dim,1850,1529,Medium,Danger,2026-05-11 07:14:12
28,35,1,Dark,2706,399,Low,Warning,2026-05-11 07:15:12
29,35,0,Bright,2400,3446,Low,Warning,2026-05-11 07:16:12
20,95,1,Dim,2534,1982,Low,Danger,2026-05-11 07:17:12
25,74,1,Dim,551,1241,Medium,Normal,2026-05-11 07:18:12
40,43,1,Dim,2363,2868,Medium,Danger,2026-05-11 07:19:12
25,93,1,Dim,1326,650,High,Warning,2026-05-11 07:20:12
39,87,0,Dim,3210,2734,Medium,Danger,2026-05-11 07:21:12
43,90,0,Dark,2881,3466,Medium,Danger,2026-05-11 07:22:12
27,36,0,Bright,2898,2232,Low,Warning,2026-05-11 07:23:12
25,66,1,Bright,304,1811,High,Warning,2026-05-11 07:24:12
39,77,0,Dim,1689,1723,Medium,Warning,2026-05-11 07:25:12
23,87,0,Bright,1625,962,Medium,Warning,2026-05-11 07:26:12
22,89,1,Bright,1948,470,Medium,Warning,2026-05-11 07:27:12
36,77,1,Dark,3453,3195,Low,Danger,2026-05-11 07:28:12
21,33,1,Bright,113,3364,Medium,Warning,2026-05-11 07:29:12
31,77,1,Bright,1710,1642,Medium,Warning,2026-05-11 07:30:12
30,46,0,Dark,2209,3379,Medium,Warning,2026-05-11 07:31:12
40,54,1,Bright,1465,440,Medium,Warning,2026-05-11 07:32:12
25,49,0,Dim,3344,429,Medium,Normal,2026-05-11 07:33:12
40,70,1,Bright,2499,1065,Medium,Danger,2026-05-11 07:34:12
40,75,0,Bright,1161,1695,Low,Warning,2026-05-11 07:35:12
21,95,0,Bright,1800,1348,High,Warning,2026-05-11 07:36:12
22,62,1,Dark,171,186,High,Normal,2026-05-11 07:37:12
35,49,1,Dim,3105,1132,Low,Warning,2026-05-11 07:38:12
40,53,0,Dark,2618,1492,Low,Warning,2026-05-11 07:39:12
30,85,0,Dark,1424,3185,Medium,Danger,2026-05-11 07:40:12
22,61,0,Dark,698,1133,Medium,Normal,2026-05-11 07:41:12
25,49,1,Dim,522,2966,Low,Warning,2026-05-11 07:42:12
28,65,0,Bright,2153,138,High,Warning,2026-05-11 07:43:12
21,64,0,Dark,2748,2145,Medium,Warning,2026-05-11 07:44:12
34,75,1,Dark,2579,2114,Medium,Danger,2026-05-11 07:45:12
27,91,0,Bright,1135,2210,High,Warning,2026-05-11 07:46:12
21,32,0,Dim,428,1181,High,Normal,2026-05-11 07:47:12
28,49,0,Dim,2747,1772,Low,Warning,2026-05-11 07:48:12
22,56,0,Bright,3019,732,Medium,Warning,2026-05-11 07:49:12
27,32,1,Dark,502,1783,Low,Warning,2026-05-11 07:50:12
27,61,1,Dark,1466,204,Medium,Warning,2026-05-11 07:51:12
26,42,1,Dark,752,1707,High,Warning,2026-05-11 07:52:12
45,47,0,Dim,662,108,Low,Normal,2026-05-11 07:53:12
34,83,0,Bright,511,430,High,Normal,2026-05-11 07:54:12
45,74,1,Bright,1000,2618,Medium,Danger,2026-05-11 07:55:12
24,90,0,Bright,3049,446,Low,Warning,2026-05-11 07:56:12
32,87,1,Bright,3277,119,Low,Warning,2026-05-11 07:57:12
28,87,0,Bright,424,471,Low,Normal,2026-05-11 07:58:12
33,59,1,Dark,450,1623,High,Warning,2026-05-11 07:59:12
39,56,0,Bright,3261,2103,High,Danger,2026-05-11 08:00:12
36,58,1,Bright,2146,3341,Medium,Danger,2026-05-11 08:01:12
20,39,1,Dim,2519,2157,High,Warning,2026-05-11 08:02:12
37,35,0,Dim,2832,2282,Medium,Warning,2026-05-11 08:03:12
44,80,0,Bright,541,1073,Medium,Warning,2026-05-11 08:04:12
21,87,1,Dark,3383,2412,Low,Danger,2026-05-11 08:05:12
44,64,1,Dark,3240,1411,Low,Danger,2026-05-11 08:06:12
30,38,1,Dim,732,2262,Low,Warning,2026-05-11 08:07:12
40,84,1,Dark,903,199,Low,Warning,2026-05-11 08:08:12
23,81,0,Dark,2249,3089,Low,Danger,2026-05-11 08:09:12
26,61,1,Dark,895,1466,Low,Warning,2026-05-11 08:10:12
30,36,0,Dim,553,2011,Low,Normal,2026-05-11 08:11:12
26,77,0,Dim,1729,1792,High,Warning,2026-05-11 08:12:12
44,88,0,Dim,402,1695,Medium,Warning,2026-05-11 08:13:12
32,87,0,Bright,2779,1504,Low,Warning,2026-05-11 08:14:12
38,64,1,Bright,3099,2660,High,Danger,2026-05-11 08:15:12
44,46,1,Dark,1717,3381,Low,Danger,2026-05-11 08:16:12
31,79,0,Bright,3294,284,High,Warning,2026-05-11 08:17:12
34,58,0,Dark,3024,1224,Medium,Warning,2026-05-11 08:18:12
39,53,1,Dark,2214,3269,Low,Danger,2026-05-11 08:19:12
22,71,1,Bright,2013,1023,High,Warning,2026-05-11 08:20:12
27,80,0,Dark,2042,1270,High,Warning,2026-05-11 08:21:12
31,92,0,Bright,2408,3158,Medium,Danger,2026-05-11 08:22:12
44,75,0,Dim,3044,2657,High,Danger,2026-05-11 08:23:12
41,58,0,Bright,2534,2574,Low,Danger,2026-05-11 08:24:12
34,72,1,Dim,2481,2726,High,Danger,2026-05-11 08:25:12
41,95,0,Bright,3137,2321,High,Danger,2026-05-11 08:26:12
36,73,0,Bright,349,2414,High,Warning,2026-05-11 08:27:12
45,94,1,Dark,1361,2196,Low,Danger,2026-05-11 08:28:12
35,81,1,Bright,1856,2821,High,Danger,2026-05-11 08:29:12
26,77,1,Dim,2978,540,Low,Warning,2026-05-11 08:30:12
31,55,1,Dark,874,605,Low,Normal,2026-05-11 08:31:12
21,73,1,Dark,2552,2836,Low,Danger,2026-05-11 08:32:12
32,69,1,Dark,3076,1190,High,Warning,2026-05-11 08:33:12
39,39,0,Dark,610,717,Low,Warning,2026-05-11 08:34:12
28,39,1,Dim,891,3032,Low,Warning,2026-05-11 08:35:12
24,53,0,Dim,706,3197,High,Warning,2026-05-11 08:36:12
24,56,0,Bright,1740,2599,High,Warning,2026-05-11 08:37:12
26,87,0,Dim,918,181,Low,Normal,2026-05-11 08:38:12
27,92,0,Bright,2455,937,Low,Warning,2026-05-11 08:39:12
33,68,1,Dim,2196,1295,High,Warning,2026-05-11 08:40:12
43,70,1,Bright,2859,318,Low,Warning,2026-05-11 08:41:12
26,30,0,Dark,1162,1091,High,Warning,2026-05-11 08:42:12
37,85,0,Bright,3183,2320,Medium,Danger,2026-05-11 08:43:12
39,63,1,Bright,176,3227,Medium,Warning,2026-05-11 08:44:12
22,53,0,Bright,2541,256,High,Warning,2026-05-11 08:45:12
23,58,1,Dim,1128,2743,High,Warning,2026-05-11 08:46:12
43,80,0,Bright,1056,478,Low,Warning,2026-05-11 08:47:12
31,37,0,Dark,1341,1236,High,Warning,2026-05-11 08:48:12
45,46,1,Dim,2277,323,Low,Warning,2026-05-11 08:49:12
24,80,1,Dim,3259,371,Medium,Warning,2026-05-11 08:50:12
29,75,1,Bright,3308,3475,Low,Danger,2026-05-11 08:51:12
23,39,0,Dark,609,978,High,Normal,2026-05-11 08:52:12
45,82,0,Dim,2575,2886,High,Danger,2026-05-11 08:53:12
24,45,0,Bright,3044,1582,Medium,Warning,2026-05-11 08:54:12
34,70,0,Bright,148,2635,High,Warning,2026-05-11 08:55:12
41,81,1,Dark,3409,2079,High,Danger,2026-05-11 08:56:12
43,37,0,Bright,1005,2722,High,Warning,2026-05-11 08:57:12
35,60,1,Bright,1816,2514,Medium,Warning,2026-05-11 08:58:12
30,31,1,Dark,504,3055,High,Warning,2026-05-11 08:59:12
32,70,1,Bright,3395,1543,Low,Warning,2026-05-11 09:00:12
25,45,0,Dim,1972,1266,Low,Normal,2026-05-11 09:01:12
35,83,1,Dim,3194,201,Medium,Warning,2026-05-11 09:02:12
21,80,1,Dim,390,269,Medium,Normal,2026-05-11 09:03:12
26,72,1,Dim,2287,879,Medium,Warning,2026-05-11 09:04:12
36,85,1,Dim,2135,3039,Medium,Danger,2026-05-11 09:05:12
39,61,1,Dark,3093,1467,Medium,Danger,2026-05-11 09:06:12
40,90,1,Dim,1604,731,Medium,Danger,2026-05-11 09:07:12
28,38,1,Dark,699,1131,High,Warning,2026-05-11 09:08:12
41,83,1,Dim,2765,296,High,Danger,2026-05-11 09:09:12
25,32,0,Bright,2744,1917,Medium,Warning,2026-05-11 09:10:12
28,92,0,Dim,1637,1883,Medium,Warning,2026-05-11 09:11:12
38,51,1,Bright,678,564,Medium,Normal,2026-05-11 09:12:12
24,40,0,Dark,248,837,Medium,Normal,2026-05-11 09:13:12
20,69,0,Dim,1976,241,Low,Normal,2026-05-11 09:14:12
40,60,1,Dark,139,713,Medium,Warning,2026-05-11 09:15:12
44,54,0,Dim,3183,409,Medium,Warning,2026-05-11 09:16:12
22,79,1,Bright,446,442,Medium,Normal,2026-05-11 09:17:12
42,46,1,Bright,1797,3222,Medium,Danger,2026-05-11 09:18:12
45,90,0,Dark,2433,978,High,Danger,2026-05-11 09:19:12
33,91,1,Dim,2958,3185,High,Danger,2026-05-11 09:20:12
26,57,0,Bright,3311,411,Low,Normal,2026-05-11 09:21:12
45,94,0,Bright,2173,2639,Medium,Danger,2026-05-11 09:22:12
21,60,1,Dim,2671,3164,Low,Warning,2026-05-11 09:23:12
37,45,1,Bright,1704,500,Low,Warning,2026-05-11 09:24:12
20,77,1,Bright,1157,1296,High,Warning,2026-05-11 09:25:12
32,80,1,Dim,2668,1971,Medium,Warning,2026-05-11 09:26:12
32,33,0,Dim,1479,1671,High,Warning,2026-05-11 09:27:12
37,36,0,Dark,1214,893,High,Warning,2026-05-11 09:28:12
44,34,1,Bright,978,2504,High,Danger,2026-05-11 09:29:12
31,63,1,Dim,2585,1667,Medium,Warning,2026-05-11 09:30:12
20,51,1,Bright,2874,874,Medium,Warning,2026-05-11 09:31:12
44,89,1,Bright,1271,1311,High,Danger,2026-05-11 09:32:12
21,52,1,Dark,547,1205,Low,Normal,2026-05-11 09:33:12
22,62,1,Bright,3021,2963,Medium,Warning,2026-05-11 09:34:12
26,68,0,Bright,910,287,Low,Normal,2026-05-11 09:35:12
27,82,0,Bright,146,1199,High,Normal,2026-05-11 09:36:12
33,43,1,Bright,2555,3287,Medium,Danger,2026-05-11 09:37:12
26,60,1,Bright,1434,616,Low,Normal,2026-05-11 09:38:12
37,75,1,Bright,1935,3407,Low,Danger,2026-05-11 09:39:12
21,68,0,Bright,2224,155,Medium,Normal,2026-05-11 09:40:12
41,55,0,Dark,3135,2892,Low,Danger,2026-05-11 09:41:12
35,60,1,Dim,2061,3354,Low,Danger,2026-05-11 09:42:12
21,39,0,Bright,1713,433,High,Normal,2026-05-11 09:43:12
43,51,0,Bright,757,1778,Low,Warning,2026-05-11 09:44:12
20,85,1,Dim,3080,882,Medium,Warning,2026-05-11 09:45:12
21,53,0,Dim,2868,1085,Low,Warning,2026-05-11 09:46:12
21,87,0,Bright,2775,2530,Medium,Danger,2026-05-11 09:47:12
27,32,1,Dark,910,1522,Medium,Warning,2026-05-11 09:48:12
44,62,1,Dim,1329,1929,Low,Warning,2026-05-11 09:49:12
23,82,0,Dim,1439,2189,High,Warning,2026-05-11 09:50:12
36,83,1,Dim,2163,3251,High,Danger,2026-05-11 09:51:12
28,63,1,Dark,2905,2078,High,Danger,2026-05-11 09:52:12
23,89,1,Dark,2498,2485,Medium,Danger,2026-05-11 09:53:12
34,67,0,Dark,1203,1122,Medium,Warning,2026-05-11 09:54:12
27,83,1,Bright,1073,3476,Medium,Warning,2026-05-11 09:55:12
24,32,0,Dim,3259,2028,Low,Warning,2026-05-11 09:56:12
37,63,1,Bright,107,1566,Medium,Warning,2026-05-11 09:57:12
34,52,1,Dark,178,2370,Medium,Warning,2026-05-11 09:58:12
41,91,0,Dark,3346,1416,Medium,Danger,2026-05-11 09:59:12
45,90,1,Bright,629,2904,Medium,Danger,2026-05-11 10:00:12
34,94,0,Dim,2295,681,Medium,Warning,2026-05-11 10:01:12
39,91,1,Dim,2293,1309,High,Danger,2026-05-11 10:02:12
21,73,1,Bright,1686,1215,Low,Warning,2026-05-11 10:03:12
40,41,0,Dark,3264,2035,High,Danger,2026-05-11 10:04:12
27,94,1,Dim,1206,1806,Medium,Warning,2026-05-11 10:05:12
29,87,1,Dark,2826,2311,Medium,Danger,2026-05-11 10:06:12
20,40,0,Bright,1441,2473,Low,Warning,2026-05-11 10:07:12
20,80,0,Dim,1890,2336,High,Warning,2026-05-11 10:08:12
33,59,0,Dark,2820,712,High,Warning,2026-05-11 10:09:12
41,44,1,Dark,3237,2626,High,Danger,2026-05-11 10:10:12
23,32,0,Dim,3172,452,High,Warning,2026-05-11 10:11:12
32,42,0,Bright,1386,319,Low,Normal,2026-05-11 10:12:12
38,83,1,Bright,1128,878,Medium,Warning,2026-05-11 10:13:12
37,52,1,Dim,2222,952,Low,Warning,2026-05-11 10:14:12
38,45,0,Dark,686,3343,Medium,Warning,2026-05-11 10:15:12
45,36,0,Dark,1604,1304,Medium,Warning,2026-05-11 10:16:12
20,53,1,Dim,177,116,Medium,Normal,2026-05-11 10:17:12
27,84,0,Bright,1566,1277,Low,Warning,2026-05-11 10:18:12
20,47,0,Dark,1936,2834,Medium,Warning,2026-05-11 10:19:12
26,63,1,Dim,284,237,Low,Normal,2026-05-11 10:20:12
41,89,0,Dark,2444,1698,Medium,Danger,2026-05-11 10:21:12
38,34,0,Dark,2066,3325,Medium,Danger,2026-05-11 10:22:12
27,68,0,Dim,170,612,High,Normal,2026-05-11 10:23:12
38,87,1,Bright,456,1856,Medium,Warning,2026-05-11 10:24:12
41,94,0,Dim,1160,3076,High,Danger,2026-05-11 10:25:12
28,54,0,Dark,2678,2227,Low,Warning,2026-05-11 10:26:12
38,64,1,Dark,1813,1912,High,Danger,2026-05-11 10:27:12
30,58,1,Dim,2295,2220,High,Warning,2026-05-11 10:28:12
45,78,0,Bright,933,1526,Low,Warning,2026-05-11 10:29:12
30,74,0,Bright,420,3088,Medium,Warning,2026-05-11 10:30:12
42,36,0,Dark,792,893,Low,Warning,2026-05-11 10:31:12
36,62,0,Dim,1957,2391,Low,Warning,2026-05-11 10:32:12
24,36,1,Bright,308,1183,High,Normal,2026-05-11 10:33:12
42,75,0,Dim,1983,3343,Low,Danger,2026-05-11 10:34:12
41,32,1,Dark,2653,1552,Low,Danger,2026-05-11 10:35:12
34,53,1,Dim,560,1328,Medium,Normal,2026-05-11 10:36:12
42,88,1,Bright,1938,1558,Medium,Danger,2026-05-11 10:37:12
25,78,1,Dim,1622,3489,Low,Warning,2026-05-11 10:38:12
21,51,1,Dark,705,165,Low,Normal,2026-05-11 10:39:12
43,84,0,Dim,2692,2976,Low,Danger,2026-05-11 10:40:12
40,56,0,Bright,2271,1494,High,Warning,2026-05-11 10:41:12
35,82,0,Dark,1887,1018,Low,Warning,2026-05-11 10:42:12
36,72,0,Dim,3305,2144,Low,Warning,2026-05-11 10:43:12
20,92,1,Bright,2240,143,High,Warning,2026-05-11 10:44:12
24,47,0,Bright,205,2367,Low,Normal,2026-05-11 10:45:12
39,63,1,Dark,635,563,Medium,Warning,2026-05-11 10:46:12
23,59,1,Bright,3452,3355,Low,Warning,2026-05-11 10:47:12
28,74,1,Dim,528,1108,Low,Normal,2026-05-11 10:48:12
31,40,1,Dim,2190,1839,Low,Warning,2026-05-11 10:49:12
30,39,0,Dark,2377,238,High,Warning,2026-05-11 10:50:12
26,56,0,Dark,1129,2549,Medium,Warning,2026-05-11 10:51:12
38,68,1,Dim,142,2540,Medium,Warning,2026-05-11 10:52:12
31,93,0,Dark,2932,3477,High,Danger,2026-05-11 10:53:12
34,46,0,Dim,2594,1498,High,Warning,2026-05-11 10:54:12
42,38,0,Dim,2232,400,High,Warning,2026-05-11 10:55:12
43,92,1,Bright,202,3254,High,Danger,2026-05-11 10:56:12
36,34,1,Dim,1623,2401,Low,Warning,2026-05-11 10:57:12
21,77,1,Dark,3170,1539,Medium,Danger,2026-05-11 10:58:12
36,77,0,Dark,2360,1896,High,Danger,2026-05-11 10:59:12
36,73,1,Dark,1192,1273,High,Warning,2026-05-11 11:00:12
41,52,1,Dim,1992,1570,Medium,Warning,2026-05-11 11:01:12
40,87,1,Dark,451,1677,High,Danger,2026-05-11 11:02:12
37,30,0,Dim,2909,3300,Low,Warning,2026-05-11 11:03:12
39,36,0,Bright,2163,530,Low,Warning,2026-05-11 11:04:12
27,86,1,Dim,3079,1854,Medium,Danger,2026-05-11 11:05:12
31,52,0,Bright,649,2845,High,Warning,2026-05-11 11:06:12
42,51,0,Dim,788,2894,High,Warning,2026-05-11 11:07:12
22,90,0,Dark,3090,2286,Low,Danger,2026-05-11 11:08:12
25,34,0,Dim,489,1035,Low,Normal,2026-05-11 11:09:12
22,54,1,Dark,2256,995,High,Warning,2026-05-11 11:10:12
31,85,1,Dim,3324,3393,High,Danger,2026-05-11 11:11:12
41,60,0,Bright,2697,118,High,Warning,2026-05-11 11:12:12
23,92,1,Dark,622,2225,Medium,Warning,2026-05-11 11:13:12
20,77,0,Dim,943,2473,Low,Warning,2026-05-11 11:14:12
23,64,1,Bright,2216,3332,High,Danger,2026-05-11 11:15:12
24,33,0,Dim,803,3379,Medium,Warning,2026-05-11 11:16:12
20,75,0,Dark,3010,840,High,Warning,2026-05-11 11:17:12
37,74,0,Dim,2138,1418,Medium,Warning,2026-05-11 11:18:12
32,52,0,Dim,1358,230,Low,Normal,2026-05-11 11:19:12
45,30,0,Dim,1313,845,High,Warning,2026-05-11 11:20:12
35,64,0,Dark,2274,2356,High,Danger,2026-05-11 11:21:12
43,78,0,Bright,1892,1105,Medium,Warning,2026-05-11 11:22:12
40,58,1,Dim,3363,1854,Medium,Danger,2026-05-11 11:23:12
29,94,1,Bright,1378,1727,Low,Warning,2026-05-11 11:24:12
31,59,1,Dim,3365,899,Medium,Warning,2026-05-11 11:25:12
30,71,0,Dim,235,622,Medium,Normal,2026-05-11 11:26:12
23,73,1,Dark,2547,1609,Low,Danger,2026-05-11 11:27:12
35,90,1,Dark,1880,2097,High,Danger,2026-05-11 11:28:12
27,67,1,Dim,1025,1467,High,Warning,2026-05-11 11:29:12
34,89,1,Dim,986,1300,Low,Warning,2026-05-11 11:30:12
40,56,1,Dark,3108,2279,Medium,Danger,2026-05-11 11:31:12
45,51,1,Dark,2021,3287,Low,Danger,2026-05-11 11:32:12
31,61,1,Dim,3384,1853,Low,Warning,2026-05-11 11:33:12
24,60,0,Dark,2000,270,Medium,Warning,2026-05-11 11:34:12
26,51,1,Dim,2854,2295,Low,Warning,2026-05-11 11:35:12
33,59,1,Dim,2342,489,Low,Warning,2026-05-11 11:36:12
35,59,1,Bright,653,2385,Medium,Warning,2026-05-11 11:37:12
30,41,1,Dark,287,239,Medium,Normal,2026-05-11 11:38:12
28,75,0,Dim,430,1258,Medium,Normal,2026-05-11 11:39:12
34,52,1,Dark,1358,1780,High,Danger,2026-05-11 11:40:12
22,60,1,Bright,2761,519,High,Warning,2026-05-11 11:41:12
23,51,0,Bright,1886,1168,Medium,Normal,2026-05-11 11:42:12
27,45,1,Bright,922,2213,Medium,Warning,2026-05-11 11:43:12
29,71,0,Bright,631,3431,Medium,Warning,2026-05-11 11:44:12
24,39,0,Dim,238,2202,Medium,Normal,2026-05-11 11:45:12
35,44,0,Dark,871,2953,Low,Warning,2026-05-11 11:46:12
39,78,0,Dark,1644,2772,Low,Danger,2026-05-11 11:47:12
33,54,1,Bright,1836,3230,High,Danger,2026-05-11 11:48:12
37,87,1,Bright,2143,2316,High,Danger,2026-05-11 11:49:12
36,82,1,Dim,1416,3300,High,Danger,2026-05-11 11:50:12
28,63,0,Dim,2357,1801,High,Warning,2026-05-11 11:51:12
26,76,1,Dim,1321,2328,Low,Warning,2026-05-11 11:52:12
30,59,0,Dim,2599,1512,Low,Warning,2026-05-11 11:53:12
34,70,0,Dark,268,2562,High,Warning,2026-05-11 11:54:12
38,67,0,Dim,584,2985,High,Warning,2026-05-11 11:55:12
23,51,1,Dark,3247,458,Medium,Warning,2026-05-11 11:56:12
35,54,0,Bright,2370,2658,High,Danger,2026-05-11 11:57:12
22,40,1,Dark,391,2204,Medium,Warning,2026-05-11 11:58:12
22,70,0,Dark,598,838,Medium,Normal,2026-05-11 11:59:12
32,32,0,Dim,341,989,Low,Normal,2026-05-11 12:00:12
35,93,0,Dark,1094,3044,High,Danger,2026-05-11 12:01:12
38,80,1,Bright,2785,1082,Low,Danger,2026-05-11 12:02:12
22,36,1,Dim,1908,1068,High,Warning,2026-05-11 12:03:12
42,88,1,Dark,2756,1660,Low,Danger,2026-05-11 12:04:12
27,83,1,Bright,1617,3049,Medium,Warning,2026-05-11 12:05:12
45,74,1,Dim,2279,2823,Low,Danger,2026-05-11 12:06:12
43,38,0,Bright,2523,3221,High,Danger,2026-05-11 12:07:12
31,36,0,Dim,1042,1511,Medium,Normal,2026-05-11 12:08:12
38,88,1,Dim,1495,2938,High,Danger,2026-05-11 12:09:12
32,41,1,Dark,107,510,High,Normal,2026-05-11 12:10:12
33,74,0,Dim,1580,1572,High,Warning,2026-05-11 12:11:12
33,64,1,Dim,250,1749,High,Warning,2026-05-11 12:12:12
24,58,1,Dark,2571,219,Low,Warning,2026-05-11 12:13:12
34,83,0,Dim,1672,2805,High,Danger,2026-05-11 12:14:12
39,43,0,Bright,349,2852,Low,Warning,2026-05-11 12:15:12
27,58,1,Dim,599,385,Medium,Normal,2026-05-11 12:16:12
26,41,0,Dim,2918,1716,High,Warning,2026-05-11 12:17:12
25,31,1,Dark,650,3126,High,Warning,2026-05-11 12:18:12
41,76,1,Dim,2599,2380,High,Danger,2026-05-11 12:19:12
31,68,0,Bright,1173,1067,Low,Normal,2026-05-11 12:20:12
20,66,1,Dark,1816,901,High,Warning,2026-05-11 12:21:12
29,80,0,Dark,2102,3291,High,Danger,2026-05-11 12:22:12
34,95,1,Bright,1512,823,Medium,Warning,2026-05-11 12:23:12
44,63,0,Dim,561,1940,Medium,Warning,2026-05-11 12:24:12
43,88,1,Bright,1179,2263,Low,Danger,2026-05-11 12:25:12
22,74,0,Bright,620,905,Medium,Normal,2026-05-11 12:26:12
41,71,1,Bright,3096,2834,Low,Danger,2026-05-11 12:27:12
22,90,1,Bright,657,171,High,Warning,2026-05-11 12:28:12
36,89,0,Dark,2218,2271,High,Danger,2026-05-11 12:29:12
28,43,0,Dark,616,552,Low,Normal,2026-05-11 12:30:12
41,80,1,Dark,2419,2748,Medium,Danger,2026-05-11 12:31:12
33,66,0,Bright,2078,1869,Low,Warning,2026-05-11 12:32:12
32,83,0,Dark,931,1020,Medium,Warning,2026-05-11 12:33:12
30,86,0,Bright,2574,2471,High,Danger,2026-05-11 12:34:12
34,80,1,Bright,2334,1535,Medium,Danger,2026-05-11 12:35:12
32,86,1,Dim,1963,1563,Low,Warning,2026-05-11 12:36:12
36,94,0,Dim,1457,2907,High,Danger,2026-05-11 12:37:12
28,83,0,Dim,608,1241,Low,Normal,2026-05-11 12:38:12
24,57,0,Dark,1642,1038,High,Warning,2026-05-11 12:39:12
35,88,1,Dark,1990,3316,High,Danger,2026-05-11 12:40:12
31,56,1,Dark,1539,802,Medium,Warning,2026-05-11 12:41:12
36,74,1,Dark,1130,3011,Medium,Danger,2026-05-11 12:42:12
33,73,0,Bright,1053,2016,Medium,Warning,2026-05-11 12:43:12
45,90,0,Bright,644,348,Low,Warning,2026-05-11 12:44:12
33,81,0,Bright,1598,2175,High,Warning,2026-05-11 12:45:12
29,44,0,Bright,2345,1979,Medium,Warning,2026-05-11 12:46:12
24,48,1,Bright,2542,1641,Medium,Warning,2026-05-11 12:47:12
26,79,0,Dim,2226,950,Low,Warning,2026-05-11 12:48:12
35,68,0,Bright,328,3377,High,Warning,2026-05-11 12:49:12
29,57,0,Dim,1102,1107,Medium,Normal,2026-05-11 12:50:12
27,30,0,Dark,1118,295,Low,Normal,2026-05-11 12:51:12
32,76,1,Dim,864,107,Low,Normal,2026-05-11 12:52:12
29,58,0,Dim,3398,3023,Medium,Warning,2026-05-11 12:53:12
25,93,1,Bright,2246,767,High,Danger,2026-05-11 12:54:12
41,70,1,Dark,1991,2961,Low,Danger,2026-05-11 12:55:12
25,31,0,Bright,2391,1506,High,Warning,2026-05-11 12:56:12
37,61,0,Bright,479,1888,High,Warning,2026-05-11 12:57:12
21,83,0,Dark,3129,558,High,Warning,2026-05-11 12:58:12
37,88,1,Dark,1862,1616,Medium,Danger,2026-05-11 12:59:12
45,90,0,Bright,1746,1434,High,Danger,2026-05-11 13:00:12
45,37,0,Bright,2675,1652,Low,Warning,2026-05-11 13:01:12
45,62,0,Dark,2783,1104,Medium,Warning,2026-05-11 13:02:12
25,91,1,Bright,105,293,Low,Normal,2026-05-11 13:03:12
28,34,1,Bright,1114,2932,Low,Warning,2026-05-11 13:04:12
25,84,1,Dim,1441,565,Low,Warning,2026-05-11 13:05:12
31,57,0,Dim,3017,3494,High,Warning,2026-05-11 13:06:12
21,42,1,Bright,467,873,Medium,Normal,2026-05-11 13:07:12
22,36,0,Bright,1977,2357,Low,Warning,2026-05-11 13:08:12
42,63,1,Dark,1961,277,Medium,Warning,2026-05-11 13:09:12
25,38,1,Dark,3138,1225,Medium,Warning,2026-05-11 13:10:12
21,68,0,Bright,2895,1191,High,Warning,2026-05-11 13:11:12
29,52,1,Dark,1085,385,Low,Normal,2026-05-11 13:12:12
24,62,0,Dim,260,1112,High,Normal,2026-05-11 13:13:12
33,75,0,Dark,2669,855,Medium,Warning,2026-05-11 13:14:12
42,85,1,Dark,2036,122,Medium,Danger,2026-05-11 13:15:12
43,58,1,Dark,1066,800,High,Warning,2026-05-11 13:16:12
25,90,0,Dark,2114,508,Medium,Warning,2026-05-11 13:17:12
35,48,0,Dark,2347,1112,Low,Warning,2026-05-11 13:18:12
44,73,1,Dark,544,1162,Medium,Warning,2026-05-11 13:19:12
39,42,0,Bright,1220,377,Low,Warning,2026-05-11 13:20:12
32,45,1,Dark,2054,2588,Low,Danger,2026-05-11 13:21:12
44,50,0,Dark,2731,3191,Medium,Danger,2026-05-11 13:22:12
27,87,0,Bright,2042,2635,High,Danger,2026-05-11 13:23:12
23,56,1,Dim,1048,1107,Low,Normal,2026-05-11 13:24:12
38,40,0,Dim,2420,3230,Low,Danger,2026-05-11 13:25:12
20,94,0,Dark,1907,2879,Low,Danger,2026-05-11 13:26:12
39,60,1,Dark,1753,101,Medium,Warning,2026-05-11 13:27:12
28,37,1,Bright,374,215,Medium,Normal,2026-05-11 13:28:12
26,35,0,Dim,668,3034,High,Warning,2026-05-11 13:29:12
36,41,0,Dark,2110,2255,Medium,Warning,2026-05-11 13:30:12
28,47,0,Dim,167,1951,Medium,Normal,2026-05-11 13:31:12
37,49,1,Dim,2365,324,Medium,Warning,2026-05-11 13:32:12
40,41,1,Dark,1588,1972,Low,Danger,2026-05-11 13:33:12
33,40,1,Dim,2551,317,Medium,Warning,2026-05-11 13:34:12
23,82,1,Dark,1800,1015,Low,Warning,2026-05-11 13:35:12
28,33,1,Dark,1072,782,Low,Warning,2026-05-11 13:36:12
44,48,1,Bright,666,1930,High,Warning,2026-05-11 13:37:12
27,90,1,Dim,2623,1239,Low,Warning,2026-05-11 13:38:12
23,66,0,Bright,3063,937,Low,Warning,2026-05-11 13:39:12
35,73,0,Dark,3328,1849,High,Danger,2026-05-11 13:40:12
29,73,0,Dark,1644,1859,High,Warning,2026-05-11 13:41:12
22,62,0,Bright,2222,789,Medium,Warning,2026-05-11 13:42:12
41,48,1,Bright,3246,1029,Low,Warning,2026-05-11 13:43:12
44,39,0,Dim,3176,3479,High,Danger,2026-05-11 13:44:12
42,41,0,Dim,2370,2258,Medium,Warning,2026-05-11 13:45:12
24,72,1,Dark,2675,690,Low,Warning,2026-05-11 13:46:12
26,78,0,Dark,914,954,Medium,Warning,2026-05-11 13:47:12
31,46,1,Dim,2843,2889,Low,Warning,2026-05-11 13:48:12
39,67,0,Dim,270,2434,High,Warning,2026-05-11 13:49:12
38,54,1,Dark,1144,2050,Medium,Warning,2026-05-11 13:50:12
43,73,0,Dim,3424,2087,Medium,Danger,2026-05-11 13:51:12
36,88,0,Dim,540,3269,High,Warning,2026-05-11 13:52:12
43,46,0,Dim,746,2042,High,Warning,2026-05-11 13:53:12
31,41,1,Dark,2802,543,High,Warning,2026-05-11 13:54:12
42,76,1,Dark,2887,3380,Medium,Danger,2026-05-11 13:55:12
23,83,0,Dim,2978,2485,High,Warning,2026-05-11 13:56:12
39,83,1,Dark,2511,1608,High,Danger,2026-05-11 13:57:12
22,91,0,Dim,511,2615,High,Warning,2026-05-11 13:58:12
38,32,0,Dark,473,2554,High,Warning,2026-05-11 13:59:12
34,60,0,Bright,1879,1409,High,Warning,2026-05-11 14:00:12
43,30,1,Bright,190,2783,High,Warning,2026-05-11 14:01:12
28,86,1,Bright,2513,1831,Medium,Danger,2026-05-11 14:02:12
30,53,0,Dim,1030,468,Medium,Normal,2026-05-11 14:03:12
28,53,0,Dark,1746,2168,Low,Warning,2026-05-11 14:04:12
30,45,0,Bright,3387,587,Low,Normal,2026-05-11 14:05:12
28,35,0,Bright,1627,909,Medium,Normal,2026-05-11 14:06:12
21,73,1,Dim,2887,3303,Medium,Danger,2026-05-11 14:07:12
43,94,0,Dim,1409,741,Low,Warning,2026-05-11 14:08:12
22,94,1,Bright,1332,1379,Low,Warning,2026-05-11 14:09:12
21,66,0,Dim,2503,2910,Medium,Warning,2026-05-11 14:10:12
43,52,0,Bright,2050,2105,Medium,Warning,2026-05-11 14:11:12
32,65,1,Dark,2016,3145,High,Danger,2026-05-11 14:12:12
38,50,1,Dark,2155,738,High,Danger,2026-05-11 14:13:12
33,51,0,Dark,776,149,High,Warning,2026-05-11 14:14:12
26,63,0,Dark,1107,2719,Low,Warning,2026-05-11 14:15:12
37,53,0,Bright,588,293,Medium,Normal,2026-05-11 14:16:12
23,36,0,Dark,1385,1590,Medium,Warning,2026-05-11 14:17:12
21,63,1,Dim,1195,2769,Low,Warning,2026-05-11 14:18:12
35,53,1,Bright,3163,420,Medium,Warning,2026-05-11 14:19:12
24,82,1,Dim,2787,1986,Low,Warning,2026-05-11 14:20:12
39,34,0,Dark,2529,1315,High,Danger,2026-05-11 14:21:12
41,46,1,Dim,3427,1046,Medium,Warning,2026-05-11 14:22:12
34,86,0,Bright,1863,1972,Medium,Warning,2026-05-11 14:23:12
28,44,0,Dim,1360,2986,High,Warning,2026-05-11 14:24:12
39,47,0,Dim,2321,308,Medium,Warning,2026-05-11 14:25:12
35,73,0,Dim,1767,2821,High,Danger,2026-05-11 14:26:12
43,33,1,Dim,923,733,High,Warning,2026-05-11 14:27:12
21,60,1,Dim,682,422,High,Normal,2026-05-11 14:28:12
39,64,1,Bright,2342,2587,High,Danger,2026-05-11 14:29:12
42,85,1,Bright,1746,2001,Low,Danger,2026-05-11 14:30:12
32,43,1,Dark,3178,536,Low,Warning,2026-05-11 14:31:12
33,84,1,Dark,693,3155,Low,Warning,2026-05-11 14:32:12
40,82,1,Dim,576,197,High,Warning,2026-05-11 14:33:12
40,90,1,Dim,1521,1979,Low,Danger,2026-05-11 14:34:12
32,93,1,Dim,730,961,Low,Warning,2026-05-11 14:35:12
41,84,0,Dark,1786,2427,High,Danger,2026-05-11 14:36:12
43,63,1,Bright,1614,1270,High,Warning,2026-05-11 14:37:12
23,86,1,Dark,2416,499,High,Danger,2026-05-11 14:38:12
39,70,0,Bright,586,701,Medium,Warning,2026-05-11 14:39:12
28,35,0,Dark,1539,1808,Medium,Warning,2026-05-11 14:40:12
32,58,0,Bright,3454,2875,High,Warning,2026-05-11 14:41:12
28,57,0,Bright,1795,1607,Medium,Warning,2026-05-11 14:42:12
36,89,1,Dark,1690,2892,Low,Danger,2026-05-11 14:43:12
36,44,1,Dark,2893,1895,Low,Danger,2026-05-11 14:44:12
31,77,1,Dark,2711,2164,High,Danger,2026-05-11 14:45:12
29,94,0,Bright,852,589,High,Warning,2026-05-11 14:46:12
31,55,0,Bright,2116,3258,High,Warning,2026-05-11 14:47:12
30,79,1,Bright,1777,2536,High,Danger,2026-05-11 14:48:12
27,51,0,Dark,1162,1511,High,Warning,2026-05-11 14:49:12
20,88,1,Dim,2634,2618,Medium,Danger,2026-05-11 14:50:12
27,58,1,Bright,3053,1492,High,Warning,2026-05-11 14:51:12
36,34,1,Bright,3269,1461,High,Warning,2026-05-11 14:52:12
23,63,1,Bright,1904,108,Medium,Normal,2026-05-11 14:53:12
29,94,1,Dark,1622,529,High,Warning,2026-05-11 14:54:12
24,82,1,Bright,2341,3358,Low,Danger,2026-05-11 14:55:12
36,86,1,Dim,2263,3073,Medium,Danger,2026-05-11 14:56:12
36,89,0,Dark,1699,2126,High,Danger,2026-05-11 14:57:12
28,90,0,Dark,1494,511,Medium,Warning,2026-05-11 14:58:12
20,69,0,Dim,2488,3480,High,Warning,2026-05-11 14:59:12
25,80,0,Bright,2930,2836,High,Danger,2026-05-11 15:00:12
38,83,0,Dim,1198,3027,Medium,Warning,2026-05-11 15:01:12
31,55,0,Dim,2669,2904,Medium,Warning,2026-05-11 15:02:12
43,36,0,Dark,2258,1220,Medium,Warning,2026-05-11 15:03:12
28,51,0,Bright,2526,3229,Low,Warning,2026-05-11 15:04:12
37,72,1,Dark,1693,3143,Low,Danger,2026-05-11 15:05:12
44,83,1,Dim,2900,3135,Low,Danger,2026-05-11 15:06:12
39,83,1,Dark,456,414,High,Warning,2026-05-11 15:07:12
32,35,1,Dark,3261,1441,Medium,Warning,2026-05-11 15:08:12
41,87,1,Dim,557,2714,High,Danger,2026-05-11 15:09:12
36,49,1,Dark,682,1840,Medium,Warning,2026-05-11 15:10:12
28,30,1,Dark,927,3227,Medium,Warning,2026-05-11 15:11:12
34,30,0,Bright,310,2762,High,Warning,2026-05-11 15:12:12
41,46,1,Dark,1930,3127,Low,Danger,2026-05-11 15:13:12
39,82,0,Dark,1672,1326,High,Danger,2026-05-11 15:14:12
21,34,0,Bright,1094,2736,Medium,Warning,2026-05-11 15:15:12
33,33,1,Bright,3213,2141,Low,Warning,2026-05-11 15:16:12
44,31,0,Bright,3070,515,Medium,Warning,2026-05-11 15:17:12
44,62,1,Bright,532,1531,Low,Warning,2026-05-11 15:18:12
38,54,1,Bright,1336,3174,High,Danger,2026-05-11 15:19:12
38,57,1,Dark,1402,905,Low,Warning,2026-05-11 15:20:12
23,54,0,Dim,710,1272,High,Normal,2026-05-11 15:21:12
32,42,0,Dark,2922,1940,High,Warning,2026-05-11 15:22:12
44,61,1,Bright,787,746,High,Warning,2026-05-11 15:23:12
41,45,0,Dim,1850,1815,Low,Warning,2026-05-11 15:24:12
23,55,0,Dark,2848,1304,Low,Warning,2026-05-11 15:25:12
44,91,1,Bright,1051,2998,Low,Danger,2026-05-11 15:26:12
31,49,1,Dark,2149,2771,Medium,Danger,2026-05-11 15:27:12
21,95,0,Dim,1295,2187,Medium,Warning,2026-05-11 15:28:12
21,53,1,Dark,2815,500,High,Warning,2026-05-11 15:29:12
32,52,0,Dark,789,899,Medium,Normal,2026-05-11 15:30:12
38,72,0,Dark,419,259,Medium,Warning,2026-05-11 15:31:12
33,59,0,Bright,3209,1620,Medium,Warning,2026-05-11 15:32:12
37,38,1,Dim,3412,2253,Medium,Warning,2026-05-11 15:33:12
20,37,0,Bright,685,2303,Low,Normal,2026-05-11 15:34:12
41,37,0,Dim,2280,2438,High,Danger,2026-05-11 15:35:12
30,64,0,Dark,1994,535,High,Warning,2026-05-11 15:36:12
36,44,1,Dark,3322,659,Low,Warning,2026-05-11 15:37:12
21,76,0,Dim,951,1711,High,Warning,2026-05-11 15:38:12
22,62,0,Dark,1950,2315,High,Warning,2026-05-11 15:39:12
36,33,1,Bright,1853,2608,High,Danger,2026-05-11 15:40:12
37,87,0,Dark,1087,1161,Low,Warning,2026-05-11 15:41:12
24,84,0,Dim,407,2219,High,Warning,2026-05-11 15:42:12
22,86,1,Dark,2577,602,High,Danger,2026-05-11 15:43:12
24,47,0,Dark,886,2929,Medium,Warning,2026-05-11 15:44:12
44,61,1,Bright,2927,1486,Low,Warning,2026-05-11 15:45:12
34,68,0,Dim,2838,3198,High,Danger,2026-05-11 15:46:12
35,47,0,Dark,2338,2769,Medium,Danger,2026-05-11 15:47:12
28,93,0,Dim,412,2388,Medium,Warning,2026-05-11 15:48:12
36,77,0,Dim,3281,2993,Medium,Danger,2026-05-11 15:49:12
45,30,0,Bright,812,3157,Low,Warning,2026-05-11 15:50:12
45,65,0,Dark,1957,2522,High,Danger,2026-05-11 15:51:12
24,68,0,Dark,2642,868,Medium,Warning,2026-05-11 15:52:12
21,61,1,Dark,1638,2042,Low,Warning,2026-05-11 15:53:12
27,52,1,Dark,2963,3018,High,Danger,2026-05-11 15:54:12
24,73,0,Dark,2522,2224,Medium,Warning,2026-05-11 15:55:12
23,81,0,Dim,970,1201,Medium,Normal,2026-05-11 15:56:12
32,56,1,Dark,1794,2765,Low,Warning,2026-05-11 15:57:12
20,83,1,Bright,2688,1416,Medium,Warning,2026-05-11 15:58:12
20,95,1,Dim,1164,305,Medium,Warning,2026-05-11 15:59:12
27,35,1,Dark,390,340,Low,Normal,2026-05-11 16:00:12
24,71,0,Dark,1589,2435,High,Warning,2026-05-11 16:01:12
30,72,1,Dark,831,2576,Medium,Warning,2026-05-11 16:02:12
36,60,0,Dark,1013,1920,Medium,Warning,2026-05-11 16:03:12
29,74,0,Bright,1970,2695,High,Warning,2026-05-11 16:04:12
31,67,0,Dim,2514,3040,Medium,Warning,2026-05-11 16:05:12
45,48,0,Dark,2844,844,Medium,Warning,2026-05-11 16:06:12
23,40,0,Dark,670,1620,High,Warning,2026-05-11 16:07:12
27,65,0,Dim,157,980,High,Normal,2026-05-11 16:08:12
37,92,0,Dim,2289,1255,Low,Warning,2026-05-11 16:09:12
39,52,0,Bright,1590,1013,Low,Warning,2026-05-11 16:10:12
37,54,0,Bright,2223,2597,Low,Warning,2026-05-11 16:11:12
20,61,0,Bright,132,613,Low,Normal,2026-05-11 16:12:12
23,83,1,Dim,952,3341,High,Warning,2026-05-11 16:13:12
38,64,1,Bright,2256,3153,High,Danger,2026-05-11 16:14:12
43,69,0,Dark,3407,1878,Low,Danger,2026-05-11 16:15:12
35,48,1,Dark,750,2521,High,Danger,2026-05-11 16:16:12
41,93,0,Dim,1382,394,Low,Warning,2026-05-11 16:17:12
31,52,0,Dark,3212,2299,High,Warning,2026-05-11 16:18:12
34,41,0,Bright,3325,916,Medium,Warning,2026-05-11 16:19:12
40,89,0,Bright,1688,1825,High,Danger,2026-05-11 16:20:12
30,51,0,Bright,2963,882,High,Warning,2026-05-11 16:21:12
26,37,1,Dim,3050,3399,Low,Warning,2026-05-11 16:22:12
39,88,1,Dim,143,3399,High,Danger,2026-05-11 16:23:12
22,77,0,Dark,995,267,Medium,Normal,2026-05-11 16:24:12
20,48,1,Dark,3232,2029,High,Danger,2026-05-11 16:25:12
33,89,0,Bright,2195,2896,High,Danger,2026-05-11 16:26:12
28,90,0,Bright,2622,2317,High,Danger,2026-05-11 16:27:12
33,74,0,Bright,673,2656,Medium,Warning,2026-05-11 16:28:12
43,39,0,Bright,1079,3480,High,Warning,2026-05-11 16:29:12
22,49,1,Dim,2271,1683,High,Warning,2026-05-11 16:30:12
39,53,1,Bright,1815,749,Low,Warning,2026-05-11 16:31:12
43,34,0,Bright,1717,3275,High,Danger,2026-05-11 16:32:12
26,37,1,Bright,1350,1011,High,Warning,2026-05-11 16:33:12
27,39,1,Dim,1559,2078,Low,Warning,2026-05-11 16:34:12
22,69,1,Dim,1218,1539,High,Warning,2026-05-11 16:35:12
20,44,0,Bright,124,2914,High,Warning,2026-05-11 16:36:12
35,72,1,Dark,848,904,High,Warning,2026-05-11 16:37:12
33,82,0,Dim,417,2297,Low,Warning,2026-05-11 16:38:12
30,70,1,Dim,356,2890,Medium,Warning,2026-05-11 16:39:12
40,63,1,Bright,525,1205,Low,Warning,2026-05-11 16:40:12
40,60,0,Dim,1197,1547,High,Warning,2026-05-11 16:41:12
40,34,1,Bright,1771,365,Medium,Warning,2026-05-11 16:42:12
37,81,1,Dim,1241,1074,Medium,Warning,2026-05-11 16:43:12
37,69,0,Dim,3190,276,Low,Warning,2026-05-11 16:44:12
22,59,1,Dark,902,3086,Low,Warning,2026-05-11 16:45:12
37,39,0,Bright,850,1100,Medium,Normal,2026-05-11 16:46:12
39,50,0,Dark,1811,379,Low,Warning,2026-05-11 16:47:12
42,93,1,Bright,701,1864,Low,Danger,2026-05-11 16:48:12
34,84,0,Dim,2441,2289,Low,Warning,2026-05-11 16:49:12
21,42,0,Bright,2675,2128,Low,Warning,2026-05-11 16:50:12
33,46,1,Bright,377,190,Medium,Normal,2026-05-11 16:51:12
38,75,0,Dark,2751,2574,Low,Danger,2026-05-11 16:52:12
27,72,0,Bright,1906,2697,Low,Warning,2026-05-11 16:53:12
33,30,1,Dim,1750,2010,Low,Warning,2026-05-11 16:54:12
45,34,1,Bright,2355,1886,Medium,Danger,2026-05-11 16:55:12
23,55,0,Dark,341,2177,Low,Normal,2026-05-11 16:56:12
29,49,0,Dim,3355,2866,High,Warning,2026-05-11 16:57:12
28,63,1,Dim,3261,2765,Low,Warning,2026-05-11 16:58:12
23,90,0,Bright,1276,2705,Medium,Warning,2026-05-11 16:59:12
26,69,1,Dim,1766,990,Low,Warning,2026-05-11 17:00:12
22,58,0,Bright,2644,2607,Medium,Warning,2026-05-11 17:01:12
39,80,0,Dim,2650,1482,Medium,Warning,2026-05-11 17:02:12
31,33,0,Bright,2100,811,High,Warning,2026-05-11 17:03:12
28,39,1,Dim,2283,844,Low,Warning,2026-05-11 17:04:12
34,61,1,Dark,548,3247,Low,Warning,2026-05-11 17:05:12
36,75,0,Bright,950,3368,Low,Warning,2026-05-11 17:06:12
20,53,1,Dark,845,461,Medium,Normal,2026-05-11 17:07:12
44,59,1,Bright,3365,2103,High,Danger,2026-05-11 17:08:12
24,94,0,Dark,1375,829,High,Warning,2026-05-11 17:09:12
36,43,0,Dark,2480,3367,Medium,Danger,2026-05-11 17:10:12
23,50,0,Bright,1498,554,Medium,Normal,2026-05-11 17:11:12
33,40,0,Dark,2552,929,Low,Warning,2026-05-11 17:12:12
27,47,1,Dim,1252,1414,High,Warning,2026-05-11 17:13:12
45,62,1,Dark,581,934,High,Warning,2026-05-11 17:14:12
41,84,1,Dark,1745,1184,Low,Danger,2026-05-11 17:15:12
33,78,0,Dim,459,170,Low,Normal,2026-05-11 17:16:12
40,85,0,Dim,1226,108,Medium,Warning,2026-05-11 17:17:12
42,34,0,Bright,1549,1683,Low,Warning,2026-05-11 17:18:12
30,85,0,Bright,1444,1262,Low,Warning,2026-05-11 17:19:12
37,86,0,Bright,2368,3098,Medium,Danger,2026-05-11 17:20:12
22,78,1,Dark,3395,1819,Medium,Danger,2026-05-11 17:21:12
39,58,1,Dark,2369,935,Medium,Danger,2026-05-11 17:22:12
23,82,0,Dark,933,2399,Medium,Warning,2026-05-11 17:23:12
42,83,0,Bright,3320,2302,Low,Danger,2026-05-11 17:24:12
36,65,1,Dim,770,2535,Medium,Warning,2026-05-11 17:25:12
24,33,1,Bright,3457,2188,Medium,Warning,2026-05-11 17:26:12
28,93,1,Bright,3146,890,High,Danger,2026-05-11 17:27:12
43,65,1,Dim,468,2539,Low,Warning,2026-05-11 17:28:12
26,88,0,Dark,2249,238,Low,Warning,2026-05-11 17:29:12
28,49,1,Bright,150,2318,Low,Normal,2026-05-11 17:30:12
45,72,0,Dark,707,1435,Medium,Warning,2026-05-11 17:31:12
44,66,0,Dark,2843,3243,Medium,Danger,2026-05-11 17:32:12
41,93,0,Dim,1173,1097,Low,Warning,2026-05-11 17:33:12
42,82,0,Bright,3122,706,Low,Warning,2026-05-11 17:34:12
22,85,1,Dark,2735,716,High,Danger,2026-05-11 17:35:12
38,58,0,Dim,2215,1791,High,Danger,2026-05-11 17:36:12
32,78,1,Dim,1712,1605,Medium,Warning,2026-05-11 17:37:12
20,64,1,Bright,2690,1047,Low,Warning,2026-05-11 17:38:12
41,77,0,Dim,932,2896,Low,Warning,2026-05-11 17:39:12
25,58,0,Dim,1234,2618,High,Warning,2026-05-11 17:40:12
44,48,0,Bright,2887,1638,High,Danger,2026-05-11 17:41:12
24,72,1,Dark,3491,182,Low,Warning,2026-05-11 17:42:12
36,76,1,Bright,3078,667,High,Warning,2026-05-11 17:43:12
25,83,1,Dim,1709,601,High,Warning,2026-05-11 17:44:12
39,68,1,Dark,3472,2729,High,Danger,2026-05-11 17:45:12
26,37,0,Dim,3007,1500,Low,Warning,2026-05-11 17:46:12
38,70,1,Dark,3116,1002,Low,Danger,2026-05-11 17:47:12
36,63,0,Dim,2300,2132,Medium,Warning,2026-05-11 17:48:12
24,46,1,Dark,988,2012,Low,Warning,2026-05-11 17:49:12
44,61,0,Dim,1879,829,High,Warning,2026-05-11 17:50:12
35,84,0,Bright,3267,598,Low,Warning,2026-05-11 17:51:12
26,44,0,Dark,1902,1203,Low,Warning,2026-05-11 17:52:12
20,75,1,Dim,3054,249,High,Warning,2026-05-11 17:53:12
28,31,0,Bright,3479,703,Low,Warning,2026-05-11 17:54:12
23,73,1,Dark,3292,1362,Low,Warning,2026-05-11 17:55:12
31,39,1,Bright,327,2307,Medium,Normal,2026-05-11 17:56:12
34,83,0,Bright,2110,1880,Medium,Warning,2026-05-11 17:57:12
34,48,1,Dark,2576,2852,Low,Danger,2026-05-11 17:58:12
39,46,0,Bright,592,1704,High,Warning,2026-05-11 17:59:12
26,44,1,Bright,2946,3290,Low,Warning,2026-05-11 18:00:12
23,75,1,Dim,913,3238,Medium,Warning,2026-05-11 18:01:12
42,56,1,Bright,1622,2076,High,Danger,2026-05-11 18:02:12
28,89,0,Dark,1871,1453,High,Warning,2026-05-11 18:03:12
40,81,1,Bright,667,744,High,Warning,2026-05-11 18:04:12
43,40,0,Dim,202,1434,High,Warning,2026-05-11 18:05:12
26,86,1,Bright,1722,1054,Medium,Warning,2026-05-11 18:06:12
29,39,0,Dark,2741,2825,Medium,Warning,2026-05-11 18:07:12
38,45,0,Dark,924,2507,Low,Warning,2026-05-11 18:08:12
38,88,0,Dark,471,323,Medium,Warning,2026-05-11 18:09:12
36,30,0,Bright,2483,2707,Medium,Warning,2026-05-11 18:10:12
26,60,0,Bright,762,1116,Low,Normal,2026-05-11 18:11:12
43,58,1,Dark,1689,1673,High,Danger,2026-05-11 18:12:12
42,53,0,Dim,467,3264,Medium,Warning,2026-05-11 18:13:12
42,36,1,Bright,2123,1020,Medium,Warning,2026-05-11 18:14:12
36,38,0,Dim,2180,2344,Low,Warning,2026-05-11 18:15:12
32,55,1,Dim,3429,1981,Low,Warning,2026-05-11 18:16:12
23,77,1,Bright,1875,496,High,Warning,2026-05-11 18:17:12
27,67,0,Dark,2148,1992,Medium,Warning,2026-05-11 18:18:12
24,69,1,Dim,1439,2230,Medium,Warning,2026-05-11 18:19:12
28,45,1,Dim,3247,1687,Medium,Warning,2026-05-11 18:20:12
24,89,0,Bright,1570,891,Medium,Warning,2026-05-11 18:21:12
20,59,1,Bright,3193,247,Low,Warning,2026-05-11 18:22:12
32,40,0,Dark,1060,564,Medium,Normal,2026-05-11 18:23:12
36,71,0,Dark,761,578,High,Warning,2026-05-11 18:24:12
29,81,1,Dark,3199,168,Low,Warning,2026-05-11 18:25:12
22,38,1,Bright,738,827,Medium,Normal,2026-05-11 18:26:12
25,82,1,Dim,1779,2320,High,Warning,2026-05-11 18:27:12
44,81,0,Dim,2687,483,Medium,Warning,2026-05-11 18:28:12
30,52,0,Bright,923,3287,Low,Warning,2026-05-11 18:29:12
42,48,1,Bright,3338,1044,Medium,Warning,2026-05-11 18:30:12
42,35,0,Dim,2965,2951,Low,Danger,2026-05-11 18:31:12
32,85,0,Bright,3091,681,Medium,Warning,2026-05-11 18:32:12
26,69,1,Bright,1425,3044,Low,Warning,2026-05-11 18:33:12
25,36,0,Dark,1988,3468,Low,Warning,2026-05-11 18:34:12
36,46,1,Bright,1550,2486,Medium,Warning,2026-05-11 18:35:12
22,59,0,Bright,1266,2101,Medium,Warning,2026-05-11 18:36:12
26,67,1,Dark,1073,2838,Low,Warning,2026-05-11 18:37:12
25,94,0,Dim,1502,1723,High,Warning,2026-05-11 18:38:12
31,46,0,Dim,3472,1511,Low,Warning,2026-05-11 18:39:12
26,78,0,Dim,2495,458,Medium,Warning,2026-05-11 18:40:12
27,86,0,Dim,2229,1638,Low,Warning,2026-05-11 18:41:12
39,61,1,Dark,1971,2132,Low,Danger,2026-05-11 18:42:12
22,53,0,Bright,629,3387,Low,Normal,2026-05-11 18:43:12
31,84,1,Dim,1402,265,Medium,Warning,2026-05-11 18:44:12
27,30,1,Bright,167,222,High,Normal,2026-05-11 18:45:12
20,82,1,Dim,514,3368,Medium,Warning,2026-05-11 18:46:12
24,54,0,Bright,3123,507,Medium,Normal,2026-05-11 18:47:12
30,70,0,Dim,3282,610,Low,Warning,2026-05-11 18:48:12
32,80,0,Dim,706,486,Low,Normal,2026-05-11 18:49:12
30,65,1,Bright,1818,2802,High,Warning,2026-05-11 18:50:12
29,55,1,Bright,1525,3097,High,Warning,2026-05-11 18:51:12
41,49,1,Dim,3380,3085,Medium,Danger,2026-05-11 18:52:12
38,66,0,Dark,460,2086,High,Warning,2026-05-11 18:53:12
25,43,1,Bright,2002,1725,Low,Warning,2026-05-11 18:54:12
27,37,1,Bright,2142,2255,Low,Warning,2026-05-11 18:55:12
29,69,0,Bright,1678,1654,Low,Warning,2026-05-11 18:56:12
23,86,1,Dark,2588,930,Medium,Danger,2026-05-11 18:57:12
35,61,0,Bright,1973,279,High,Warning,2026-05-11 18:58:12
30,93,1,Dim,965,2399,High,Warning,2026-05-11 18:59:12
42,93,0,Bright,1902,2829,Low,Danger,2026-05-11 19:00:12
38,86,1,Dark,1778,2826,Medium,Danger,2026-05-11 19:01:12
21,92,0,Dim,2764,3431,Medium,Danger,2026-05-11 19:02:12
41,40,1,Dark,1466,3320,High,Danger,2026-05-11 19:03:12
33,61,0,Dark,752,1410,Medium,Warning,2026-05-11 19:04:12
21,61,1,Bright,3483,156,Medium,Warning,2026-05-11 19:05:12
36,42,0,Dark,2625,2825,Low,Danger,2026-05-11 19:06:12
45,44,0,Dark,2013,563,High,Warning,2026-05-11 19:07:12
25,45,1,Dim,1741,3039,High,Warning,2026-05-11 19:08:12
28,80,0,Dim,3344,2288,High,Warning,2026-05-11 19:09:12
40,39,0,Dim,987,2747,High,Warning,2026-05-11 19:10:12
40,85,0,Dim,1897,130,Medium,Warning,2026-05-11 19:11:12
44,30,1,Bright,2174,2872,Medium,Danger,2026-05-11 19:12:12
41,32,0,Dark,944,385,Medium,Warning,2026-05-11 19:13:12
20,52,0,Bright,1677,2322,Low,Warning,2026-05-11 19:14:12
35,64,0,Dim,2765,2658,Medium,Warning,2026-05-11 19:15:12
33,36,1,Dim,625,453,Low,Normal,2026-05-11 19:16:12
34,79,0,Bright,2848,3318,High,Danger,2026-05-11 19:17:12
26,60,1,Dim,2190,2624,Medium,Warning,2026-05-11 19:18:12
42,60,1,Bright,1990,2320,Low,Warning,2026-05-11 19:19:12
45,88,0,Dark,2811,1485,Low,Danger,2026-05-11 19:20:12
23,48,0,Dim,3270,2674,Low,Warning,2026-05-11 19:21:12
40,44,1,Bright,583,2944,Medium,Warning,2026-05-11 19:22:12
33,46,1,Dark,427,679,Low,Normal,2026-05-11 19:23:12
37,87,0,Dark,3497,1867,Low,Danger,2026-05-11 19:24:12
37,44,0,Dim,2109,3314,High,Danger,2026-05-11 19:25:12
44,31,0,Dim,1921,694,Low,Warning,2026-05-11 19:26:12
21,39,0,Dark,2229,289,Low,Warning,2026-05-11 19:27:12
39,84,0,Dim,750,1499,Low,Warning,2026-05-11 19:28:12
28,45,0,Dim,2114,1656,Low,Warning,2026-05-11 19:29:12
44,62,1,Bright,2423,2287,Medium,Danger,2026-05-11 19:30:12
20,58,0,Dark,2976,2396,Medium,Warning,2026-05-11 19:31:12
28,79,0,Dark,1873,1774,Medium,Warning,2026-05-11 19:32:12
26,84,1,Dark,1042,718,Medium,Warning,2026-05-11 19:33:12
20,63,0,Dim,2141,1081,Low,Warning,2026-05-11 19:34:12
24,46,1,Bright,1028,1212,High,Warning,2026-05-11 19:35:12
24,85,0,Bright,3068,2400,High,Danger,2026-05-11 19:36:12
44,86,0,Bright,1924,2113,Medium,Danger,2026-05-11 19:37:12
44,75,0,Dark,3409,2088,Low,Danger,2026-05-11 19:38:12
43,84,1,Dark,1942,739,High,Danger,2026-05-11 19:39:12
38,81,1,Bright,1027,1260,Medium,Warning,2026-05-11 19:40:12
29,83,1,Dim,1371,2445,Low,Warning,2026-05-11 19:41:12
32,32,1,Dark,1894,852,High,Warning,2026-05-11 19:42:12
32,44,1,Dark,2092,2484,Medium,Warning,2026-05-11 19:43:12
25,91,1,Bright,2402,3144,High,Danger,2026-05-11 19:44:12
38,48,0,Dark,2245,1867,Medium,Danger,2026-05-11 19:45:12
22,94,1,Dark,405,3356,Low,Warning,2026-05-11 19:46:12
32,76,1,Dim,958,2973,High,Warning,2026-05-11 19:47:12
25,38,1,Dark,1818,406,Low,Warning,2026-05-11 19:48:12
32,53,0,Dim,182,2057,Medium,Normal,2026-05-11 19:49:12
37,60,1,Dark,839,2495,Medium,Warning,2026-05-11 19:50:12
38,73,1,Dark,3199,3480,Low,Danger,2026-05-11 19:51:12
29,84,0,Dark,3048,2183,Medium,Warning,2026-05-11 19:52:12
40,50,1,Dim,1073,1410,Low,Warning,2026-05-11 19:53:12
42,75,0,Dark,1699,2058,High,Danger,2026-05-11 19:54:12
20,72,0,Dark,2793,849,Low,Warning,2026-05-11 19:55:12
25,46,0,Dim,1921,1334,Low,Normal,2026-05-11 19:56:12
38,85,1,Bright,762,1467,Low,Warning,2026-05-11 19:57:12
21,41,1,Dark,2234,2406,High,Danger,2026-05-11 19:58:12
35,48,1,Bright,1041,1122,Low,Warning,2026-05-11 19:59:12
29,41,1,Dark,925,1016,Medium,Warning,2026-05-11 20:00:12
24,59,1,Dim,2054,2880,Low,Warning,2026-05-11 20:01:12
26,71,0,Dim,1044,1533,High,Warning,2026-05-11 20:02:12
22,90,0,Dim,424,1999,High,Warning,2026-05-11 20:03:12
37,45,1,Bright,1732,1158,Medium,Warning,2026-05-11 20:04:12
41,57,1,Dim,1029,1577,Low,Warning,2026-05-11 20:05:12
31,84,0,Dim,2352,2392,High,Warning,2026-05-11 20:06:12
41,35,1,Dim,1858,621,Medium,Warning,2026-05-11 20:07:12
40,38,1,Dark,646,1606,High,Warning,2026-05-11 20:08:12
28,41,1,Dim,2155,490,Low,Warning,2026-05-11 20:09:12
24,45,0,Dark,2387,2891,High,Danger,2026-05-11 20:10:12
29,62,1,Dark,1095,509,Low,Normal,2026-05-11 20:11:12
26,94,0,Dim,1315,2307,Low,Warning,2026-05-11 20:12:12
26,39,0,Dark,930,2453,High,Warning,2026-05-11 20:13:12
35,71,0,Bright,2739,2246,Low,Warning,2026-05-11 20:14:12
25,31,1,Dim,1736,2440,High,Warning,2026-05-11 20:15:12
32,95,1,Bright,1592,1870,High,Danger,2026-05-11 20:16:12
29,42,0,Bright,3304,1695,Medium,Warning,2026-05-11 20:17:12
27,69,0,Dark,451,256,Medium,Normal,2026-05-11 20:18:12
35,45,1,Bright,2703,3330,Low,Danger,2026-05-11 20:19:12
32,65,1,Dark,1342,1039,Medium,Warning,2026-05-11 20:20:12
33,63,0,Bright,1386,3479,Low,Warning,2026-05-11 20:21:12
21,59,0,Bright,2002,2282,High,Warning,2026-05-11 20:22:12
23,35,0,Bright,1659,2488,Medium,Warning,2026-05-11 20:23:12
40,77,1,Dim,160,1957,Low,Warning,2026-05-11 20:24:12
39,80,1,Dim,1306,3223,High,Danger,2026-05-11 20:25:12
43,66,1,Bright,3081,487,Medium,Warning,2026-05-11 20:26:12
33,47,0,Dark,3194,392,High,Warning,2026-05-11 20:27:12
43,45,1,Bright,3244,2852,Medium,Danger,2026-05-11 20:28:12
20,43,0,Dim,2247,2482,Low,Warning,2026-05-11 20:29:12
37,45,1,Bright,3179,1517,Medium,Warning,2026-05-11 20:30:12
31,57,1,Bright,2187,2503,High,Danger,2026-05-11 20:31:12
37,52,1,Dark,3339,3149,Low,Danger,2026-05-11 20:32:12
31,59,0,Dark,889,1482,Medium,Normal,2026-05-11 20:33:12
40,44,1,Dim,3121,1362,Medium,Warning,2026-05-11 20:34:12
42,61,1,Dark,1589,3409,Low,Danger,2026-05-11 20:35:12
41,48,0,Bright,2676,2221,High,Danger,2026-05-11 20:36:12
33,47,0,Dark,2218,414,Medium,Warning,2026-05-11 20:37:12
44,57,0,Dark,2138,1393,Low,Warning,2026-05-11 20:38:12
40,89,1,Dark,474,3081,Medium,Danger,2026-05-11 20:39:12
39,38,1,Dim,814,998,Medium,Warning,2026-05-11 20:40:12
20,49,1,Dark,382,2990,Low,Warning,2026-05-11 20:41:12
20,64,1,Dark,465,233,Low,Normal,2026-05-11 20:42:12
37,78,1,Dark,1119,3147,Medium,Danger,2026-05-11 20:43:12
28,84,0,Bright,141,3105,Low,Warning,2026-05-11 20:44:12
20,84,0,Dark,2751,2537,High,Danger,2026-05-11 20:45:12
30,74,1,Bright,1112,2602,High,Warning,2026-05-11 20:46:12
29,40,1,Dark,2713,1683,Medium,Warning,2026-05-11 20:47:12
35,57,0,Dark,276,2462,Medium,Warning,2026-05-11 20:48:12
38,71,1,Dim,611,2213,Medium,Warning,2026-05-11 20:49:12
21,35,1,Dark,992,2079,High,Warning,2026-05-11 20:50:12
32,62,0,Bright,2362,2695,High,Warning,2026-05-11 20:51:12
45,69,1,Dark,2671,3190,Medium,Danger,2026-05-11 20:52:12
27,83,0,Dim,1143,3397,Low,Warning,2026-05-11 20:53:12
37,78,1,Dim,982,2740,High,Danger,2026-05-11 20:54:12
26,61,0,Dim,1952,1728,Medium,Warning,2026-05-11 20:55:12
41,43,1,Dark,895,2810,High,Danger,2026-05-11 20:56:12
28,58,0,Dark,3345,348,Low,Warning,2026-05-11 20:57:12
37,35,1,Bright,473,834,Low,Normal,2026-05-11 20:58:12
36,68,0,Bright,784,319,High,Normal,2026-05-11 20:59:12
26,47,0,Bright,2685,1400,High,Warning,2026-05-11 21:00:12
38,95,0,Dark,259,3119,Low,Danger,2026-05-11 21:01:12
39,69,1,Bright,274,143,High,Warning,2026-05-11 21:02:12
34,41,0,Bright,785,3289,High,Warning,2026-05-11 21:03:12
27,86,0,Bright,1202,997,High,Warning,2026-05-11 21:04:12
37,95,1,Dark,2141,2935,Low,Danger,2026-05-11 21:05:12
38,42,0,Bright,2161,2519,High,Danger,2026-05-11 21:06:12
24,53,0,Dim,158,3180,High,Warning,2026-05-11 21:07:12
33,50,1,Dim,2749,2086,Low,Warning,2026-05-11 21:08:12
21,34,0,Dark,138,999,Medium,Normal,2026-05-11 21:09:12
22,66,0,Dim,1969,808,High,Warning,2026-05-11 21:10:12
33,36,0,Dim,1773,1531,Low,Warning,2026-05-11 21:11:12
43,46,1,Dark,3081,3480,Medium,Danger,2026-05-11 21:12:12
22,75,1,Bright,956,2183,High,Warning,2026-05-11 21:13:12
27,47,0,Bright,2627,2094,Medium,Warning,2026-05-11 21:14:12
35,40,0,Dim,2978,854,High,Warning,2026-05-11 21:15:12
35,84,1,Bright,2380,2297,Medium,Danger,2026-05-11 21:16:12
25,93,0,Bright,2106,3495,High,Danger,2026-05-11 21:17:12
40,50,1,Dim,738,2852,High,Danger,2026-05-11 21:18:12
24,83,0,Dim,2344,529,Medium,Warning,2026-05-11 21:19:12
37,39,0,Dark,308,2977,Low,Warning,2026-05-11 21:20:12
34,46,1,Dim,3472,3320,Medium,Danger,2026-05-11 21:21:12
43,73,0,Dark,1639,2479,High,Danger,2026-05-11 21:22:12
25,57,0,Dim,2499,1361,Medium,Warning,2026-05-11 21:23:12
30,54,0,Dark,1079,1157,High,Warning,2026-05-11 21:24:12
36,37,1,Dark,752,3193,High,Danger,2026-05-11 21:25:12
44,87,0,Dark,2093,556,Medium,Danger,2026-05-11 21:26:12
23,71,0,Bright,654,3144,Low,Warning,2026-05-11 21:27:12
45,83,0,Dim,2977,1081,High,Danger,2026-05-11 21:28:12
33,46,0,Bright,612,1705,High,Warning,2026-05-11 21:29:12
42,38,0,Dim,1623,2487,Low,Warning,2026-05-11 21:30:12
24,75,0,Bright,2846,2561,Medium,Warning,2026-05-11 21:31:12
33,82,1,Dim,1462,3140,Medium,Danger,2026-05-11 21:32:12
40,32,0,Dim,2600,2961,High,Danger,2026-05-11 21:33:12
43,57,1,Dim,673,3461,High,Warning,2026-05-11 21:34:12
24,65,1,Dim,804,2305,Low,Warning,2026-05-11 21:35:12
35,61,1,Bright,2332,982,Low,Warning,2026-05-11 21:36:12
35,32,0,Dim,2798,1025,High,Warning,2026-05-11 21:37:12
25,36,1,Dim,2133,1917,Low,Warning,2026-05-11 21:38:12
22,54,0,Bright,1448,530,Low,Normal,2026-05-11 21:39:12
37,76,1,Dim,3025,3424,Low,Danger,2026-05-11 21:40:12
41,65,0,Dim,306,1529,Medium,Warning,2026-05-11 21:41:12
39,34,1,Bright,1226,644,High,Warning,2026-05-11 21:42:12
21,90,1,Bright,2591,1785,Low,Danger,2026-05-11 21:43:12
42,92,1,Dim,2498,1166,Medium,Danger,2026-05-11 21:44:12
34,69,0,Dim,2671,406,Medium,Warning,2026-05-11 21:45:12
38,44,1,Dark,2100,1656,High,Danger,2026-05-11 21:46:12
42,48,1,Dark,984,3448,Low,Danger,2026-05-11 21:47:12
43,65,1,Bright,1539,3342,Low,Danger,2026-05-11 21:48:12
29,74,1,Dim,1567,389,High,Warning,2026-05-11 21:49:12
36,36,0,Dim,1093,1903,Low,Warning,2026-05-11 21:50:12
29,79,0,Bright,2507,153,Low,Warning,2026-05-11 21:51:12
21,65,0,Bright,565,1674,High,Normal,2026-05-11 21:52:12
21,84,0,Dark,3014,625,Low,Warning,2026-05-11 21:53:12
26,65,1,Bright,1182,992,High,Warning,2026-05-11 21:54:12
33,91,1,Dim,2408,1470,Low,Danger,2026-05-11 21:55:12
24,63,1,Dim,287,1056,High,Normal,2026-05-11 21:56:12
24,78,1,Dim,2122,901,Medium,Warning,2026-05-11 21:57:12
25,46,0,Dark,3266,348,Medium,Warning,2026-05-11 21:58:12
37,69,0,Dim,427,1622,Medium,Normal,2026-05-11 21:59:12
31,49,0,Dark,3336,2706,Low,Warning,2026-05-11 22:00:12
28,60,1,Dim,1572,1334,High,Warning,2026-05-11 22:01:12
43,73,0,Dim,3045,2196,Medium,Danger,2026-05-11 22:02:12
22,79,1,Dark,2655,583,High,Warning,2026-05-11 22:03:12
39,60,0,Dark,1011,2690,High,Danger,2026-05-11 22:04:12
42,79,1,Dark,3273,1887,High,Danger,2026-05-11 22:05:12
33,41,0,Bright,1757,2504,Low,Warning,2026-05-11 22:06:12
39,59,1,Dark,1913,696,Medium,Warning,2026-05-11 22:07:12
24,59,0,Bright,2449,3396,High,Warning,2026-05-11 22:08:12
31,33,0,Dark,656,3226,Low,Warning,2026-05-11 22:09:12
29,95,0,Bright,789,1137,Medium,Warning,2026-05-11 22:10:12
45,59,1,Dim,1091,1748,High,Warning,2026-05-11 22:11:12
23,43,1,Dark,1969,3162,High,Danger,2026-05-11 22:12:12
28,64,0,Bright,2958,2213,Medium,Warning,2026-05-11 22:13:12
30,55,0,Bright,2265,1014,High,Warning,2026-05-11 22:14:12
34,92,1,Bright,1062,2153,Low,Warning,2026-05-11 22:15:12
34,89,1,Dim,580,3033,High,Danger,2026-05-11 22:16:12
27,91,0,Dim,2355,808,High,Warning,2026-05-11 22:17:12
42,54,0,Dim,3380,119,Medium,Warning,2026-05-11 22:18:12
42,32,1,Bright,1712,3286,High,Danger,2026-05-11 22:19:12
33,90,1,Dark,2870,2792,Medium,Danger,2026-05-11 22:20:12
41,91,1,Dim,2551,1714,Medium,Danger,2026-05-11 22:21:12
25,78,1,Dark,1951,3096,Medium,Danger,2026-05-11 22:22:12
32,68,0,Dark,2824,3447,Low,Warning,2026-05-11 22:23:12
33,49,1,Bright,454,1255,High,Warning,2026-05-11 22:24:12
23,64,1,Dark,1072,557,Medium,Normal,2026-05-11 22:25:12
41,66,0,Bright,1934,1898,Low,Warning,2026-05-11 22:26:12
27,39,0,Dim,2741,1863,High,Warning,2026-05-11 22:27:12
22,70,0,Dim,3266,3075,Low,Warning,2026-05-11 22:28:12
29,84,0,Dim,654,2749,Medium,Warning,2026-05-11 22:29:12
40,56,1,Bright,158,1212,Low,Warning,2026-05-11 22:30:12
44,49,1,Dim,2837,777,Low,Warning,2026-05-11 22:31:12
38,53,0,Bright,1472,2305,Low,Warning,2026-05-11 22:32:12
45,54,1,Dark,2521,875,High,Danger,2026-05-11 22:33:12
35,80,0,Bright,3340,2599,Medium,Danger,2026-05-11 22:34:12
45,83,0,Bright,2929,533,High,Warning,2026-05-11 22:35:12
40,70,0,Dark,384,1952,Low,Warning,2026-05-11 22:36:12
36,63,0,Dark,1877,839,Medium,Warning,2026-05-11 22:37:12
29,63,1,Dark,1291,1054,Low,Warning,2026-05-11 22:38:12
40,57,1,Dark,125,2077,High,Warning,2026-05-11 22:39:12
40,81,1,Dark,1175,1121,High,Danger,2026-05-11 22:40:12
43,46,1,Dim,3481,2223,Low,Danger,2026-05-11 22:41:12
35,34,1,Bright,2734,1229,Low,Warning,2026-05-11 22:42:12
24,32,1,Dim,3001,2632,Medium,Warning,2026-05-11 22:43:12
32,51,1,Bright,645,3443,Low,Warning,2026-05-11 22:44:12
41,32,1,Dark,2462,600,Low,Warning,2026-05-11 22:45:12
44,56,1,Bright,3325,586,High,Warning,2026-05-11 22:46:12
32,39,1,Dim,2125,1066,Low,Warning,2026-05-11 22:47:12
22,35,1,Dark,1448,1288,Low,Warning,2026-05-11 22:48:12
29,46,1,Dark,1623,512,Medium,Warning,2026-05-11 22:49:12
39,48,0,Dim,2554,358,High,Warning,2026-05-11 22:50:12
22,83,1,Dark,534,1351,Low,Warning,2026-05-11 22:51:12
40,41,0,Dim,190,764,High,Warning,2026-05-11 22:52:12
42,30,0,Bright,513,3257,High,Warning,2026-05-11 22:53:12
22,82,0,Dim,396,3243,High,Warning,2026-05-11 22:54:12
22,82,0,Dim,1952,2711,High,Warning,2026-05-11 22:55:12
29,84,1,Dim,3149,2091,Low,Warning,2026-05-11 22:56:12
42,84,1,Dark,2455,813,Medium,Danger,2026-05-11 22:57:12
29,32,0,Bright,2592,2917,High,Warning,2026-05-11 22:58:12
27,69,1,Dark,1108,2397,Medium,Warning,2026-05-11 22:59:12
32,87,1,Dim,607,586,High,Warning,2026-05-11 23:00:12
40,50,1,Dim,3493,2425,High,Danger,2026-05-11 23:01:12
33,32,0,Bright,463,1403,Low,Normal,2026-05-11 23:02:12
24,56,1,Dark,2701,265,Low,Warning,2026-05-11 23:03:12
30,47,1,Bright,3000,568,High,Warning,2026-05-11 23:04:12
42,93,1,Bright,1246,1912,Medium,Danger,2026-05-11 23:05:12
45,38,0,Dark,3295,1224,Medium,Warning,2026-05-11 23:06:12
42,84,1,Dim,2362,2805,High,Danger,2026-05-11 23:07:12
43,53,0,Bright,278,211,High,Normal,2026-05-11 23:08:12
45,33,1,Dark,1395,3454,High,Danger,2026-05-11 23:09:12
22,75,0,Bright,1522,140,Medium,Normal,2026-05-11 23:10:12
33,30,1,Dim,1594,437,Medium,Warning,2026-05-11 23:11:12
43,64,1,Bright,1131,2212,High,Warning,2026-05-11 23:12:12
38,66,0,Dark,1803,941,High,Warning,2026-05-11 23:13:12
37,30,0,Dark,1716,1464,High,Warning,2026-05-11 23:14:12
38,74,1,Dim,3111,441,Low,Warning,2026-05-11 23:15:12
21,52,1,Dark,1893,1475,High,Warning,2026-05-11 23:16:12
26,57,0,Bright,530,3475,Medium,Normal,2026-05-11 23:17:12
20,64,1,Dim,2215,545,Medium,Warning,2026-05-11 23:18:12
23,89,0,Dark,878,3473,High,Danger,2026-05-11 23:19:12
20,38,0,Dark,2912,2490,Medium,Warning,2026-05-11 23:20:12
26,51,0,Dim,2797,878,High,Warning,2026-05-11 23:21:12
21,64,1,Dim,359,2371,High,Warning,2026-05-11 23:22:12
21,57,0,Dim,3275,1127,High,Warning,2026-05-11 23:23:12
28,44,1,Dim,245,2757,Low,Warning,2026-05-11 23:24:12
20,80,1,Dim,207,2569,Medium,Warning,2026-05-11 23:25:12
23,73,0,Dark,2596,2083,High,Danger,2026-05-11 23:26:12
42,37,1,Bright,2648,437,Medium,Warning,2026-05-11 23:27:12
42,48,0,Bright,2098,1898,Medium,Warning,2026-05-11 23:28:12
20,60,1,Bright,3229,3488,Medium,Warning,2026-05-11 23:29:12
40,62,0,Dim,2027,163,Low,Warning,2026-05-11 23:30:12
35,89,1,Dark,278,3155,Low,Danger,2026-05-11 23:31:12
38,40,0,Dim,871,1027,High,Warning,2026-05-11 23:32:12
39,37,1,Bright,813,1675,Low,Warning,2026-05-11 23:33:12
29,81,1,Bright,1497,752,Low,Warning,2026-05-11 23:34:12
36,42,0,Bright,1682,1780,High,Warning,2026-05-11 23:35:12
21,73,1,Dim,941,2014,High,Warning,2026-05-11 23:36:12
40,41,1,Dark,1990,2671,High,Danger,2026-05-11 23:37:12
33,30,1,Dim,1697,3048,High,Danger,2026-05-11 23:38:12
39,74,0,Dim,657,563,High,Warning,2026-05-11 23:39:12
40,88,0,Dim,1411,1759,Low,Danger,2026-05-11 23:40:12
39,82,0,Bright,1748,1194,High,Warning,2026-05-11 23:41:12
45,88,1,Dark,3444,1159,High,Danger,2026-05-11 23:42:12
41,81,0,Dark,2894,2143,Low,Danger,2026-05-11 23:43:12
28,70,1,Dim,1974,663,Low,Warning,2026-05-11 23:44:12
24,82,0,Dark,979,696,Low,Normal,2026-05-11 23:45:12
27,41,0,Dark,2731,1983,Medium,Warning,2026-05-11 23:46:12
31,59,0,Bright,3369,2687,High,Warning,2026-05-11 23:47:12
23,90,0,Bright,3076,2619,Low,Danger,2026-05-11 23:48:12
22,87,0,Dim,848,889,Low,Warning,2026-05-11 23:49:12
29,84,1,Dim,3411,3002,Low,Danger,2026-05-11 23:50:12
44,39,0,Bright,3385,2217,Low,Warning,2026-05-11 23:51:12
23,90,0,Bright,3193,1433,High,Warning,2026-05-11 23:52:12
40,93,0,Dim,376,636,Medium,Warning,2026-05-11 23:53:12
32,47,1,Dark,465,1242,Medium,Normal,2026-05-11 23:54:12
26,87,0,Dark,704,1144,Medium,Warning,2026-05-11 23:55:12
20,74,0,Dark,180,2595,High,Warning,2026-05-11 23:56:12
21,31,1,Dim,2245,3148,High,Danger,2026-05-11 23:57:12
35,31,1,Bright,238,2041,High,Warning,2026-05-11 23:58:12
44,94,1,Bright,398,3317,Low,Danger,2026-05-11 23:59:12
33,69,1,Dark,1271,2548,High,Danger,2026-05-12 00:00:12
27,71,1,Dark,655,1990,High,Warning,2026-05-12 00:01:12
26,61,1,Dim,613,3172,High,Warning,2026-05-12 00:02:12
40,48,0,Dark,2354,373,Medium,Warning,2026-05-12 00:03:12
38,55,0,Bright,3405,3120,High,Danger,2026-05-12 00:04:12
21,82,0,Bright,2520,2769,Medium,Warning,2026-05-12 00:05:12
35,35,1,Bright,2796,2921,Medium,Danger,2026-05-12 00:06:12
44,36,1,Bright,815,225,Medium,Warning,2026-05-12 00:07:12
39,44,1,Bright,2602,3199,High,Danger,2026-05-12 00:08:12
36,44,0,Dim,1481,3430,Medium,Warning,2026-05-12 00:09:12
39,60,1,Bright,1562,3128,Medium,Danger,2026-05-12 00:10:12
40,73,0,Dark,504,2174,High,Warning,2026-05-12 00:11:12
43,91,0,Bright,1845,1253,High,Danger,2026-05-12 00:12:12
42,36,1,Dark,883,2246,High,Danger,2026-05-12 00:13:12
31,90,0,Dim,3360,3436,Low,Danger,2026-05-12 00:14:12
31,71,1,Bright,3209,169,Low,Warning,2026-05-12 00:15:12
27,63,1,Dim,865,1022,Low,Normal,2026-05-12 00:16:12
44,50,0,Bright,2010,2597,High,Danger,2026-05-12 00:17:12
37,67,1,Dark,3296,3138,Low,Danger,2026-05-12 00:18:12
28,78,1,Bright,708,3061,High,Warning,2026-05-12 00:19:12
40,91,0,Dark,273,805,Low,Warning,2026-05-12 00:20:12
39,92,0,Bright,2218,2104,Low,Danger,2026-05-12 00:21:12
44,36,1,Dark,1933,409,High,Warning,2026-05-12 00:22:12
28,90,0,Dim,608,162,Medium,Normal,2026-05-12 00:23:12
24,51,0,Dim,3190,1533,Medium,Warning,2026-05-12 00:24:12
32,85,1,Bright,941,1674,High,Warning,2026-05-12 00:25:12
28,46,1,Dark,2153,1576,Low,Warning,2026-05-12 00:26:12
23,79,1,Bright,2203,419,High,Warning,2026-05-12 00:27:12
35,93,1,Dim,585,277,Low,Warning,2026-05-12 00:28:12
42,50,0,Bright,2182,2126,Low,Warning,2026-05-12 00:29:12
28,37,1,Dim,656,3381,Low,Warning,2026-05-12 00:30:12
41,94,1,Bright,1225,1043,Medium,Danger,2026-05-12 00:31:12
36,51,1,Dark,3015,1092,Medium,Warning,2026-05-12 00:32:12
21,80,0,Dim,2676,973,Low,Warning,2026-05-12 00:33:12
20,36,0,Bright,2056,2712,Medium,Warning,2026-05-12 00:34:12
31,75,1,Dark,1487,776,Low,Warning,2026-05-12 00:35:12
21,64,0,Bright,2318,1610,Medium,Warning,2026-05-12 00:36:12
36,37,0,Dark,1714,2403,High,Warning,2026-05-12 00:37:12
34,60,0,Dark,1054,2603,High,Warning,2026-05-12 00:38:12
36,53,0,Bright,3031,1598,High,Warning,2026-05-12 00:39:12
27,95,0,Bright,350,3105,High,Warning,2026-05-12 00:40:12
37,38,1,Dark,1152,335,High,Warning,2026-05-12 00:41:12
43,42,0,Dark,2859,1568,Medium,Danger,2026-05-12 00:42:12
21,74,0,Bright,2287,2740,Low,Warning,2026-05-12 00:43:12
33,57,1,Bright,2145,865,Low,Warning,2026-05-12 00:44:12
27,62,0,Dark,1692,922,Medium,Warning,2026-05-12 00:45:12
26,71,1,Bright,829,2199,Medium,Warning,2026-05-12 00:46:12
35,48,1,Bright,1074,319,Medium,Normal,2026-05-12 00:47:12
43,71,1,Dark,2129,1556,Low,Danger,2026-05-12 00:48:12
37,67,1,Dim,1147,1855,Low,Warning,2026-05-12 00:49:12
34,51,1,Dark,1195,3380,High,Danger,2026-05-12 00:50:12
37,39,1,Dim,1459,899,Low,Warning,2026-05-12 00:51:12
34,40,0,Dark,350,3351,Low,Warning,2026-05-12 00:52:12
39,56,0,Dim,886,836,Low,Warning,2026-05-12 00:53:12
30,70,0,Bright,2636,447,High,Warning,2026-05-12 00:54:12
32,51,0,Dark,169,198,Low,Normal,2026-05-12 00:55:12
45,87,0,Bright,982,1416,Medium,Warning,2026-05-12 00:56:12
34,86,1,Dim,825,1969,Low,Warning,2026-05-12 00:57:12
30,88,1,Dim,3016,1308,High,Danger,2026-05-12 00:58:12
25,37,0,Dim,762,1139,High,Normal,2026-05-12 00:59:12
34,55,0,Dark,2974,2498,Medium,Warning,2026-05-12 01:00:12
21,36,1,Dark,2107,961,Medium,Warning,2026-05-12 01:01:12
28,45,1,Dark,2861,552,High,Warning,2026-05-12 01:02:12
30,89,1,Dim,3410,138,Medium,Warning,2026-05-12 01:03:12
39,91,0,Dark,3185,914,Medium,Danger,2026-05-12 01:04:12
21,56,1,Bright,1898,256,Medium,Normal,2026-05-12 01:05:12
37,36,0,Bright,427,1679,Low,Normal,2026-05-12 01:06:12
42,76,0,Dark,1502,3110,Medium,Danger,2026-05-12 01:07:12
41,39,1,Bright,2133,2436,Low,Danger,2026-05-12 01:08:12
42,63,1,Bright,1295,1583,Low,Warning,2026-05-12 01:09:12
31,58,1,Dim,2939,438,Medium,Warning,2026-05-12 01:10:12
32,34,0,Dark,2895,181,Medium,Warning,2026-05-12 01:11:12
44,31,0,Dark,3027,2848,Medium,Danger,2026-05-12 01:12:12
45,45,1,Bright,3177,2385,Medium,Danger,2026-05-12 01:13:12
41,69,0,Dim,254,3128,High,Warning,2026-05-12 01:14:12
21,80,1,Dark,3152,1875,Low,Danger,2026-05-12 01:15:12
30,78,0,Bright,2050,1479,Medium,Warning,2026-05-12 01:16:12
44,46,1,Dark,1353,3320,Medium,Danger,2026-05-12 01:17:12
42,79,0,Bright,2011,384,Medium,Warning,2026-05-12 01:18:12
25,63,1,Bright,2137,651,Medium,Warning,2026-05-12 01:19:12
28,57,0,Dark,3445,3256,High,Danger,2026-05-12 01:20:12
40,41,0,Dim,168,3031,Medium,Warning,2026-05-12 01:21:12
36,35,0,Bright,1649,817,Medium,Warning,2026-05-12 01:22:12
26,91,0,Dark,969,2040,Low,Warning,2026-05-12 01:23:12
29,85,1,Dark,1531,1650,Low,Danger,2026-05-12 01:24:12
41,95,0,Bright,1455,2897,High,Danger,2026-05-12 01:25:12
26,61,0,Dim,1806,2014,High,Warning,2026-05-12 01:26:12
31,84,1,Dim,225,3086,Low,Warning,2026-05-12 01:27:12
35,92,1,Bright,3392,3109,Low,Danger,2026-05-12 01:28:12
34,73,1,Dark,1304,1808,Low,Danger,2026-05-12 01:29:12
42,88,1,Dim,2902,2376,High,Danger,2026-05-12 01:30:12
32,77,0,Dark,2687,1141,High,Warning,2026-05-12 01:31:12
32,38,0,Dark,393,2832,Medium,Warning,2026-05-12 01:32:12
42,79,1,Dark,3344,477,Low,Danger,2026-05-12 01:33:12
39,76,0,Dim,1983,2800,Medium,Danger,2026-05-12 01:34:12
38,78,1,Bright,2856,550,Medium,Warning,2026-05-12 01:35:12
43,51,1,Dim,1236,951,Medium,Warning,2026-05-12 01:36:12
33,53,0,Dim,1036,2623,High,Warning,2026-05-12 01:37:12
43,80,1,Dark,2470,2434,Low,Danger,2026-05-12 01:38:12
26,72,1,Dim,1164,987,Medium,Warning,2026-05-12 01:39:12
39,37,1,Dark,1012,207,Low,Warning,2026-05-12 01:40:12
34,52,0,Dim,747,1404,Low,Normal,2026-05-12 01:41:12
39,95,0,Bright,2358,793,High,Danger,2026-05-12 01:42:12
42,74,0,Dark,1522,1134,High,Danger,2026-05-12 01:43:12
33,47,1,Dark,2182,496,High,Warning,2026-05-12 01:44:12
26,79,0,Dark,848,926,High,Warning,2026-05-12 01:45:12
38,58,1,Bright,700,992,High,Warning,2026-05-12 01:46:12
21,91,1,Dark,1645,500,Medium,Warning,2026-05-12 01:47:12
30,87,1,Bright,752,1920,Medium,Warning,2026-05-12 01:48:12
42,93,1,Dim,2496,1475,Medium,Danger,2026-05-12 01:49:12
22,65,1,Dark,835,1275,Low,Warning,2026-05-12 01:50:12
27,41,1,Dim,1796,2193,High,Warning,2026-05-12 01:51:12
36,54,0,Bright,1175,1038,Low,Normal,2026-05-12 01:52:12
31,39,0,Bright,1046,1518,Low,Normal,2026-05-12 01:53:12
37,78,0,Dark,1489,3142,Medium,Danger,2026-05-12 01:54:12
26,50,1,Dark,804,472,High,Warning,2026-05-12 01:55:12
34,39,1,Dim,2753,2300,High,Danger,2026-05-12 01:56:12
28,64,1,Dark,835,1135,Medium,Warning,2026-05-12 01:57:12
34,87,0,Dark,250,2533,Medium,Warning,2026-05-12 01:58:12
20,55,1,Dark,122,214,High,Normal,2026-05-12 01:59:12
43,84,0,Dim,2084,2663,High,Danger,2026-05-12 02:00:12
21,60,1,Dark,3204,2013,Medium,Warning,2026-05-12 02:01:12
39,46,0,Dim,1417,1288,High,Warning,2026-05-12 02:02:12
26,85,1,Dark,1796,924,High,Danger,2026-05-12 02:03:12
38,76,1,Dim,1719,1699,Low,Danger,2026-05-12 02:04:12
38,30,0,Dim,3092,2431,High,Danger,2026-05-12 02:05:12
20,33,1,Bright,123,1412,Medium,Normal,2026-05-12 02:06:12
35,87,0,Dim,1236,638,High,Warning,2026-05-12 02:07:12
35,86,1,Dim,352,889,Medium,Warning,2026-05-12 02:08:12
28,73,0,Dim,1793,2924,Low,Warning,2026-05-12 02:09:12
32,81,1,Dim,2459,2938,Medium,Danger,2026-05-12 02:10:12
21,63,1,Dim,629,2734,Medium,Warning,2026-05-12 02:11:12
28,37,1,Bright,2515,2017,Low,Warning,2026-05-12 02:12:12
22,36,0,Dark,1486,1448,Medium,Warning,2026-05-12 02:13:12
38,48,0,Bright,669,2881,Medium,Warning,2026-05-12 02:14:12
40,56,1,Dark,1582,2246,High,Danger,2026-05-12 02:15:12
22,59,1,Dark,1482,1073,Medium,Warning,2026-05-12 02:16:12
29,80,0,Bright,2214,488,Medium,Warning,2026-05-12 02:17:12
41,47,0,Dark,2677,2131,High,Danger,2026-05-12 02:18:12
34,50,0,Bright,2174,2910,Medium,Warning,2026-05-12 02:19:12
34,51,1,Dark,960,1641,Low,Warning,2026-05-12 02:20:12
35,69,1,Dark,2718,2957,Low,Danger,2026-05-12 02:21:12
34,30,1,Bright,2142,2972,Low,Danger,2026-05-12 02:22:12
26,39,1,Bright,762,685,High,Normal,2026-05-12 02:23:12
42,80,1,Dark,3166,2517,Medium,Danger,2026-05-12 02:24:12
35,55,0,Dim,2483,2749,Low,Warning,2026-05-12 02:25:12
20,45,0,Dark,170,245,Low,Normal,2026-05-12 02:26:12
32,33,1,Dark,878,3151,Medium,Warning,2026-05-12 02:27:12
27,32,1,Dim,1613,3185,High,Warning,2026-05-12 02:28:12
43,40,1,Bright,3008,3059,Low,Danger,2026-05-12 02:29:12
31,74,0,Bright,1447,601,Medium,Normal,2026-05-12 02:30:12
29,34,0,Dim,363,2047,High,Normal,2026-05-12 02:31:12
25,48,1,Dim,1196,1403,Low,Normal,2026-05-12 02:32:12
41,73,0,Dim,1255,843,High,Warning,2026-05-12 02:33:12
40,88,0,Bright,2930,2277,High,Danger,2026-05-12 02:34:12
26,88,1,Dim,1692,354,High,Warning,2026-05-12 02:35:12
24,51,0,Dim,2611,2721,Medium,Warning,2026-05-12 02:36:12
21,33,0,Dark,1182,222,Low,Normal,2026-05-12 02:37:12
29,55,0,Dim,365,136,Medium,Normal,2026-05-12 02:38:12
25,57,1,Dim,1885,3277,Low,Warning,2026-05-12 02:39:12
34,39,0,Dim,2592,1992,Low,Warning,2026-05-12 02:40:12
36,59,1,Dim,1671,1799,High,Warning,2026-05-12 02:41:12
20,67,0,Dim,109,2315,High,Normal,2026-05-12 02:42:12
27,32,1,Dark,2324,701,Medium,Warning,2026-05-12 02:43:12
42,52,0,Dim,2505,215,High,Warning,2026-05-12 02:44:12
22,59,1,Bright,1258,1934,High,Warning,2026-05-12 02:45:12
25,45,0,Bright,1909,2600,Medium,Warning,2026-05-12 02:46:12
22,79,1,Bright,3037,2824,Low,Danger,2026-05-12 02:47:12
33,79,0,Dark,2119,2788,Medium,Danger,2026-05-12 02:48:12
34,48,1,Bright,2929,2352,Medium,Warning,2026-05-12 02:49:12
33,46,0,Bright,1027,1245,Low,Normal,2026-05-12 02:50:12
40,78,1,Bright,1854,1589,High,Danger,2026-05-12 02:51:12
31,58,0,Dark,3168,837,Medium,Warning,2026-05-12 02:52:12
28,93,1,Dim,1765,2122,High,Danger,2026-05-12 02:53:12
26,61,0,Bright,2235,1063,Low,Warning,2026-05-12 02:54:12
36,79,0,Bright,2859,3275,Medium,Danger,2026-05-12 02:55:12
21,66,1,Dim,1794,1795,Low,Warning,2026-05-12 02:56:12
33,92,1,Bright,2413,3308,Medium,Danger,2026-05-12 02:57:12
29,32,1,Dark,2397,2663,Low,Danger,2026-05-12 02:58:12
40,83,1,Dark,2697,3202,Low,Danger,2026-05-12 02:59:12
29,43,0,Bright,228,2923,Low,Normal,2026-05-12 03:00:12
30,89,1,Bright,1901,1916,Low,Warning,2026-05-12 03:01:12
25,90,0,Dark,1692,301,Medium,Warning,2026-05-12 03:02:12
20,87,0,Dim,1699,1422,High,Warning,2026-05-12 03:03:12
21,61,1,Dim,899,1689,Low,Warning,2026-05-12 03:04:12
36,47,1,Dim,1312,2356,Medium,Warning,2026-05-12 03:05:12
31,69,0,Dark,3158,3021,High,Danger,2026-05-12 03:06:12
21,39,0,Dark,1500,1746,Low,Warning,2026-05-12 03:07:12
44,72,1,Bright,745,2035,Medium,Warning,2026-05-12 03:08:12
20,48,1,Dim,2840,2391,Medium,Warning,2026-05-12 03:09:12
36,75,0,Dark,915,751,Low,Warning,2026-05-12 03:10:12
36,79,1,Dim,2179,3442,Medium,Danger,2026-05-12 03:11:12
28,77,1,Dim,3286,538,Medium,Warning,2026-05-12 03:12:12
45,91,0,Dim,1106,3034,Medium,Danger,2026-05-12 03:13:12
30,41,1,Dark,2840,141,Medium,Warning,2026-05-12 03:14:12
33,72,0,Dim,780,2637,High,Warning,2026-05-12 03:15:12
39,65,0,Dark,3112,1583,High,Danger,2026-05-12 03:16:12
26,83,0,Dim,3304,2525,Medium,Warning,2026-05-12 03:17:12
40,60,1,Bright,3410,449,Low,Warning,2026-05-12 03:18:12
24,85,1,Dim,2521,372,High,Warning,2026-05-12 03:19:12
34,49,1,Dark,2080,2695,Medium,Danger,2026-05-12 03:20:12
20,50,0,Dark,3302,1747,Low,Warning,2026-05-12 03:21:12
36,71,1,Dark,1428,2713,Medium,Danger,2026-05-12 03:22:12
25,73,0,Dark,1179,2429,High,Warning,2026-05-12 03:23:12
38,69,0,Bright,449,266,Medium,Normal,2026-05-12 03:24:12
31,57,0,Dark,2187,161,Medium,Warning,2026-05-12 03:25:12
30,77,1,Bright,2786,2417,Medium,Warning,2026-05-12 03:26:12
21,64,0,Bright,3134,1060,Medium,Warning,2026-05-12 03:27:12
26,59,0,Dim,586,698,Low,Normal,2026-05-12 03:28:12
45,58,0,Bright,2371,2344,Low,Warning,2026-05-12 03:29:12
26,35,0,Dim,2832,1261,Medium,Warning,2026-05-12 03:30:12
39,45,0,Bright,285,600,Low,Normal,2026-05-12 03:31:12
40,61,1,Dark,330,3062,Medium,Warning,2026-05-12 03:32:12
28,63,1,Dim,2085,1282,High,Warning,2026-05-12 03:33:12
24,34,0,Dark,577,1608,Low,Normal,2026-05-12 03:34:12
23,77,0,Dim,3377,1389,High,Warning,2026-05-12 03:35:12
30,92,0,Bright,1890,2496,Medium,Warning,2026-05-12 03:36:12
38,37,1,Bright,638,1670,High,Warning,2026-05-12 03:37:12
39,56,1,Bright,3427,1640,Low,Danger,2026-05-12 03:38:12
35,56,0,Dim,2735,2297,High,Warning,2026-05-12 03:39:12
45,59,0,Bright,704,2814,Low,Warning,2026-05-12 03:40:12
44,69,0,Dim,433,851,High,Warning,2026-05-12 03:41:12
20,51,1,Bright,2846,1962,Low,Warning,2026-05-12 03:42:12
26,89,0,Dim,838,2397,Medium,Warning,2026-05-12 03:43:12
34,72,1,Dim,559,1653,Medium,Warning,2026-05-12 03:44:12
41,68,1,Bright,3337,1686,Medium,Danger,2026-05-12 03:45:12
24,67,0,Dark,352,2637,Medium,Warning,2026-05-12 03:46:12
24,55,0,Dark,1468,1080,High,Warning,2026-05-12 03:47:12
20,57,1,Dark,2063,3281,High,Danger,2026-05-12 03:48:12
28,90,0,Dark,974,1630,Low,Warning,2026-05-12 03:49:12
40,60,0,Dim,2698,1140,Medium,Warning,2026-05-12 03:50:12
31,91,0,Bright,1830,331,Medium,Warning,2026-05-12 03:51:12
45,54,0,Dark,574,2467,High,Warning,2026-05-12 03:52:12
45,40,1,Bright,3388,212,Low,Warning,2026-05-12 03:53:12
31,84,0,Dark,1300,899,Medium,Warning,2026-05-12 03:54:12
37,42,0,Dark,1362,2178,High,Warning,2026-05-12 03:55:12
37,93,0,Bright,124,2301,High,Warning,2026-05-12 03:56:12
24,52,0,Dim,1479,2545,Low,Warning,2026-05-12 03:57:12
25,94,1,Dark,2844,2613,Low,Danger,2026-05-12 03:58:12
28,36,1,Bright,2476,3328,Low,Warning,2026-05-12 03:59:12
22,43,0,Dark,2080,1048,High,Warning,2026-05-12 04:00:12
34,55,1,Bright,2522,2068,Medium,Warning,2026-05-12 04:01:12
32,89,0,Dark,2805,2596,High,Danger,2026-05-12 04:02:12
37,59,0,Dim,2072,2820,Low,Warning,2026-05-12 04:03:12
28,83,0,Dim,1446,2885,Low,Warning,2026-05-12 04:04:12
20,80,1,Dark,1367,2065,High,Danger,2026-05-12 04:05:12
43,65,1,Dark,2755,518,Medium,Warning,2026-05-12 04:06:12
29,89,1,Dim,1119,933,Medium,Warning,2026-05-12 04:07:12
21,51,1,Bright,1237,662,Medium,Normal,2026-05-12 04:08:12
27,74,0,Dim,3366,2406,Medium,Warning,2026-05-12 04:09:12
43,89,1,Dim,2008,551,High,Danger,2026-05-12 04:10:12
25,64,0,Dim,478,3076,High,Warning,2026-05-12 04:11:12
27,37,0,Dim,2818,1702,High,Warning,2026-05-12 04:12:12
45,35,0,Dim,2420,3164,High,Danger,2026-05-12 04:13:12
23,83,1,Dark,116,950,Low,Warning,2026-05-12 04:14:12
37,65,1,Dim,1895,884,Low,Warning,2026-05-12 04:15:12
36,35,1,Dark,1213,930,Low,Warning,2026-05-12 04:16:12
26,85,1,Dark,1970,2652,High,Danger,2026-05-12 04:17:12
35,40,0,Dark,3483,2584,High,Danger,2026-05-12 04:18:12
44,84,1,Bright,2979,2810,Low,Danger,2026-05-12 04:19:12
33,54,0,Dim,2461,1794,High,Warning,2026-05-12 04:20:12
20,54,0,Dim,3312,2552,Low,Warning,2026-05-12 04:21:12
24,80,0,Bright,2070,523,Medium,Warning,2026-05-12 04:22:12
22,86,1,Dim,1584,3058,High,Danger,2026-05-12 04:23:12
27,78,1,Dim,2019,526,Low,Warning,2026-05-12 04:24:12
31,73,0,Bright,2991,3267,Medium,Warning,2026-05-12 04:25:12
36,87,0,Bright,572,1923,High,Warning,2026-05-12 04:26:12
28,70,0,Dark,2277,1850,High,Danger,2026-05-12 04:27:12
42,49,0,Dim,2773,1754,High,Danger,2026-05-12 04:28:12
43,79,0,Dim,1421,2254,High,Danger,2026-05-12 04:29:12
26,72,1,Dark,3333,2762,Low,Danger,2026-05-12 04:30:12
24,87,1,Dim,3034,826,Medium,Warning,2026-05-12 04:31:12
22,41,0,Dark,2843,927,Medium,Warning,2026-05-12 04:32:12
30,42,1,Dim,575,3069,High,Warning,2026-05-12 04:33:12
33,56,0,Dim,2964,2822,Medium,Warning,2026-05-12 04:34:12
42,64,1,Dim,2143,271,Medium,Warning,2026-05-12 04:35:12
38,52,0,Bright,3077,969,High,Warning,2026-05-12 04:36:12
31,47,0,Bright,2472,2590,Low,Warning,2026-05-12 04:37:12
30,34,1,Bright,2917,3422,Low,Warning,2026-05-12 04:38:12
40,90,0,Bright,3158,2565,High,Danger,2026-05-12 04:39:12
30,56,0,Dark,497,3345,High,Warning,2026-05-12 04:40:12
31,33,1,Dim,1410,1723,Medium,Warning,2026-05-12 04:41:12
34,47,0,Dim,1012,1254,Medium,Normal,2026-05-12 04:42:12
35,86,1,Dim,963,533,Medium,Warning,2026-05-12 04:43:12
30,41,1,Dim,441,1978,High,Warning,2026-05-12 04:44:12
25,90,0,Dark,2888,1054,Low,Warning,2026-05-12 04:45:12
43,72,1,Dark,3200,1601,Medium,Danger,2026-05-12 04:46:12
26,57,1,Bright,3356,634,High,Warning,2026-05-12 04:47:12
35,90,0,Dark,1417,1027,Low,Warning,2026-05-12 04:48:12
28,80,1,Dark,1939,2598,Medium,Danger,2026-05-12 04:49:12
42,48,1,Dark,686,431,Medium,Warning,2026-05-12 04:50:12
34,77,0,Dark,689,2233,High,Warning,2026-05-12 04:51:12
42,67,1,Dark,1901,1003,High,Danger,2026-05-12 04:52:12
42,41,1,Dim,2023,1029,Low,Warning,2026-05-12 04:53:12
42,52,0,Bright,2580,2279,Low,Warning,2026-05-12 04:54:12
31,30,1,Dim,2895,3107,Low,Warning,2026-05-12 04:55:12
40,58,0,Bright,934,365,Medium,Normal,2026-05-12 04:56:12
20,74,1,Bright,1969,2044,High,Warning,2026-05-12 04:57:12
23,84,0,Dark,1766,906,High,Warning,2026-05-12 04:58:12
32,85,0,Dark,1438,2840,High,Danger,2026-05-12 04:59:12
38,86,0,Bright,1348,1779,Low,Danger,2026-05-12 05:00:12
28,90,0,Bright,2811,1247,High,Warning,2026-05-12 05:01:12
39,62,0,Bright,1618,3112,High,Danger,2026-05-12 05:02:12
37,56,1,Dim,2416,1613,High,Danger,2026-05-12 05:03:12
32,73,0,Dim,295,2507,Medium,Warning,2026-05-12 05:04:12
44,93,1,Dim,2262,902,Low,Danger,2026-05-12 05:05:12
39,90,0,Dark,3250,3258,High,Danger,2026-05-12 05:06:12
21,87,1,Bright,1486,2107,Low,Warning,2026-05-12 05:07:12
37,54,1,Dark,186,1239,High,Warning,2026-05-12 05:08:12
36,76,0,Dark,1993,1734,Medium,Warning,2026-05-12 05:09:12
24,81,1,Dim,3280,3253,Medium,Danger,2026-05-12 05:10:12
42,60,1,Dim,2850,3271,Medium,Danger,2026-05-12 05:11:12
35,72,0,Dark,1415,1245,High,Warning,2026-05-12 05:12:12
26,55,0,Dark,2834,1927,High,Warning,2026-05-12 05:13:12
45,69,0,Dark,370,3205,Medium,Warning,2026-05-12 05:14:12
27,53,1,Dim,3475,3240,High,Danger,2026-05-12 05:15:12
37,75,0,Dim,3454,3345,Low,Danger,2026-05-12 05:16:12
23,60,1,Dark,3000,2935,High,Danger,2026-05-12 05:17:12
28,93,0,Dark,841,2353,High,Warning,2026-05-12 05:18:12
24,36,1,Bright,2485,1994,High,Warning,2026-05-12 05:19:12
40,41,1,Dim,1616,121,Medium,Warning,2026-05-12 05:20:12
35,74,0,Dark,441,1476,High,Warning,2026-05-12 05:21:12
23,51,1,Dim,111,1059,Low,Normal,2026-05-12 05:22:12
28,35,1,Dark,693,1092,Medium,Normal,2026-05-12 05:23:12
21,47,1,Bright,2077,2232,High,Warning,2026-05-12 05:24:12
25,82,1,Dark,2895,918,Low,Warning,2026-05-12 05:25:12
34,85,1,Dark,183,536,High,Warning,2026-05-12 05:26:12
38,68,1,Dim,2727,3025,Medium,Danger,2026-05-12 05:27:12
39,36,1,Bright,3086,775,Medium,Warning,2026-05-12 05:28:12
37,92,0,Dark,2103,1881,Medium,Danger,2026-05-12 05:29:12
21,31,1,Bright,1275,2867,Medium,Warning,2026-05-12 05:30:12
43,54,1,Bright,2236,243,Medium,Warning,2026-05-12 05:31:12
32,52,1,Dim,2491,2202,Medium,Warning,2026-05-12 05:32:12
23,55,1,Dark,1618,2791,High,Danger,2026-05-12 05:33:12
31,58,0,Bright,774,2435,High,Warning,2026-05-12 05:34:12
37,54,0,Dim,2983,1299,Low,Warning,2026-05-12 05:35:12
43,47,0,Dark,150,1488,High,Warning,2026-05-12 05:36:12
39,58,0,Dim,2409,1590,Low,Warning,2026-05-12 05:37:12
38,59,0,Dim,1067,316,High,Warning,2026-05-12 05:38:12
44,79,0,Dark,1359,2415,High,Danger,2026-05-12 05:39:12
37,57,1,Dim,2289,1208,High,Warning,2026-05-12 05:40:12
42,81,1,Bright,816,1224,Low,Warning,2026-05-12 05:41:12
45,91,0,Dark,930,3017,Medium,Danger,2026-05-12 05:42:12
43,38,0,Dim,2251,1314,Low,Warning,2026-05-12 05:43:12
20,45,0,Dark,2912,2138,Low,Warning,2026-05-12 05:44:12
40,30,1,Bright,3002,934,Low,Warning,2026-05-12 05:45:12
33,70,1,Dim,2329,2320,Low,Danger,2026-05-12 05:46:12
36,59,0,Bright,1773,2488,Medium,Warning,2026-05-12 05:47:12
33,52,0,Dim,1719,196,Medium,Normal,2026-05-12 05:48:12
25,51,1,Dim,312,1791,High,Warning,2026-05-12 05:49:12
26,45,0,Dark,1617,1096,Medium,Warning,2026-05-12 05:50:12
27,94,0,Dim,616,1177,High,Warning,2026-05-12 05:51:12
24,38,1,Dark,2963,2669,High,Danger,2026-05-12 05:52:12
32,72,0,Dark,802,869,High,Warning,2026-05-12 05:53:12
45,69,0,Dark,3173,1566,Medium,Danger,2026-05-12 05:54:12
23,74,1,Dim,2755,3437,Low,Danger,2026-05-12 05:55:12
26,33,0,Dim,1622,1813,Low,Warning,2026-05-12 05:56:12
26,48,0,Bright,1183,1063,Medium,Normal,2026-05-12 05:57:12
35,35,0,Bright,2682,2899,Low,Warning,2026-05-12 05:58:12
30,39,0,Bright,1153,2382,Low,Normal,2026-05-12 05:59:12
29,66,0,Dim,748,3492,Medium,Warning,2026-05-12 06:00:12
40,78,0,Dim,2011,881,High,Danger,2026-05-12 06:01:12
36,89,0,Dark,1355,2698,Medium,Danger,2026-05-12 06:02:12
38,60,1,Dark,231,2847,Medium,Warning,2026-05-12 06:03:12
24,46,1,Dark,1401,2283,Medium,Warning,2026-05-12 06:04:12
33,71,1,Dim,1843,1156,High,Warning,2026-05-12 06:05:12
42,50,0,Dim,1494,815,Low,Warning,2026-05-12 06:06:12
43,94,0,Bright,2492,2736,Medium,Danger,2026-05-12 06:07:12
38,80,0,Dark,1783,869,Low,Warning,2026-05-12 06:08:12
28,61,0,Dark,2059,1764,Low,Warning,2026-05-12 06:09:12
37,56,0,Dim,2144,3024,Low,Warning,2026-05-12 06:10:12
45,51,0,Dark,3002,2354,High,Danger,2026-05-12 06:11:12
42,89,1,Bright,2594,219,High,Danger,2026-05-12 06:12:12
24,49,1,Bright,1812,2902,Medium,Warning,2026-05-12 06:13:12
42,39,1,Dark,2773,2823,Medium,Danger,2026-05-12 06:14:12
32,54,1,Dark,1336,1713,High,Warning,2026-05-12 06:15:12
44,85,1,Dark,2482,2850,Low,Danger,2026-05-12 06:16:12
36,85,1,Dim,3077,3384,High,Danger,2026-05-12 06:17:12
28,92,0,Bright,3220,2356,Low,Warning,2026-05-12 06:18:12
45,87,0,Bright,2443,3105,Low,Danger,2026-05-12 06:19:12
45,61,0,Dim,3375,1737,Low,Warning,2026-05-12 06:20:12
23,93,0,Dim,239,3410,High,Warning,2026-05-12 06:21:12
29,34,0,Dark,618,3100,Medium,Warning,2026-05-12 06:22:12
30,58,0,Dim,1986,1212,High,Warning,2026-05-12 06:23:12
30,60,1,Dim,2684,558,High,Warning,2026-05-12 06:24:12
30,87,0,Bright,1049,2366,High,Warning,2026-05-12 06:25:12
29,40,1,Dim,1352,2075,High,Warning,2026-05-12 06:26:12
31,81,1,Dark,1109,2720,Low,Warning,2026-05-12 06:27:12
30,84,0,Bright,249,2983,Medium,Warning,2026-05-12 06:28:12
34,73,1,Dark,1812,2445,Medium,Danger,2026-05-12 06:29:12
26,47,1,Bright,1793,1628,Medium,Warning,2026-05-12 06:30:12
22,87,1,Dark,152,2682,Medium,Warning,2026-05-12 06:31:12
21,76,1,Dim,1983,2257,Medium,Warning,2026-05-12 06:32:12
34,33,1,Dim,582,1603,High,Warning,2026-05-12 06:33:12
38,88,0,Bright,2806,1771,Low,Danger,2026-05-12 06:34:12
32,59,0,Bright,2877,616,Medium,Normal,2026-05-12 06:35:12
25,58,0,Dark,3029,2445,High,Warning,2026-05-12 06:36:12
31,55,1,Bright,765,2105,Low,Warning,2026-05-12 06:37:12
22,39,1,Bright,1218,2958,Low,Warning,2026-05-12 06:38:12
27,79,1,Bright,3163,1012,High,Warning,2026-05-12 06:39:12
20,44,1,Dark,3461,1987,Low,Warning,2026-05-12 06:40:12
35,91,1,Bright,1892,2271,Medium,Danger,2026-05-12 06:41:12
20,42,1,Bright,2725,959,Low,Warning,2026-05-12 06:42:12
36,34,1,Bright,1689,1005,Medium,Warning,2026-05-12 06:43:12
42,62,1,Dark,1317,2285,Medium,Danger,2026-05-12 06:44:12
38,87,0,Dim,1895,1187,High,Danger,2026-05-12 06:45:12
34,64,0,Dark,3177,3378,Low,Danger,2026-05-12 06:46:12
25,42,0,Bright,3321,1641,Low,Warning,2026-05-12 06:47:12
32,70,0,Dark,110,894,Medium,Normal,2026-05-12 06:48:12
29,77,1,Bright,2521,549,High,Warning,2026-05-12 06:49:12
29,77,0,Dark,2013,2794,Medium,Danger,2026-05-12 06:50:12
39,80,0,Bright,847,2551,High,Danger,2026-05-12 06:51:12
39,65,1,Dim,1464,256,Low,Warning,2026-05-12 06:52:12
40,42,1,Bright,896,2095,High,Warning,2026-05-12 06:53:12
33,92,0,Dark,2557,673,Low,Warning,2026-05-12 06:54:12
35,57,0,Dark,2461,2111,Medium,Warning,2026-05-12 06:55:12
21,69,1,Bright,2085,2783,High,Danger,2026-05-12 06:56:12
37,81,0,Dim,517,3026,Medium,Warning,2026-05-12 06:57:12
35,40,0,Bright,3042,247,Low,Warning,2026-05-12 06:58:12
42,60,1,Bright,3453,2769,Low,Danger,2026-05-12 06:59:12
35,63,0,Dark,3230,1301,Low,Warning,2026-05-12 07:00:12
22,75,1,Dim,1198,1712,Low,Warning,2026-05-12 07:01:12
20,55,1,Dark,3351,990,High,Warning,2026-05-12 07:02:12
39,51,1,Bright,2989,2134,Medium,Danger,2026-05-12 07:03:12
34,56,0,Dark,2869,1943,High,Danger,2026-05-12 07:04:12
44,44,0,Dim,2619,850,Low,Warning,2026-05-12 07:05:12
32,42,0,Bright,2002,2443,High,Warning,2026-05-12 07:06:12
29,49,0,Dark,2912,3025,Low,Warning,2026-05-12 07:07:12
44,89,0,Dim,1050,1549,Medium,Warning,2026-05-12 07:08:12
20,45,0,Dim,1419,2401,Low,Warning,2026-05-12 07:09:12
43,44,1,Bright,3398,1447,High,Danger,2026-05-12 07:10:12
27,88,1,Dark,2810,1107,Low,Danger,2026-05-12 07:11:12
36,62,0,Dim,3229,831,High,Warning,2026-05-12 07:12:12
22,35,0,Dim,913,1970,Medium,Normal,2026-05-12 07:13:12
26,83,0,Bright,752,1705,High,Warning,2026-05-12 07:14:12
31,73,0,Bright,2175,2535,Medium,Warning,2026-05-12 07:15:12
41,78,0,Dark,2462,3080,High,Danger,2026-05-12 07:16:12
43,32,1,Bright,3437,3085,High,Danger,2026-05-12 07:17:12
45,60,0,Dark,1012,2391,High,Warning,2026-05-12 07:18:12
21,65,1,Dark,611,2788,Medium,Warning,2026-05-12 07:19:12
28,39,0,Dim,594,1486,Medium,Normal,2026-05-12 07:20:12
27,42,0,Dim,1585,159,Low,Normal,2026-05-12 07:21:12
39,49,1,Dim,2466,916,Low,Warning,2026-05-12 07:22:12
45,43,1,Dim,918,2473,Medium,Warning,2026-05-12 07:23:12
43,80,0,Dark,203,3212,High,Danger,2026-05-12 07:24:12
30,38,1,Dim,2982,3051,Low,Warning,2026-05-12 07:25:12
22,81,1,Bright,2008,1734,High,Danger,2026-05-12 07:26:12
43,90,0,Dark,3032,1031,Medium,Danger,2026-05-12 07:27:12
45,61,0,Dark,769,3405,Medium,Warning,2026-05-12 07:28:12
32,90,1,Dark,3403,503,High,Danger,2026-05-12 07:29:12
38,85,1,Bright,3489,2780,Medium,Danger,2026-05-12 07:30:12
44,42,1,Dim,2812,3369,Low,Danger,2026-05-12 07:31:12
28,58,1,Bright,611,3471,Low,Warning,2026-05-12 07:32:12
33,90,1,Dark,1158,1369,High,Danger,2026-05-12 07:33:12
24,56,1,Dark,842,1028,Low,Warning,2026-05-12 07:34:12
22,90,1,Dark,3253,3258,Low,Danger,2026-05-12 07:35:12
25,91,1,Dim,752,3047,Low,Warning,2026-05-12 07:36:12
36,45,0,Bright,2086,3405,Low,Warning,2026-05-12 07:37:12
22,65,0,Dark,1249,1202,Medium,Warning,2026-05-12 07:38:12
30,93,1,Dim,3366,2465,Low,Danger,2026-05-12 07:39:12
32,71,1,Dark,688,1485,Low,Warning,2026-05-12 07:40:12
30,72,0,Dark,785,298,Medium,Normal,2026-05-12 07:41:12
26,76,1,Dim,373,2211,Medium,Warning,2026-05-12 07:42:12
23,58,1,Bright,2746,1747,High,Warning,2026-05-12 07:43:12
20,92,0,Bright,2995,3014,High,Danger,2026-05-12 07:44:12
26,76,1,Dark,1321,2308,High,Danger,2026-05-12 07:45:12
35,69,0,Bright,271,2940,Medium,Warning,2026-05-12 07:46:12
30,85,1,Dim,1472,2109,Medium,Warning,2026-05-12 07:47:12
29,89,0,Bright,2834,2590,High,Danger,2026-05-12 07:48:12
36,68,0,Dim,2220,3068,Medium,Warning,2026-05-12 07:49:12
44,85,0,Bright,834,1741,Low,Warning,2026-05-12 07:50:12
29,56,1,Dark,1736,1912,Medium,Warning,2026-05-12 07:51:12
45,65,0,Dark,3346,2349,Medium,Danger,2026-05-12 07:52:12
41,87,1,Dark,3450,1250,Low,Danger,2026-05-12 07:53:12
45,80,1,Dim,604,3109,High,Danger,2026-05-12 07:54:12
21,36,0,Dim,427,728,Low,Normal,2026-05-12 07:55:12
43,60,0,Bright,2858,1903,Medium,Warning,2026-05-12 07:56:12
29,56,0,Bright,1875,798,Medium,Normal,2026-05-12 07:57:12
33,82,0,Bright,932,2889,Low,Warning,2026-05-12 07:58:12
25,46,1,Bright,2772,3395,High,Danger,2026-05-12 07:59:12
31,83,1,Bright,2211,2429,High,Danger,2026-05-12 08:00:12
40,91,1,Dim,2700,1067,High,Danger,2026-05-12 08:01:12
23,65,0,Bright,1117,2965,Medium,Warning,2026-05-12 08:02:12
42,87,0,Dim,109,142,Medium,Warning,2026-05-12 08:03:12
22,49,1,Dark,2038,363,Medium,Warning,2026-05-12 08:04:12
42,63,1,Dark,219,2589,High,Danger,2026-05-12 08:05:12
21,57,0,Dim,3446,3420,High,Warning,2026-05-12 08:06:12
35,32,1,Bright,2000,596,Medium,Warning,2026-05-12 08:07:12
29,84,0,Dark,1644,562,High,Warning,2026-05-12 08:08:12
24,54,0,Bright,1272,2673,Low,Warning,2026-05-12 08:09:12
42,92,0,Bright,2804,1016,Medium,Danger,2026-05-12 08:10:12
38,35,0,Dim,1250,1813,Medium,Warning,2026-05-12 08:11:12
35,43,1,Dark,2234,1061,High,Danger,2026-05-12 08:12:12
42,60,1,Dim,570,2594,Low,Warning,2026-05-12 08:13:12
22,60,1,Dim,2019,3207,High,Danger,2026-05-12 08:14:12
31,66,1,Bright,2723,1210,High,Warning,2026-05-12 08:15:12
36,33,1,Dim,763,1285,Low,Warning,2026-05-12 08:16:12
22,82,0,Bright,2335,2050,Medium,Warning,2026-05-12 08:17:12
24,48,0,Dark,3172,2246,Low,Warning,2026-05-12 08:18:12
40,73,0,Dark,3031,877,Low,Danger,2026-05-12 08:19:12
26,93,0,Dark,290,1258,Medium,Warning,2026-05-12 08:20:12
39,46,1,Bright,561,1514,High,Warning,2026-05-12 08:21:12
41,57,1,Dark,736,920,Low,Warning,2026-05-12 08:22:12
40,66,1,Bright,1945,2875,Medium,Danger,2026-05-12 08:23:12
34,73,0,Dark,1690,1711,High,Danger,2026-05-12 08:24:12
21,34,0,Dim,1570,3135,High,Warning,2026-05-12 08:25:12
45,79,0,Dim,440,507,High,Warning,2026-05-12 08:26:12
30,37,0,Dim,578,693,High,Normal,2026-05-12 08:27:12
39,87,1,Dim,422,2767,Low,Danger,2026-05-12 08:28:12
25,86,1,Dark,1692,218,High,Warning,2026-05-12 08:29:12
23,95,0,Dim,1174,1472,Low,Warning,2026-05-12 08:30:12
22,33,1,Dim,1683,989,Low,Warning,2026-05-12 08:31:12
39,38,1,Dim,1209,355,Low,Warning,2026-05-12 08:32:12
21,31,1,Bright,1889,2822,Medium,Warning,2026-05-12 08:33:12
24,94,1,Bright,3141,1308,Low,Warning,2026-05-12 08:34:12
30,80,0,Dark,3090,2245,High,Danger,2026-05-12 08:35:12
31,37,0,Dim,1773,1812,High,Warning,2026-05-12 08:36:12
45,59,0,Dark,1815,1838,Medium,Warning,2026-05-12 08:37:12
28,93,1,Bright,2839,685,High,Warning,2026-05-12 08:38:12
22,86,0,Dim,3289,697,Low,Warning,2026-05-12 08:39:12
22,87,1,Bright,322,1338,Medium,Warning,2026-05-12 08:40:12
33,37,0,Dim,966,2778,High,Warning,2026-05-12 08:41:12
26,30,0,Dark,2073,1322,High,Warning,2026-05-12 08:42:12
33,56,0,Bright,3477,1771,Low,Warning,2026-05-12 08:43:12
35,33,0,Dim,1693,1251,Medium,Warning,2026-05-12 08:44:12
30,35,1,Dim,1070,1441,Medium,Normal,2026-05-12 08:45:12
28,79,1,Bright,2512,1172,Medium,Warning,2026-05-12 08:46:12
28,62,0,Bright,508,1142,High,Normal,2026-05-12 08:47:12
35,44,1,Dark,2710,3025,Medium,Danger,2026-05-12 08:48:12
21,63,1,Bright,3136,206,Low,Warning,2026-05-12 08:49:12
32,94,0,Dark,2989,2397,High,Danger,2026-05-12 08:50:12
33,75,0,Bright,3000,1776,Low,Warning,2026-05-12 08:51:12
44,34,0,Dark,2076,3067,Medium,Danger,2026-05-12 08:52:12
36,54,0,Dark,3228,1520,High,Danger,2026-05-12 08:53:12
27,84,0,Dark,3122,3020,High,Danger,2026-05-12 08:54:12
32,49,0,Dim,3423,2442,Low,Warning,2026-05-12 08:55:12
32,53,1,Dim,2185,1251,Low,Warning,2026-05-12 08:56:12
21,78,0,Dim,1331,2386,High,Warning,2026-05-12 08:57:12
31,51,0,Dim,1172,143,High,Normal,2026-05-12 08:58:12
22,62,1,Bright,2084,3026,Low,Warning,2026-05-12 08:59:12
22,50,0,Bright,721,2456,Low,Normal,2026-05-12 09:00:12
34,39,0,Dim,3427,629,Medium,Warning,2026-05-12 09:01:12
27,94,0,Dark,2575,949,Medium,Warning,2026-05-12 09:02:12
31,77,1,Bright,1666,2109,Low,Warning,2026-05-12 09:03:12
30,58,1,Dim,1133,3291,High,Warning,2026-05-12 09:04:12
28,77,0,Dim,659,657,High,Normal,2026-05-12 09:05:12
21,78,1,Dark,367,1000,Medium,Warning,2026-05-12 09:06:12
45,69,0,Dim,1616,1934,Low,Warning,2026-05-12 09:07:12
27,84,1,Dim,2946,1482,Low,Warning,2026-05-12 09:08:12
32,83,1,Dim,431,1457,High,Warning,2026-05-12 09:09:12
21,61,0,Dark,3035,3004,Low,Warning,2026-05-12 09:10:12
32,36,0,Bright,3405,1423,High,Warning,2026-05-12 09:11:12
39,84,1,Bright,1309,1726,High,Danger,2026-05-12 09:12:12
35,49,1,Bright,2271,1933,Low,Warning,2026-05-12 09:13:12
32,65,0,Bright,2821,1820,High,Warning,2026-05-12 09:14:12
29,74,1,Bright,454,1360,High,Warning,2026-05-12 09:15:12
22,67,0,Dim,190,3130,Low,Normal,2026-05-12 09:16:12
24,44,0,Bright,2653,1253,Low,Warning,2026-05-12 09:17:12
41,67,1,Bright,1867,2706,Medium,Danger,2026-05-12 09:18:12
31,95,1,Dim,2859,2570,Medium,Danger,2026-05-12 09:19:12
29,82,0,Dim,2119,3284,Low,Warning,2026-05-12 09:20:12
35,55,1,Dark,1562,1261,Low,Warning,2026-05-12 09:21:12
21,39,0,Dark,171,691,Medium,Normal,2026-05-12 09:22:12
39,67,1,Bright,2008,1255,High,Danger,2026-05-12 09:23:12
33,65,0,Dim,2555,869,High,Warning,2026-05-12 09:24:12
24,36,1,Dark,1939,3447,Medium,Warning,2026-05-12 09:25:12
20,53,0,Bright,942,2793,High,Warning,2026-05-12 09:26:12
39,53,0,Dim,414,372,Low,Normal,2026-05-12 09:27:12
38,75,0,Dark,3012,3209,Medium,Danger,2026-05-12 09:28:12
41,86,1,Bright,3414,1491,Low,Danger,2026-05-12 09:29:12
41,51,1,Bright,1584,1679,Medium,Warning,2026-05-12 09:30:12
40,63,0,Dim,234,1341,Medium,Normal,2026-05-12 09:31:12
22,65,1,Bright,188,1134,High,Normal,2026-05-12 09:32:12
30,71,0,Dark,1828,2126,Low,Warning,2026-05-12 09:33:12
40,59,0,Dim,2535,121,High,Warning,2026-05-12 09:34:12
37,63,1,Bright,3491,2120,Medium,Warning,2026-05-12 09:35:12
37,67,0,Dark,3318,1236,Low,Warning,2026-05-12 09:36:12
31,42,0,Bright,2685,2280,Medium,Warning,2026-05-12 09:37:12
37,40,0,Dim,2229,2224,Low,Warning,2026-05-12 09:38:12
32,35,0,Bright,2686,209,Low,Normal,2026-05-12 09:39:12
40,46,1,Dim,1482,1541,High,Danger,2026-05-12 09:40:12
30,32,0,Dim,3046,1629,Medium,Warning,2026-05-12 09:41:12
38,47,0,Dim,228,2818,High,Warning,2026-05-12 09:42:12
26,65,1,Bright,1330,263,Medium,Normal,2026-05-12 09:43:12
30,30,0,Dim,2550,463,High,Warning,2026-05-12 09:44:12
25,64,0,Dark,2649,1902,Medium,Warning,2026-05-12 09:45:12
27,68,1,Dark,2417,634,Medium,Warning,2026-05-12 09:46:12
40,30,0,Dim,393,2856,Low,Warning,2026-05-12 09:47:12
33,49,0,Dark,1778,1565,High,Warning,2026-05-12 09:48:12
40,57,1,Dark,3477,434,High,Danger,2026-05-12 09:49:12
21,68,1,Dim,3289,1987,Medium,Warning,2026-05-12 09:50:12
26,90,1,Dark,2916,1718,High,Danger,2026-05-12 09:51:12
32,58,1,Dim,1586,3042,Low,Warning,2026-05-12 09:52:12
39,92,0,Dark,2271,545,High,Danger,2026-05-12 09:53:12
26,65,1,Dark,1668,2350,High,Warning,2026-05-12 09:54:12
25,88,1,Dark,3166,621,Low,Warning,2026-05-12 09:55:12
40,44,1,Bright,3454,588,Low,Warning,2026-05-12 09:56:12
41,95,0,Bright,141,651,Low,Warning,2026-05-12 09:57:12
43,66,1,Bright,1075,3201,High,Danger,2026-05-12 09:58:12
38,52,1,Dim,388,1515,High,Warning,2026-05-12 09:59:12
31,82,1,Dark,2143,1326,Low,Warning,2026-05-12 10:00:12
32,92,1,Dim,451,1073,High,Warning,2026-05-12 10:01:12
45,87,0,Bright,2662,1236,Low,Danger,2026-05-12 10:02:12
24,48,1,Dim,345,2761,Medium,Warning,2026-05-12 10:03:12
32,86,0,Bright,1352,3306,Medium,Warning,2026-05-12 10:04:12
29,41,1,Dark,2181,3146,Low,Danger,2026-05-12 10:05:12
38,92,1,Dim,1728,393,High,Danger,2026-05-12 10:06:12
41,94,0,Bright,2125,438,Low,Warning,2026-05-12 10:07:12
24,30,0,Bright,2460,497,Medium,Normal,2026-05-12 10:08:12
24,66,1,Dim,663,3460,Low,Warning,2026-05-12 10:09:12
40,71,0,Bright,2493,496,High,Warning,2026-05-12 10:10:12
31,89,0,Bright,2136,771,Medium,Warning,2026-05-12 10:11:12
35,61,1,Dim,3189,3312,Low,Danger,2026-05-12 10:12:12
38,76,0,Dark,1807,2102,High,Danger,2026-05-12 10:13:12
26,40,1,Dark,2217,275,High,Warning,2026-05-12 10:14:12
45,81,1,Bright,502,2930,Low,Warning,2026-05-12 10:15:12
44,75,1,Dim,608,973,Medium,Warning,2026-05-12 10:16:12
43,46,0,Bright,397,2210,High,Warning,2026-05-12 10:17:12
44,94,1,Bright,3189,2223,Medium,Danger,2026-05-12 10:18:12
20,32,0,Dark,356,164,Medium,Normal,2026-05-12 10:19:12
23,82,1,Dark,1460,2963,Low,Danger,2026-05-12 10:20:12
21,38,1,Dim,2137,1095,High,Warning,2026-05-12 10:21:12
30,39,1,Dim,1975,532,High,Warning,2026-05-12 10:22:12
24,78,0,Dark,985,1065,Low,Warning,2026-05-12 10:23:12
34,48,0,Dim,3058,2480,Low,Warning,2026-05-12 10:24:12
22,57,0,Bright,1174,1301,Medium,Normal,2026-05-12 10:25:12
45,70,0,Bright,3338,1266,Low,Warning,2026-05-12 10:26:12
37,90,1,Dark,103,2800,Medium,Danger,2026-05-12 10:27:12
34,73,1,Dark,2366,1988,Medium,Danger,2026-05-12 10:28:12
32,74,0,Dark,871,354,Medium,Normal,2026-05-12 10:29:12
35,41,1,Bright,3309,3476,Medium,Danger,2026-05-12 10:30:12
39,78,0,Bright,2439,1809,Low,Danger,2026-05-12 10:31:12
38,43,0,Dark,2671,757,Medium,Warning,2026-05-12 10:32:12
44,53,1,Dark,748,1295,High,Warning,2026-05-12 10:33:12
31,42,1,Bright,1281,1028,Medium,Warning,2026-05-12 10:34:12
32,52,1,Bright,1919,1415,Low,Warning,2026-05-12 10:35:12
26,42,0,Bright,2938,1516,Medium,Warning,2026-05-12 10:36:12
29,61,0,Dim,3317,2051,High,Warning,2026-05-12 10:37:12
22,54,0,Dark,2023,1211,Low,Warning,2026-05-12 10:38:12
29,69,1,Dim,253,2248,High,Warning,2026-05-12 10:39:12
30,54,1,Dark,2974,2626,High,Danger,2026-05-12 10:40:12
43,43,1,Bright,2362,1806,High,Danger,2026-05-12 10:41:12
28,47,1,Dim,625,3425,Low,Warning,2026-05-12 10:42:12
20,94,0,Dark,2832,306,Medium,Warning,2026-05-12 10:43:12
32,58,0,Dim,2375,1737,Low,Warning,2026-05-12 10:44:12
27,82,0,Dark,753,3009,Low,Warning,2026-05-12 10:45:12
32,54,1,Dark,1995,136,High,Warning,2026-05-12 10:46:12
20,81,1,Dim,225,1904,High,Warning,2026-05-12 10:47:12
45,64,1,Dim,1772,2881,Low,Danger,2026-05-12 10:48:12
39,83,1,Dark,1647,1717,Low,Danger,2026-05-12 10:49:12
42,54,1,Dark,2491,2678,High,Danger,2026-05-12 10:50:12
30,59,0,Dark,893,2133,Low,Warning,2026-05-12 10:51:12
40,52,1,Dim,1294,1001,Medium,Warning,2026-05-12 10:52:12
39,69,0,Dim,124,2149,Medium,Warning,2026-05-12 10:53:12
29,33,1,Dim,3100,2443,Low,Warning,2026-05-12 10:54:12
34,32,1,Dim,2807,1164,Low,Warning,2026-05-12 10:55:12
44,64,1,Bright,3479,1314,Low,Warning,2026-05-12 10:56:12
38,62,1,Dark,1682,1870,High,Danger,2026-05-12 10:57:12
36,66,1,Dim,2612,2659,Low,Danger,2026-05-12 10:58:12
43,62,1,Dim,672,3307,Low,Warning,2026-05-12 10:59:12
22,92,1,Dim,1174,3303,High,Danger,2026-05-12 11:00:12
38,76,1,Dim,1808,2035,High,Danger,2026-05-12 11:01:12
23,91,1,Dim,2766,660,Medium,Warning,2026-05-12 11:02:12
33,59,1,Dark,3025,2184,High,Danger,2026-05-12 11:03:12
20,58,0,Bright,2085,1157,Medium,Warning,2026-05-12 11:04:12
40,72,1,Dim,3075,3096,Low,Danger,2026-05-12 11:05:12
42,51,0,Dim,610,2175,Low,Warning,2026-05-12 11:06:12
37,77,1,Bright,510,1396,High,Warning,2026-05-12 11:07:12
37,71,0,Bright,468,1893,Low,Warning,2026-05-12 11:08:12
38,37,1,Dark,2838,732,Low,Danger,2026-05-12 11:09:12
34,53,0,Dark,1299,337,High,Warning,2026-05-12 11:10:12
43,39,1,Dim,2458,1366,High,Danger,2026-05-12 11:11:12
22,61,1,Dark,1779,949,Low,Warning,2026-05-12 11:12:12
30,70,1,Dim,1071,746,High,Warning,2026-05-12 11:13:12
26,88,0,Bright,3083,481,Low,Warning,2026-05-12 11:14:12
35,51,0,Dark,2611,1886,High,Danger,2026-05-12 11:15:12
36,93,1,Bright,1550,2665,High,Danger,2026-05-12 11:16:12
36,53,1,Bright,2601,2634,Low,Danger,2026-05-12 11:17:12
45,56,1,Bright,3412,1133,High,Danger,2026-05-12 11:18:12
26,90,1,Bright,2404,1536,High,Danger,2026-05-12 11:19:12
40,54,1,Dim,2519,2851,Low,Danger,2026-05-12 11:20:12
36,51,1,Bright,1961,950,High,Warning,2026-05-12 11:21:12
21,48,1,Dim,2400,1137,Medium,Warning,2026-05-12 11:22:12
41,69,1,Dark,198,779,Medium,Warning,2026-05-12 11:23:12
35,90,1,Dim,2826,1531,Medium,Danger,2026-05-12 11:24:12
29,55,1,Dim,1543,364,High,Warning,2026-05-12 11:25:12
22,78,1,Dark,2228,2765,Medium,Danger,2026-05-12 11:26:12
31,68,1,Bright,770,755,High,Warning,2026-05-12 11:27:12
29,94,0,Dim,1805,2749,Medium,Warning,2026-05-12 11:28:12
24,44,0,Dark,1685,1568,High,Warning,2026-05-12 11:29:12
38,62,0,Dim,2715,2238,Low,Warning,2026-05-12 11:30:12
23,38,0,Dark,1704,1279,High,Warning,2026-05-12 11:31:12
26,46,0,Dim,1470,691,High,Normal,2026-05-12 11:32:12
32,95,1,Dim,1590,1949,Medium,Warning,2026-05-12 11:33:12
33,55,0,Bright,3191,2685,High,Danger,2026-05-12 11:34:12
36,83,1,Dark,3327,231,High,Danger,2026-05-12 11:35:12
25,81,0,Dark,934,1422,Low,Warning,2026-05-12 11:36:12
35,87,1,Bright,960,3397,High,Danger,2026-05-12 11:37:12
36,64,0,Bright,1266,819,Medium,Warning,2026-05-12 11:38:12
24,95,1,Dark,2386,3116,Medium,Danger,2026-05-12 11:39:12
30,77,1,Dim,3411,910,Medium,Warning,2026-05-12 11:40:12
28,48,0,Bright,602,2494,Low,Normal,2026-05-12 11:41:12
30,42,1,Bright,2137,196,Low,Warning,2026-05-12 11:42:12
30,95,0,Bright,2775,753,Medium,Warning,2026-05-12 11:43:12
30,79,0,Bright,1909,1481,Low,Warning,2026-05-12 11:44:12
21,61,0,Bright,1637,1481,Medium,Normal,2026-05-12 11:45:12
26,68,1,Dark,334,583,High,Normal,2026-05-12 11:46:12
33,84,0,Dark,3316,1115,Medium,Warning,2026-05-12 11:47:12
29,69,0,Bright,3211,2867,Low,Warning,2026-05-12 11:48:12
31,79,1,Dark,2626,1391,Low,Warning,2026-05-12 11:49:12
40,35,0,Dim,1067,3111,Medium,Warning,2026-05-12 11:50:12
24,88,1,Dark,2316,636,Low,Warning,2026-05-12 11:51:12
29,70,0,Dark,1441,2165,Medium,Warning,2026-05-12 11:52:12
36,70,1,Dark,2688,702,High,Danger,2026-05-12 11:53:12
20,68,1,Dark,1609,102,Medium,Warning,2026-05-12 11:54:12
27,43,1,Bright,2817,2947,Medium,Warning,2026-05-12 11:55:12
34,68,1,Dark,3200,3418,Low,Danger,2026-05-12 11:56:12
31,40,0,Dark,879,3010,Low,Warning,2026-05-12 11:57:12
30,57,1,Dim,2760,1711,Low,Warning,2026-05-12 11:58:12
20,59,1,Dark,1479,359,Medium,Warning,2026-05-12 11:59:12
34,49,0,Dark,3128,1119,Medium,Warning,2026-05-12 12:00:12
22,76,1,Dark,952,2223,Medium,Warning,2026-05-12 12:01:12
34,64,1,Bright,1749,1440,High,Warning,2026-05-12 12:02:12
42,83,0,Dim,2045,107,Medium,Warning,2026-05-12 12:03:12
39,89,1,Bright,2763,2449,Medium,Danger,2026-05-12 12:04:12
27,33,1,Bright,1133,2132,High,Warning,2026-05-12 12:05:12
44,79,1,Bright,3374,1023,Medium,Danger,2026-05-12 12:06:12
32,44,1,Dark,621,1309,Medium,Normal,2026-05-12 12:07:12
26,75,1,Dim,612,516,High,Normal,2026-05-12 12:08:12
26,39,0,Dim,1208,1014,Low,Normal,2026-05-12 12:09:12
32,30,1,Bright,3389,2986,High,Danger,2026-05-12 12:10:12
32,86,0,Bright,466,991,High,Warning,2026-05-12 12:11:12
37,32,1,Bright,2829,495,High,Warning,2026-05-12 12:12:12
27,75,1,Bright,3150,2716,Low,Danger,2026-05-12 12:13:12
31,82,1,Dark,967,1329,High,Warning,2026-05-12 12:14:12
43,77,0,Dark,2687,1305,Low,Danger,2026-05-12 12:15:12
21,87,1,Dark,1870,3474,Medium,Danger,2026-05-12 12:16:12
40,76,1,Dim,891,330,Medium,Warning,2026-05-12 12:17:12
21,36,1,Bright,1359,3124,High,Warning,2026-05-12 12:18:12
25,84,0,Dark,324,3138,Medium,Warning,2026-05-12 12:19:12
41,93,0,Dim,2595,2511,High,Danger,2026-05-12 12:20:12
40,82,1,Dim,2698,2508,Medium,Danger,2026-05-12 12:21:12
21,77,0,Dark,140,405,High,Normal,2026-05-12 12:22:12
26,47,0,Dark,1586,2138,High,Warning,2026-05-12 12:23:12
35,65,0,Bright,1094,1362,Low,Normal,2026-05-12 12:24:12
20,68,1,Bright,971,479,Medium,Normal,2026-05-12 12:25:12
22,65,0,Dark,627,2291,Medium,Normal,2026-05-12 12:26:12
32,92,0,Dark,2683,1529,Medium,Danger,2026-05-12 12:27:12
37,75,0,Bright,1686,2307,High,Warning,2026-05-12 12:28:12
42,53,1,Dark,2801,1670,Medium,Danger,2026-05-12 12:29:12
43,92,1,Bright,1500,1868,Low,Danger,2026-05-12 12:30:12
38,63,0,Dim,1853,3080,Low,Warning,2026-05-12 12:31:12
45,83,0,Bright,1154,593,High,Warning,2026-05-12 12:32:12
44,60,0,Dim,1338,1447,High,Warning,2026-05-12 12:33:12
31,45,1,Dark,626,1442,Medium,Normal,2026-05-12 12:34:12
29,69,0,Dim,900,1713,High,Warning,2026-05-12 12:35:12
22,72,0,Bright,1409,1187,High,Warning,2026-05-12 12:36:12
38,31,0,Dim,397,2060,High,Warning,2026-05-12 12:37:12
41,35,1,Dark,823,2216,High,Danger,2026-05-12 12:38:12
30,38,1,Bright,473,3499,Low,Warning,2026-05-12 12:39:12
39,45,0,Dark,3357,101,Low,Warning,2026-05-12 12:40:12
22,94,0,Bright,601,940,Low,Normal,2026-05-12 12:41:12
22,84,1,Dim,543,1024,Medium,Normal,2026-05-12 12:42:12
42,80,0,Dark,526,2437,High,Warning,2026-05-12 12:43:12
41,74,1,Dim,613,2602,Medium,Warning,2026-05-12 12:44:12
42,83,0,Dim,2886,2225,Medium,Danger,2026-05-12 12:45:12
24,94,1,Dark,272,2063,High,Warning,2026-05-12 12:46:12
20,78,1,Dark,326,2369,Low,Warning,2026-05-12 12:47:12
31,33,0,Bright,127,1158,Medium,Normal,2026-05-12 12:48:12
28,67,0,Dim,3095,2256,Medium,Warning,2026-05-12 12:49:12
28,61,1,Dark,1489,1792,High,Warning,2026-05-12 12:50:12
41,63,1,Dark,3106,1829,Medium,Danger,2026-05-12 12:51:12
36,63,0,Dim,1572,1129,Low,Warning,2026-05-12 12:52:12
25,76,1,Dim,1683,981,Low,Warning,2026-05-12 12:53:12
23,89,1,Dim,1098,1800,Low,Warning,2026-05-12 12:54:12
45,62,1,Bright,533,2793,High,Warning,2026-05-12 12:55:12
28,61,1,Dim,432,1303,High,Normal,2026-05-12 12:56:12
44,52,0,Bright,2793,2477,High,Danger,2026-05-12 12:57:12
41,81,0,Bright,403,1495,Medium,Warning,2026-05-12 12:58:12
31,45,0,Bright,1051,818,High,Normal,2026-05-12 12:59:12
44,83,1,Bright,2087,626,Medium,Warning,2026-05-12 13:00:12
35,82,0,Dark,516,2171,Low,Warning,2026-05-12 13:01:12
42,70,1,Dim,1971,1077,Medium,Warning,2026-05-12 13:02:12
39,67,1,Dim,189,120,Low,Normal,2026-05-12 13:03:12
33,54,1,Dark,241,2562,High,Warning,2026-05-12 13:04:12
45,60,1,Dark,2052,245,High,Danger,2026-05-12 13:05:12
29,86,1,Dark,2914,2038,Medium,Danger,2026-05-12 13:06:12
22,84,0,Bright,2337,812,High,Warning,2026-05-12 13:07:12
38,63,1,Dim,3148,1324,Low,Warning,2026-05-12 13:08:12
38,40,1,Dim,794,2360,Low,Warning,2026-05-12 13:09:12
38,69,0,Dim,2302,2854,Medium,Danger,2026-05-12 13:10:12
32,61,0,Bright,3290,2220,High,Warning,2026-05-12 13:11:12
25,36,1,Dark,1229,2070,High,Warning,2026-05-12 13:12:12
34,95,1,Dim,930,1633,High,Danger,2026-05-12 13:13:12
37,75,1,Dim,456,2217,High,Warning,2026-05-12 13:14:12
40,78,1,Dark,2624,2916,Medium,Danger,2026-05-12 13:15:12
38,40,0,Bright,895,1721,High,Warning,2026-05-12 13:16:12
28,83,1,Bright,762,234,Low,Normal,2026-05-12 13:17:12
42,79,0,Dim,2552,859,Medium,Warning,2026-05-12 13:18:12
30,62,1,Dim,844,815,Medium,Normal,2026-05-12 13:19:12
40,72,1,Bright,2931,195,High,Danger,2026-05-12 13:20:12