temperature,humidity,motion,gas,aqi,risk
26.22,41.58,1,89.63,25.67,Safe
30.81,84.96,0,277.2,238.43,Danger
34.73,40.58,0,53.11,18.66,Safe
34.09,17.3,1,346.66,257.86,Warning
15.97,91.07,1,91.21,29.35,Safe
38.16,42.62,1,497.85,405.76,Danger
38.3,66.76,0,261.5,210.01,Danger
24.4,4.54,0,43.42,40.48,Safe
16.09,30.15,0,9.62,2.38,Safe
44.66,8.47,0,433.46,321.12,Danger
16.13,24.91,1,597.85,449.98,Warning
14.15,48.68,0,315.14,250.54,Warning
20.54,86.87,1,442.04,328.37,Danger
28.26,97.28,1,107.98,52.05,Safe
18.56,57.76,0,546.36,447.26,Warning
41.65,66.97,1,410.48,341.4,Danger
25.48,25.64,0,347.09,239.54,Warning
21.75,67.78,1,58.97,47.94,Safe
17.37,63.26,0,100.66,54.19,Safe
28.82,33.1,0,49.7,30.55,Safe
12.19,30.4,0,233.48,197.73,Warning
20.07,88.38,0,68.13,64.45,Safe
15.8,16.2,0,61.68,8.28,Safe
43.65,31.1,0,30.5,26.71,Warning
27.54,8.09,0,57.94,12.51,Safe
13.21,4.9,0,619.24,488.06,Warning
20.79,89.9,1,479.48,398.06,Danger
18.86,13.76,0,582.97,462.36,Warning
37.41,95.43,0,246.33,207.9,Danger
24.93,32.28,0,241.27,159.29,Warning
21.31,97.02,0,280.12,202.09,Danger
19.12,71.83,0,409.81,309.58,Danger
14.54,56.75,0,189.98,163.5,Warning
29.71,21.39,1,521.36,382.85,Warning
13.31,32.21,0,227.61,198.08,Warning
27.3,61.55,0,168.85,94.39,Safe
10.49,7.63,1,86.08,33.84,Safe
40.85,81.4,1,200.63,152.59,Danger
29.79,97.42,0,521.06,390.29,Danger
21.64,80.97,0,639.68,487.91,Danger
26.95,97.07,0,483.32,384.87,Danger
22.06,40.55,0,546.39,458.58,Warning
17.44,47.34,1,509.04,373.25,Warning
15.95,93.28,0,225.92,185.19,Danger
33.44,96.07,0,374.1,282.61,Danger
40.5,15.14,0,346.62,264.97,Danger
15.14,61.69,0,492.49,373.5,Warning
37.44,65.53,1,70.51,65.6,Warning
29.9,13.92,0,515.48,399.83,Warning
28.7,22.22,0,87.89,62.41,Safe
26.04,99.1,1,204.57,131.59,Warning
10.7,85.96,0,107.4,41.96,Safe
18.91,55.63,0,43.39,47.2,Safe
21.47,5.17,0,3.25,7.06,Safe
31.99,56.36,0,104.33,36.96,Safe
30.21,40.03,0,188.27,161.96,Warning
17.02,56.38,0,214.68,151.95,Warning
12.22,4.26,0,131.71,116.64,Safe
41.43,28.84,0,614.74,478.31,Danger
13.34,52.82,0,81.54,21.28,Safe
23.65,32.0,0,298.91,206.41,Warning
11.3,11.77,1,172.52,111.81,Safe
29.31,33.2,0,364.64,274.48,Warning
20.18,55.6,0,454.64,356.82,Warning
11.15,92.88,1,233.87,157.24,Danger
20.51,43.54,1,157.48,159.33,Warning
17.03,61.92,0,72.63,67.23,Safe
22.45,54.97,1,96.86,26.67,Safe
14.4,44.93,0,645.0,484.73,Warning
44.59,80.42,0,82.91,50.15,Warning
40.92,26.53,0,388.31,277.11,Danger
29.31,61.19,0,94.24,43.11,Safe
26.05,68.83,0,132.81,69.43,Safe
26.03,81.03,0,561.31,456.46,Danger
11.67,38.42,0,143.54,88.66,Safe
37.07,76.42,0,190.12,121.45,Danger
24.88,81.33,1,24.94,2.33,Safe
23.46,92.45,0,542.58,419.98,Danger
29.55,13.79,0,30.96,33.58,Safe
34.81,53.88,1,93.01,57.45,Safe
33.28,78.88,0,517.47,441.2,Danger
12.16,58.48,0,103.44,52.56,Safe
11.58,65.79,0,265.94,216.1,Danger
38.84,28.15,0,97.21,69.2,Warning
42.65,37.79,0,402.74,330.31,Danger
38.54,85.14,1,591.63,485.25,Danger
11.48,99.58,0,340.84,259.35,Danger
15.38,36.08,0,289.58,213.8,Warning
10.39,69.92,0,98.44,97.36,Safe
38.61,47.39,0,419.09,333.27,Danger
20.21,6.36,0,130.49,91.98,Safe
39.75,90.51,0,205.57,171.3,Danger
12.46,30.39,1,574.78,472.3,Warning
39.2,78.37,1,573.58,451.65,Danger
24.05,71.84,0,386.53,283.84,Danger
16.07,22.03,0,95.8,53.69,Safe
23.26,6.77,0,252.16,213.66,Warning
16.4,35.96,1,96.81,92.41,Safe
39.23,31.9,0,464.02,389.75,Danger
40.19,80.36,0,23.05,6.11,Warning
16.2,29.49,0,449.83,348.78,Warning
36.6,46.09,1,396.45,340.67,Danger
28.83,68.4,1,73.4,73.19,Safe
43.87,49.53,0,568.18,466.21,Danger
16.25,53.73,1,302.58,264.42,Warning
37.16,37.73,0,518.18,403.46,Danger
20.04,31.38,0,79.98,40.75,Safe
20.95,74.96,0,406.7,345.13,Danger
36.11,67.59,1,448.43,380.54,Danger
32.57,8.38,0,100.12,86.53,Safe
38.56,40.07,1,218.82,183.13,Warning
23.89,12.29,0,92.43,40.1,Safe
27.01,48.21,0,33.26,23.09,Safe
17.21,68.94,0,604.68,462.16,Danger
33.55,25.57,1,54.87,16.13,Safe
27.65,76.44,1,162.34,139.86,Warning
24.4,33.75,1,197.34,118.56,Safe
34.52,86.54,0,329.59,275.77,Danger
44.08,75.57,0,337.99,232.85,Danger
31.78,26.1,0,573.92,452.87,Danger
23.06,90.18,0,471.86,363.1,Danger
26.41,6.33,0,455.75,343.74,Warning
43.15,68.31,0,589.79,454.96,Danger
24.87,37.99,0,160.21,93.48,Safe
16.41,30.56,0,65.93,31.98,Safe
19.83,90.45,0,474.87,353.48,Danger
31.5,58.37,0,190.21,190.81,Warning
26.81,94.29,1,106.71,42.54,Safe
29.9,25.34,0,147.03,127.43,Warning
37.43,72.84,0,267.07,218.93,Danger
29.29,75.63,0,83.89,56.98,Safe
40.28,84.46,1,628.67,475.07,Danger
16.63,47.58,0,537.5,448.43,Warning
34.34,42.97,0,312.87,213.42,Danger
15.68,87.52,0,48.75,30.07,Safe
13.85,26.93,0,93.9,25.4,Safe
14.22,15.81,0,104.69,81.68,Safe
11.49,10.78,0,435.35,396.53,Warning
39.39,45.08,0,491.39,371.1,Danger
15.27,32.14,0,344.42,282.66,Warning
14.92,12.4,0,358.32,284.37,Warning
18.02,48.16,0,192.67,116.06,Warning
35.64,65.25,0,542.84,460.77,Danger
16.61,73.97,0,36.09,5.55,Safe
30.77,63.09,0,129.64,99.0,Safe
15.41,15.64,1,493.65,383.2,Warning
27.14,88.54,0,331.38,238.22,Danger
34.91,86.95,0,572.85,465.71,Danger
24.05,22.66,0,636.53,492.82,Warning
13.65,34.59,0,126.33,130.61,Safe
20.1,80.57,0,578.38,485.18,Danger
32.79,71.08,0,583.57,448.59,Danger
37.02,90.15,1,385.63,317.86,Danger
10.11,6.73,0,353.1,278.87,Warning
34.47,91.07,1,101.18,49.33,Warning
40.78,76.67,0,294.63,203.14,Danger
15.63,69.83,0,86.55,55.45,Safe
18.47,94.98,0,53.3,5.24,Safe
25.6,90.45,0,407.82,306.85,Danger
22.05,40.45,1,359.38,295.39,Warning
28.06,1.59,0,241.37,190.05,Warning
39.63,2.8,0,167.09,141.1,Warning
33.04,90.13,0,417.59,327.02,Danger
28.54,23.82,0,337.15,246.01,Warning
13.36,53.73,0,42.16,66.01,Safe
21.35,7.26,0,21.59,24.1,Safe
10.09,45.05,0,397.84,296.91,Warning
40.24,36.96,0,600.62,485.22,Danger
11.49,46.1,0,117.39,83.99,Safe
40.71,5.24,1,120.97,79.6,Safe
43.71,61.61,0,299.35,209.35,Danger
41.39,28.96,1,89.2,24.84,Safe
41.71,34.94,1,440.33,363.69,Danger
24.1,59.79,1,378.63,286.39,Warning
11.86,50.2,1,128.72,117.89,Safe
35.92,15.76,1,545.92,459.93,Danger
36.19,29.89,1,480.74,350.75,Danger
29.27,63.75,0,256.34,223.32,Warning
18.29,59.07,1,185.33,140.35,Safe
43.33,91.96,0,313.38,254.18,Danger
41.61,63.61,0,27.61,0.09,Warning
12.73,23.3,0,118.49,96.28,Safe
26.58,45.7,0,397.8,303.13,Warning
26.57,3.45,0,128.5,93.66,Safe
30.98,2.4,1,633.44,492.69,Warning
33.23,44.9,0,134.08,71.01,Safe
39.37,9.88,0,339.09,259.92,Danger
39.2,44.93,0,610.52,497.92,Danger
29.64,88.9,0,178.38,174.79,Danger
10.3,35.53,0,242.81,186.94,Warning
32.44,31.3,1,107.66,68.67,Safe
42.98,22.56,0,105.27,41.09,Warning
16.13,91.33,0,429.34,362.26,Danger
42.77,21.72,0,233.38,177.67,Danger
21.22,30.18,0,95.0,71.63,Safe
12.48,33.85,0,46.13,15.14,Safe
13.49,62.03,0,129.81,111.01,Safe
40.82,57.66,1,534.14,444.11,Danger
15.7,56.0,1,182.26,164.05,Warning
18.88,1.62,0,508.37,394.26,Warning
41.87,33.15,1,117.26,107.81,Warning
29.76,92.79,0,90.64,62.49,Safe
10.29,41.75,1,84.35,60.34,Safe
43.51,60.21,0,164.41,108.02,Warning
17.09,77.99,0,373.11,292.35,Danger
26.72,36.13,0,431.3,348.5,Warning
41.64,54.56,0,495.95,417.3,Danger
34.37,5.86,0,597.74,471.23,Danger
18.64,88.33,1,37.13,27.66,Safe
37.41,48.09,0,158.66,112.83,Warning
33.53,41.17,0,566.41,444.5,Danger
24.52,30.35,0,11.09,11.02,Safe
39.2,7.05,0,572.89,481.68,Danger
12.5,16.2,0,143.33,114.11,Warning
35.64,60.38,1,148.83,77.06,Warning
24.23,54.26,0,123.18,62.53,Safe
29.79,29.44,1,511.76,386.15,Warning
27.64,38.47,1,594.59,489.75,Warning
15.36,16.47,1,253.87,161.33,Warning
26.57,5.41,1,527.4,434.01,Warning
33.9,80.3,0,274.02,182.22,Danger
15.38,32.26,1,68.46,25.43,Safe
33.42,54.69,1,42.64,67.68,Safe
27.61,34.88,0,426.21,353.11,Warning
27.11,12.23,1,240.03,174.32,Warning
44.59,75.78,1,94.05,33.07,Warning
10.64,51.9,0,166.46,124.33,Warning
44.17,13.79,1,226.0,192.18,Danger
40.19,57.68,1,150.16,106.48,Warning
30.92,12.04,1,488.96,366.71,Warning
15.66,39.77,0,329.44,230.55,Warning
18.35,39.58,0,448.16,335.85,Warning
44.46,58.09,0,440.62,351.63,Danger
30.25,60.71,0,56.72,44.72,Safe
35.74,38.04,0,220.24,156.45,Danger
18.74,92.33,1,254.93,221.57,Danger
10.61,29.47,0,156.72,79.74,Safe
21.83,67.86,1,226.16,150.09,Warning
20.49,50.1,0,539.52,406.96,Warning
33.39,76.43,1,289.01,206.2,Danger
19.93,87.96,1,176.88,132.25,Warning
21.65,12.61,1,269.71,203.94,Warning
32.99,2.62,0,431.43,307.79,Danger
20.69,90.67,0,108.16,119.31,Warning
14.8,77.35,0,448.32,376.58,Danger
16.16,24.86,0,281.76,200.28,Warning
34.31,49.66,0,4.75,8.54,Safe
37.68,66.89,0,637.85,480.79,Danger
32.68,26.08,0,99.34,30.13,Safe
13.22,98.82,0,120.94,56.21,Safe
12.77,79.33,0,443.51,363.68,Danger
37.02,59.22,1,204.82,138.62,Warning
42.24,44.58,1,0.0,2.65,Safe
23.13,21.97,0,70.89,9.81,Safe
28.34,2.04,1,343.55,303.08,Warning
43.79,41.02,0,150.37,137.16,Warning
20.95,9.01,1,45.89,39.74,Safe
44.12,10.89,0,315.26,255.13,Danger
22.53,90.37,0,21.53,0.61,Safe
13.34,54.04,1,112.62,89.0,Safe
22.33,54.25,1,312.97,261.58,Warning
26.58,94.64,0,124.45,76.23,Safe
13.5,67.51,0,213.74,167.98,Warning
17.97,92.11,0,496.15,398.9,Danger
39.26,8.2,1,104.91,93.18,Safe
14.5,41.33,1,23.87,1.36,Safe
29.7,18.37,0,426.35,342.83,Warning
27.19,90.23,0,187.55,146.69,Warning
36.37,83.98,0,206.81,180.86,Danger
17.14,91.0,0,386.77,276.77,Danger
20.35,87.33,0,175.86,153.52,Danger
23.0,98.17,1,340.28,264.82,Danger
42.7,46.65,1,352.74,271.4,Danger
12.27,49.41,0,98.85,29.04,Safe
23.2,12.61,0,94.73,26.53,Safe
31.13,12.1,0,109.74,48.43,Safe
35.16,54.64,0,638.97,494.89,Danger
17.46,99.47,0,569.96,458.47,Danger
15.66,84.5,1,411.96,327.17,Danger
10.0,81.54,0,494.43,423.97,Danger
25.49,8.29,1,51.2,36.59,Safe
18.61,47.96,1,83.59,53.21,Safe
23.38,55.65,0,168.54,146.31,Warning
38.8,36.13,1,50.35,48.99,Safe
13.55,14.84,1,27.47,9.65,Safe
23.73,1.41,0,364.57,310.72,Warning
11.58,21.79,1,36.15,37.62,Safe
32.58,50.06,0,457.61,387.42,Danger
16.45,74.59,0,101.79,86.5,Safe
21.26,66.13,1,234.75,183.11,Warning
12.52,86.18,0,79.35,21.15,Safe
18.61,23.93,1,121.68,68.81,Safe
15.43,73.68,1,134.08,59.34,Safe
36.25,42.77,0,591.65,444.28,Danger
14.35,56.84,0,214.61,160.49,Warning
44.26,41.24,1,8.26,16.14,Safe
37.67,88.87,1,420.54,323.02,Danger
41.93,76.68,0,345.7,276.45,Danger
30.07,37.7,1,149.52,74.41,Safe
14.75,49.43,1,632.68,498.07,Warning
44.31,7.88,1,543.26,463.72,Danger
19.23,93.07,1,517.32,393.98,Danger
39.6,12.66,1,79.6,52.57,Safe
16.49,1.87,1,556.78,428.41,Warning
29.06,97.78,0,209.98,179.34,Danger
28.01,72.39,1,238.88,200.19,Warning
34.31,25.25,0,135.11,94.42,Safe
25.3,93.2,0,39.19,70.64,Safe
12.54,53.9,0,124.74,59.13,Safe
31.82,51.43,0,72.34,69.66,Safe
17.37,59.37,1,273.76,233.31,Warning
40.74,6.54,1,86.99,72.22,Safe
22.49,1.75,0,208.36,162.32,Warning
15.27,82.44,0,153.74,144.49,Warning
20.51,65.21,0,28.56,19.36,Safe
24.76,47.68,1,507.91,421.11,Warning
35.1,37.09,1,181.18,116.9,Warning
26.11,55.96,0,36.76,24.73,Safe
27.91,81.08,0,110.79,70.17,Safe
28.71,31.53,1,184.81,140.89,Safe
26.7,0.05,0,79.92,68.54,Safe
30.83,47.64,0,246.04,193.44,Danger
39.29,43.18,1,536.65,399.64,Danger
30.36,36.81,0,567.05,449.29,Danger
14.42,7.33,1,36.93,39.62,Safe
15.8,76.69,0,76.18,35.44,Safe
29.83,82.3,1,80.77,70.72,Safe
32.96,0.55,1,469.59,375.48,Warning
16.2,18.11,0,125.84,106.27,Safe
10.99,4.55,0,431.23,320.73,Warning
25.36,80.81,0,64.73,3.27,Safe
35.71,98.92,0,160.65,105.34,Danger
43.4,35.97,0,367.25,291.89,Danger
17.19,51.83,0,13.34,28.52,Safe
43.9,10.66,1,154.27,82.19,Warning
22.0,78.33,1,82.88,77.67,Safe
29.33,30.52,0,114.48,58.22,Safe
20.35,30.13,0,475.17,386.94,Warning
29.72,44.3,0,259.01,222.46,Warning
25.87,33.67,0,602.63,454.17,Warning
27.21,97.37,0,228.73,138.99,Danger
11.59,34.45,1,28.78,31.88,Safe
22.3,61.87,0,82.11,41.17,Safe
15.94,96.28,0,69.22,55.68,Safe
25.13,2.15,0,331.35,287.37,Warning
23.54,56.17,0,221.78,130.89,Warning
16.46,46.82,0,111.88,98.6,Safe
38.09,0.34,0,322.87,279.26,Danger
10.4,2.73,0,386.36,332.44,Warning
27.06,10.75,0,41.77,21.09,Safe
13.84,10.79,0,59.08,10.58,Safe
37.76,4.67,1,89.3,60.46,Safe
16.48,8.82,0,97.42,28.29,Safe
12.41,13.49,0,244.49,150.05,Warning
20.98,79.39,1,302.17,282.95,Warning
16.1,18.15,1,224.97,189.42,Warning
42.74,83.88,0,288.94,241.47,Danger
28.87,38.07,0,53.01,54.22,Safe
13.18,80.54,0,332.14,270.25,Danger
13.7,57.5,1,125.04,55.22,Safe
41.41,89.84,0,343.51,295.74,Danger
34.14,58.94,0,126.43,65.2,Safe
41.95,24.25,0,558.66,413.91,Danger
13.77,27.36,1,163.6,137.97,Safe
18.14,75.94,0,81.52,53.5,Safe
21.9,68.3,0,548.39,422.77,Danger
17.86,76.05,0,66.9,40.13,Safe
36.55,46.77,0,629.3,485.78,Danger
15.4,42.16,0,601.89,460.75,Warning
22.12,74.2,1,489.17,364.46,Warning
14.52,98.51,0,99.27,43.77,Safe
26.57,16.81,1,484.29,391.68,Warning
12.28,25.82,0,294.67,192.59,Warning
26.53,52.39,0,95.63,32.6,Safe
18.18,61.02,1,53.61,54.57,Safe
16.35,79.97,1,575.9,426.13,Warning
27.65,90.81,1,26.73,31.65,Safe
43.79,38.33,0,8.76,18.86,Warning
31.19,48.82,0,128.79,80.7,Safe
36.0,80.88,1,255.91,206.45,Danger
36.31,72.57,1,566.89,486.93,Danger
32.46,39.6,1,113.87,77.49,Safe
26.36,11.45,0,3.94,10.55,Safe
37.99,35.99,0,138.75,127.64,Warning
16.42,82.88,0,148.18,78.79,Warning
16.37,94.85,1,260.12,225.33,Danger
31.64,84.32,0,484.44,375.55,Danger
39.16,65.68,0,116.1,102.56,Warning
41.66,83.16,0,393.06,324.35,Danger
34.87,56.77,1,63.3,27.1,Safe
17.38,37.24,0,530.7,408.19,Warning
20.04,19.65,0,5.2,5.01,Safe
25.58,67.69,0,276.75,176.47,Danger
11.63,78.08,0,69.58,65.84,Safe
16.27,2.96,0,138.6,90.09,Safe
10.83,48.08,0,486.4,363.02,Warning
33.43,54.13,0,252.45,169.77,Danger
23.59,6.0,1,444.26,380.25,Warning
24.78,2.09,0,363.34,344.09,Warning
43.03,7.57,1,40.34,31.06,Safe
26.09,33.17,0,87.35,29.3,Safe
15.04,2.53,1,378.18,325.82,Warning
15.4,40.86,1,557.32,413.33,Warning
37.76,23.08,0,554.15,414.09,Danger
12.05,31.97,0,533.8,439.16,Warning
17.68,84.65,0,531.05,398.7,Danger
17.59,19.1,1,151.27,97.3,Safe
30.0,4.93,0,286.42,199.6,Danger
37.93,31.25,0,54.17,26.39,Warning
23.51,43.4,1,104.28,57.31,Safe
19.84,39.28,1,398.72,291.82,Warning
23.57,60.67,0,176.6,115.48,Warning
30.94,74.82,0,36.51,22.76,Warning
20.63,78.31,0,441.5,370.99,Danger
41.92,2.55,1,412.89,304.52,Danger
41.35,75.48,0,607.13,479.65,Danger
30.82,17.68,1,83.37,56.05,Safe
15.12,51.84,0,242.34,155.19,Warning
18.73,10.28,1,502.72,390.06,Warning
23.81,40.02,0,473.32,364.92,Warning
19.84,40.45,1,76.14,56.5,Safe
24.69,42.22,0,595.88,466.81,Warning
31.38,32.93,0,0.0,17.92,Safe
11.21,22.52,0,540.75,449.38,Warning
44.27,66.94,1,298.13,244.57,Danger
19.23,65.77,0,252.22,161.14,Danger
26.19,90.07,1,389.49,329.72,Danger
28.83,94.25,0,119.63,48.55,Safe
25.77,27.38,0,71.26,17.39,Safe
28.95,13.2,0,216.34,173.35,Warning
24.78,31.48,0,534.89,457.75,Warning
13.55,17.87,0,211.56,146.56,Warning
34.56,85.28,1,392.75,325.46,Danger
21.99,64.82,0,431.45,365.61,Warning
15.61,24.14,0,44.75,40.66,Safe
32.66,25.5,0,31.68,34.82,Safe
26.3,55.44,1,44.6,34.26,Safe
30.83,15.28,0,457.28,363.32,Danger
21.53,30.13,1,413.93,306.63,Warning
44.36,78.86,1,454.46,378.35,Danger
13.88,16.72,1,470.15,403.87,Warning
26.56,90.12,0,468.85,398.01,Danger
41.94,92.0,1,420.71,335.04,Danger
23.62,47.83,1,182.94,122.31,Safe
41.8,6.74,0,269.84,206.93,Danger
31.58,32.37,1,635.76,493.18,Warning
40.67,70.99,0,470.02,359.44,Danger
43.0,38.95,0,248.99,217.95,Danger
32.97,89.99,1,380.29,283.03,Danger
15.72,0.92,0,0.64,11.78,Safe
32.71,5.78,1,410.39,328.63,Warning
27.81,29.37,0,427.2,352.83,Warning
44.14,43.06,0,371.72,298.53,Danger
27.26,43.08,0,394.14,281.22,Warning
43.16,15.98,0,571.81,484.55,Danger
34.26,6.57,0,75.49,44.91,Safe
39.23,12.98,0,517.0,436.75,Danger
11.73,8.28,0,330.91,316.88,Warning
17.47,80.28,0,56.38,19.01,Safe
18.19,1.57,0,126.34,85.56,Safe
15.75,75.23,0,33.62,0.49,Safe
15.28,32.22,1,314.51,302.17,Warning
33.51,17.58,0,50.99,40.46,Safe
36.59,9.35,0,178.31,189.63,Danger
30.85,52.13,1,61.38,15.64,Safe
36.67,62.72,1,106.67,83.82,Safe
33.83,99.45,1,332.2,226.79,Danger
27.87,48.91,1,108.51,48.81,Safe
33.47,38.28,1,96.35,103.15,Safe
24.18,24.88,0,196.98,145.34,Warning
12.8,64.3,0,376.98,262.36,Warning
35.01,15.66,0,39.92,0.89,Warning
38.24,5.79,0,394.89,288.67,Danger
40.88,8.71,0,211.34,186.38,Danger
23.54,82.13,1,18.98,17.41,Safe
13.04,18.21,1,28.68,10.35,Safe
17.07,8.12,0,166.87,96.67,Safe
34.81,90.95,0,233.54,209.53,Danger
16.95,19.81,0,420.51,311.22,Warning
44.91,25.94,0,257.78,209.28,Danger
20.65,50.06,1,198.3,149.2,Safe
33.28,88.28,0,112.09,83.4,Warning
12.08,35.08,0,209.98,140.54,Warning
27.47,92.68,0,581.89,473.51,Danger
43.06,88.21,0,173.71,119.1,Danger
26.71,34.47,0,340.51,235.4,Warning
32.15,82.84,0,49.14,36.44,Warning
37.92,47.45,0,107.79,90.15,Warning
18.23,55.3,0,548.94,464.28,Warning
21.44,38.29,0,399.34,288.21,Warning
21.17,44.11,0,56.81,58.83,Safe
27.39,81.66,0,47.0,25.45,Safe
18.78,34.31,1,176.27,102.8,Safe
22.4,80.53,0,191.47,110.28,Warning
40.81,93.2,0,126.17,87.29,Warning
37.73,82.47,1,302.05,198.18,Danger
24.51,92.66,0,523.52,418.73,Danger
44.79,69.73,1,245.52,163.32,Danger
43.74,43.12,0,512.3,430.98,Danger
21.85,69.27,1,443.65,324.92,Warning
28.19,29.57,0,250.55,201.0,Warning
25.5,67.71,0,597.62,499.02,Danger
34.3,78.11,1,53.21,25.31,Safe
31.19,71.84,1,467.22,374.67,Danger
28.49,42.1,1,185.93,131.72,Safe
27.76,29.19,1,121.83,64.99,Safe
25.88,67.36,1,125.06,59.26,Safe
40.2,24.46,0,342.55,235.88,Danger
18.22,70.98,0,579.62,467.66,Danger
25.58,53.15,0,73.32,9.34,Safe
22.26,75.5,0,379.68,266.64,Danger
18.37,76.29,0,172.03,110.81,Warning
23.49,40.13,1,37.74,28.67,Safe
30.52,90.1,0,362.5,259.27,Danger
14.93,5.26,0,43.66,44.54,Safe
33.54,71.44,0,343.39,259.83,Danger
24.51,55.12,0,372.32,284.04,Warning
17.29,3.77,0,397.7,282.47,Warning
24.17,64.56,0,138.29,91.22,Safe
39.14,30.83,1,91.23,40.36,Safe
24.53,43.46,0,461.91,349.84,Warning
22.98,26.3,0,221.87,151.13,Warning
28.28,23.45,0,66.14,64.54,Safe
36.71,79.04,0,179.03,159.56,Danger
34.54,16.88,0,232.75,200.52,Danger
41.68,56.34,1,550.28,429.68,Danger
24.26,23.37,0,570.7,443.08,Warning
20.23,82.95,0,136.82,74.41,Safe
20.09,94.52,0,498.3,406.78,Danger
37.3,44.86,0,149.97,73.3,Warning
14.21,58.66,0,588.68,456.09,Warning
11.75,0.53,0,97.49,33.63,Safe
42.19,12.11,1,9.24,9.95,Safe
30.97,36.25,0,583.68,434.68,Danger
36.36,2.87,0,191.92,128.77,Warning
10.74,21.36,0,34.32,1.1,Safe
42.77,74.8,0,378.38,269.62,Danger
13.96,80.83,0,159.26,79.95,Warning
18.47,72.35,0,110.18,45.78,Safe
32.75,45.38,0,40.78,57.12,Safe
17.22,71.68,0,89.76,73.76,Safe
15.04,76.87,0,173.26,109.19,Warning
22.98,47.22,0,546.92,428.62,Warning
15.49,97.31,1,314.85,260.75,Danger
10.82,87.06,1,392.18,317.28,Danger
17.49,50.42,0,444.83,353.88,Warning
36.07,54.71,0,142.69,112.3,Warning
10.28,42.14,0,258.88,167.36,Warning
19.43,32.61,0,55.59,10.27,Safe
40.41,82.01,0,29.24,6.87,Warning
34.72,6.42,0,246.11,203.8,Danger
11.78,51.7,0,120.07,61.65,Safe
30.22,12.89,1,439.1,318.14,Warning
23.45,19.1,1,431.27,347.94,Warning
44.76,47.27,0,228.46,153.34,Danger
32.61,42.04,0,653.26,496.43,Danger
19.49,28.89,0,365.69,256.76,Warning
29.74,73.78,1,81.03,43.84,Safe
40.26,33.56,0,610.53,488.91,Danger
42.97,39.56,0,58.22,50.52,Warning
25.39,6.21,0,16.64,15.32,Safe
22.16,97.41,0,561.1,426.28,Danger
34.64,37.75,1,56.92,13.17,Safe
15.26,6.7,0,626.71,488.49,Warning
21.75,67.28,0,71.73,46.48,Safe
26.86,94.36,0,115.33,87.19,Safe
24.41,7.1,0,380.86,286.84,Warning
44.2,68.22,1,357.55,310.4,Danger
41.08,39.1,1,238.66,208.65,Danger
18.39,94.52,0,117.22,75.04,Safe
11.27,77.93,0,464.65,364.33,Danger
13.62,42.88,0,155.59,86.64,Safe
24.45,57.01,0,556.33,441.19,Warning
40.5,36.88,0,493.56,402.74,Danger
28.2,10.27,1,66.82,4.9,Safe
17.8,25.12,0,57.2,9.42,Safe
18.31,56.53,0,423.85,333.78,Warning
29.04,94.15,1,94.4,33.97,Safe
25.89,93.79,1,409.68,320.48,Danger
29.62,44.75,0,131.5,84.78,Safe
22.7,29.12,0,589.9,472.4,Warning
16.69,30.57,0,434.54,314.83,Warning
24.71,65.79,0,187.35,134.52,Warning
27.17,57.27,1,217.45,179.04,Warning
37.32,10.64,0,502.06,372.88,Danger
22.18,33.33,1,442.57,335.07,Warning
34.0,74.47,0,86.76,24.52,Warning
26.1,68.92,0,18.13,5.91,Safe
43.94,30.91,0,493.14,363.55,Danger
12.23,98.84,1,426.24,320.3,Danger
38.63,48.21,1,379.89,283.62,Danger
38.78,62.92,1,553.42,489.54,Danger
39.67,6.5,1,85.64,63.77,Safe
32.37,50.24,0,395.62,305.41,Danger
37.39,34.79,0,30.16,2.29,Warning
38.04,18.87,0,265.88,237.38,Danger
13.25,81.5,0,116.47,91.43,Safe
16.29,57.91,0,316.55,243.9,Warning
17.51,54.27,1,138.92,99.15,Safe
42.8,79.3,1,332.05,281.8,Danger
30.41,79.71,0,22.71,11.98,Warning
27.37,90.83,0,552.65,427.68,Danger
39.16,67.31,1,493.31,367.29,Danger
13.91,43.43,0,43.69,37.48,Safe
12.87,76.4,0,130.17,67.31,Safe
35.25,50.46,1,57.58,45.56,Safe
16.23,14.04,0,245.01,157.77,Warning
14.62,63.78,0,75.01,14.07,Safe
38.51,52.87,1,502.23,385.11,Danger
38.58,82.0,0,424.39,299.97,Danger
21.27,73.09,0,127.12,112.92,Warning
10.66,83.99,0,33.18,10.87,Safe
30.99,38.67,0,135.03,106.69,Warning
21.88,33.31,0,126.68,84.07,Safe
35.23,13.22,0,42.29,27.75,Warning
18.66,34.62,1,159.42,137.82,Safe
35.75,81.49,1,369.66,292.46,Danger
18.71,88.29,1,176.56,186.26,Warning
39.66,42.45,1,400.54,280.69,Danger
29.74,44.54,1,75.5,31.33,Safe
35.62,54.7,0,572.97,449.06,Danger
31.88,23.62,0,622.01,489.12,Danger
40.55,20.68,0,119.14,101.38,Warning
17.72,88.17,0,94.59,85.7,Safe
35.55,87.23,1,221.03,192.53,Danger
36.22,41.52,0,85.01,52.76,Warning
18.06,75.0,0,17.6,8.25,Safe
27.27,77.26,1,121.86,97.71,Safe
10.9,72.57,1,54.83,30.7,Safe
14.38,50.81,1,90.41,50.64,Safe
33.73,99.2,0,445.6,346.49,Danger
44.74,59.12,0,368.76,317.24,Danger
41.09,2.13,1,644.51,483.92,Danger
24.98,93.15,1,615.92,465.42,Danger
34.97,70.85,0,396.36,368.05,Danger
37.41,86.7,0,302.74,260.73,Danger
19.62,93.5,0,369.74,313.72,Danger
14.0,77.51,0,482.3,411.64,Danger
23.62,58.97,1,86.89,53.3,Safe
38.33,0.65,0,480.93,402.91,Danger
21.36,37.17,0,492.18,382.09,Warning
32.3,34.95,0,95.3,91.6,Safe
37.1,52.64,0,581.83,454.5,Danger
41.95,73.67,0,353.78,264.3,Danger
44.0,16.55,0,467.5,375.36,Danger
39.11,26.21,0,274.27,209.25,Danger
42.4,65.54,1,591.04,483.31,Danger
26.0,41.77,0,537.24,445.8,Warning
35.54,87.91,0,474.53,348.04,Danger
42.87,22.48,1,63.45,18.29,Safe
21.39,44.43,0,355.57,303.38,Warning
12.67,80.14,0,482.23,402.78,Danger
22.21,64.18,0,257.74,224.84,Warning
17.84,59.66,0,59.01,38.2,Safe
22.51,40.3,0,420.37,348.91,Warning
33.39,51.48,1,401.34,328.69,Warning
15.34,87.05,0,338.97,250.29,Danger
29.45,71.84,0,124.21,77.4,Safe
21.07,92.2,1,528.99,386.74,Danger
43.25,13.27,0,165.86,147.9,Warning
25.57,50.68,1,93.8,35.18,Safe
36.11,8.12,1,68.35,45.85,Safe
23.35,74.56,0,568.76,462.33,Danger
11.05,42.73,0,25.9,20.41,Safe
17.78,85.68,0,80.83,71.18,Safe
40.95,82.28,0,60.58,56.2,Warning
19.12,87.91,1,273.7,191.25,Danger
33.44,6.5,0,486.75,412.52,Danger
33.75,81.67,1,311.5,243.95,Danger
28.29,79.56,1,98.88,68.17,Safe
17.01,28.89,0,64.39,57.19,Safe
10.92,25.26,0,59.5,39.86,Safe
38.53,26.73,0,268.34,198.45,Danger
27.29,57.51,0,47.3,40.55,Safe
38.92,79.76,1,489.57,427.79,Danger
33.9,62.16,1,173.74,115.06,Warning
31.89,14.06,0,265.85,168.58,Danger
36.28,6.58,0,40.6,4.86,Warning
20.53,3.86,1,142.87,70.88,Safe
40.94,31.8,0,544.62,425.78,Danger
38.16,99.43,0,260.22,210.64,Danger
17.81,62.68,0,59.18,47.84,Safe
29.29,13.06,0,573.49,489.12,Warning
19.05,38.8,0,381.99,315.11,Warning
38.25,72.97,1,350.9,268.11,Danger
14.84,75.78,1,296.83,225.65,Warning
12.84,30.1,0,26.64,21.92,Safe
41.06,55.23,1,0.0,1.83,Safe
18.87,66.94,0,82.11,63.3,Safe
19.79,20.36,1,126.63,68.57,Safe
24.36,50.38,0,143.52,93.87,Safe
34.63,7.75,1,63.84,75.21,Safe
28.41,85.78,0,636.11,484.87,Danger
33.83,97.59,0,267.25,220.64,Danger
41.93,99.81,1,60.84,8.49,Warning
28.87,9.8,0,475.86,344.3,Warning
19.83,91.4,1,550.97,431.33,Danger
17.65,30.15,1,387.22,299.43,Warning
26.72,51.2,0,206.9,144.29,Warning
32.89,24.59,0,278.79,209.33,Danger
15.66,11.15,0,210.7,213.68,Warning
11.48,19.29,0,610.4,495.13,Warning
35.33,79.29,1,134.84,86.45,Warning
26.67,7.9,1,598.7,451.39,Warning
20.54,65.65,0,12.61,10.27,Safe
33.85,53.94,0,193.99,133.84,Warning
41.75,79.65,0,451.98,359.19,Danger
39.41,30.96,0,307.93,211.53,Danger
24.21,97.75,0,151.94,163.85,Danger
29.95,56.62,0,118.45,60.71,Safe
20.06,48.07,0,40.75,31.57,Safe
22.35,94.19,0,273.2,210.57,Danger
10.25,60.3,1,615.0,493.45,Warning
14.32,52.3,0,25.47,36.66,Safe
43.86,0.07,0,205.11,145.72,Warning
15.97,2.9,1,151.25,135.43,Safe
37.41,22.26,0,54.38,23.17,Warning
39.32,19.77,0,263.21,201.85,Danger
32.64,4.43,0,635.38,491.8,Danger
21.58,45.35,1,358.56,293.41,Warning
40.07,20.92,0,424.26,324.31,Danger
14.51,0.78,1,96.15,77.83,Safe
42.56,39.29,1,267.85,228.52,Danger
26.49,55.33,0,16.48,24.14,Safe
20.96,15.43,1,543.37,430.34,Warning
20.61,85.11,0,379.48,262.4,Danger
40.7,85.34,1,564.97,453.41,Danger
28.76,57.1,0,130.86,65.14,Safe
17.77,53.46,0,375.05,266.35,Warning
40.61,31.95,1,461.29,369.86,Danger
14.55,14.9,1,159.55,92.89,Safe
16.05,94.26,0,274.29,234.15,Danger
26.48,91.74,0,163.7,131.53,Warning
10.81,8.46,0,234.61,188.64,Warning
33.43,66.25,0,187.03,116.76,Warning
22.44,18.58,0,366.68,302.29,Warning
20.63,17.52,0,97.11,36.82,Safe
33.56,50.17,0,100.35,91.53,Safe
16.72,0.74,1,62.78,61.12,Safe
12.38,87.15,0,634.12,484.06,Danger
39.96,12.46,0,315.36,210.11,Danger
17.91,39.54,0,229.49,149.64,Warning
22.77,60.92,1,0.0,1.13,Safe
29.7,56.19,1,211.32,131.77,Safe
22.09,58.76,0,435.99,319.47,Warning
18.75,45.15,0,17.53,4.86,Safe
25.29,18.27,0,244.64,186.94,Warning
34.34,96.38,0,334.05,267.38,Danger
43.02,86.08,0,354.1,256.05,Danger
21.23,91.59,0,574.62,472.49,Danger
33.05,57.08,0,72.04,27.85,Safe
26.67,11.14,0,45.56,13.17,Safe
18.08,49.49,0,43.69,30.15,Safe
42.47,90.5,0,502.76,370.46,Danger
21.57,27.1,0,46.59,10.4,Safe
23.29,15.3,0,196.44,169.97,Warning
39.22,26.33,0,340.83,272.18,Danger
20.18,77.32,1,89.24,54.68,Safe
28.28,36.27,1,186.87,102.09,Safe
14.68,89.0,0,101.59,58.9,Safe
34.04,5.75,0,513.49,426.48,Danger
12.78,35.74,1,132.97,100.33,Safe
26.63,3.21,0,597.74,489.91,Warning
36.79,88.01,0,308.13,207.02,Danger
27.86,4.74,0,343.05,241.29,Warning
17.92,29.37,1,43.76,5.6,Safe
36.2,48.48,0,101.94,34.12,Warning
19.46,19.13,0,486.98,402.98,Warning
35.28,10.71,0,173.54,127.68,Warning
41.51,54.82,0,460.47,381.99,Danger
20.32,6.13,0,277.74,224.73,Warning
32.22,32.88,1,210.67,194.52,Warning
41.14,8.0,0,540.67,400.51,Danger
14.96,11.68,0,78.28,22.08,Safe
44.37,45.11,1,511.8,428.6,Danger
21.45,37.68,0,35.41,41.44,Safe
25.15,4.05,1,441.42,375.0,Warning
13.79,54.35,0,480.14,387.74,Warning
27.43,38.95,0,59.09,54.34,Safe
31.65,97.39,0,233.04,180.36,Danger
35.25,78.55,0,348.83,239.22,Danger
37.68,22.57,0,367.36,261.29,Danger
24.45,99.04,0,272.71,206.66,Danger
37.15,19.27,1,95.38,81.1,Safe
17.95,43.9,0,347.66,243.39,Warning
38.66,8.37,0,557.87,425.25,Danger
43.34,3.16,1,268.41,215.2,Danger
41.87,22.87,0,4.15,0.4,Warning
21.38,69.89,0,172.45,109.49,Warning
26.09,52.42,0,466.6,379.49,Warning
12.76,69.02,0,307.51,254.83,Danger
34.47,37.57,0,452.43,378.44,Danger
25.59,17.06,0,69.14,37.15,Safe
12.78,22.34,0,158.31,78.69,Safe
39.91,73.64,0,69.39,34.49,Warning
30.51,19.3,0,54.79,9.86,Safe
12.37,69.23,0,461.82,335.16,Danger
23.57,22.44,1,254.26,162.3,Warning
25.72,17.21,0,535.52,418.35,Warning
36.76,71.61,1,4.25,6.0,Warning
18.14,53.72,0,424.74,337.13,Warning
27.52,84.07,1,87.96,69.73,Safe
42.24,47.42,0,474.16,397.4,Danger
30.59,51.89,0,255.74,197.39,Danger
27.31,83.32,0,626.79,491.63,Danger
43.88,57.04,0,602.19,455.78,Danger
20.78,86.98,0,29.75,14.83,Safe
28.0,15.37,0,111.84,61.92,Safe
20.59,12.51,0,35.97,6.94,Safe
11.24,45.94,1,147.04,112.64,Safe
19.89,79.07,1,224.67,211.5,Warning
34.84,2.3,1,118.64,70.3,Safe
44.18,56.48,1,313.41,281.87,Danger
10.76,10.46,0,492.34,404.66,Warning
33.22,19.31,1,121.77,62.75,Safe
33.53,58.46,1,497.16,411.21,Warning
10.88,88.42,1,326.9,280.7,Danger
40.14,6.8,1,312.8,256.69,Danger
35.91,14.06,0,110.71,67.84,Warning
14.45,99.56,0,333.02,234.48,Danger
20.61,96.89,0,67.63,65.76,Safe
16.15,24.91,0,332.9,281.01,Warning
41.14,80.27,0,271.86,206.78,Danger
26.43,83.97,0,578.6,457.17,Danger
11.57,85.2,0,155.25,79.59,Warning
23.46,43.16,0,70.75,22.17,Safe
24.71,91.86,1,24.07,15.82,Safe
43.96,17.86,0,597.29,481.27,Danger
11.7,75.03,0,53.12,50.06,Safe
42.29,55.81,1,390.87,338.0,Danger
12.08,88.01,0,243.23,208.59,Danger
10.61,7.69,0,32.59,35.86,Safe
36.34,58.96,1,226.61,192.02,Danger
14.95,10.87,0,438.31,326.12,Warning
30.39,33.66,1,105.45,98.07,Safe
39.08,8.67,0,562.81,440.82,Danger
38.29,23.23,1,86.54,55.85,Safe
32.02,47.78,0,257.42,213.79,Danger
26.16,94.88,0,431.21,317.3,Danger
29.85,40.21,1,95.83,31.59,Safe
29.47,94.59,1,112.76,62.72,Safe
19.23,80.23,1,100.04,54.05,Safe
19.81,91.78,1,495.65,379.08,Danger
33.49,88.23,1,493.01,398.67,Danger
27.09,58.42,0,41.1,35.09,Safe
24.41,87.64,0,483.73,363.83,Danger
33.28,11.64,1,117.99,74.93,Safe
28.07,39.61,1,481.55,355.48,Warning
34.19,86.01,0,255.36,177.31,Danger
23.52,32.54,0,44.97,12.05,Safe
31.76,28.25,0,450.51,374.63,Danger
31.83,5.09,0,146.05,108.59,Warning
27.21,14.89,0,165.22,117.44,Warning
12.15,47.81,0,649.87,492.18,Warning
43.11,55.03,1,443.16,325.64,Danger
16.13,10.99,0,139.29,124.11,Safe
38.96,10.23,0,114.76,96.69,Warning
31.44,77.77,0,0.0,7.82,Warning
39.96,55.83,1,370.81,309.05,Danger
42.65,27.4,0,450.06,327.29,Danger
18.15,81.11,0,98.88,45.95,Safe
16.05,92.44,1,43.46,13.72,Safe
33.67,38.49,0,492.79,419.52,Danger
10.34,83.22,0,199.64,124.13,Warning
30.29,91.96,0,160.71,104.65,Danger
26.91,72.99,0,81.45,70.67,Safe
37.0,73.52,0,249.59,166.26,Danger
10.65,91.19,0,100.13,57.79,Safe
15.06,3.61,0,104.52,40.13,Safe
22.96,55.49,0,193.71,126.89,Warning
41.4,74.37,0,320.82,237.34,Danger
31.8,51.41,0,120.27,103.29,Warning
24.78,2.0,0,87.59,47.96,Safe
10.57,56.11,0,444.05,359.18,Warning
36.69,53.94,0,443.11,389.31,Danger
43.04,98.07,0,401.79,286.86,Danger
38.93,7.14,0,130.09,82.96,Warning
24.84,77.4,0,64.71,55.13,Safe
28.11,18.03,0,304.15,221.49,Warning
38.32,58.89,0,55.87,32.65,Warning
12.87,15.42,0,437.34,355.84,Warning
29.46,4.45,1,34.11,25.17,Safe
39.9,18.43,1,232.96,209.37,Danger
43.27,32.23,1,103.89,37.75,Safe
28.98,74.8,0,87.52,28.58,Safe
42.4,41.85,0,366.97,254.11,Danger
28.36,48.4,0,600.62,459.84,Warning
30.82,57.54,1,85.45,55.71,Safe
33.35,4.54,0,211.27,197.63,Warning
37.67,45.54,0,427.28,353.88,Danger
31.21,47.87,0,101.92,61.19,Safe
42.26,4.69,0,246.04,245.95,Danger
15.42,77.35,0,317.59,216.25,Danger
23.69,52.34,1,51.59,41.5,Safe
44.96,59.96,1,444.28,366.07,Danger
27.12,29.76,0,593.13,473.56,Warning
28.48,53.99,0,329.28,279.02,Warning
29.15,67.37,0,484.16,358.16,Danger
13.36,65.26,1,76.57,26.69,Safe
43.55,36.29,0,540.96,406.13,Danger
12.96,22.28,0,333.95,271.02,Warning
27.79,55.03,0,75.62,17.63,Safe
44.54,11.04,0,49.33,29.97,Warning
24.81,34.69,0,269.48,220.02,Warning
37.81,50.4,0,202.58,144.93,Warning
42.61,50.0,0,233.4,199.61,Danger
10.07,25.85,0,367.91,303.63,Warning
41.53,50.7,1,269.65,210.49,Danger
20.97,99.91,0,92.4,95.14,Safe
44.77,30.18,0,166.94,150.17,Danger
34.42,11.38,1,143.39,103.59,Warning
29.11,73.45,1,298.49,245.65,Warning
35.91,95.46,0,509.45,425.42,Danger
17.9,88.24,1,571.34,427.41,Danger
41.16,18.62,0,204.5,177.27,Danger
20.59,20.38,1,585.57,484.69,Warning
15.35,26.87,0,111.9,104.87,Safe
20.63,75.63,0,54.78,48.33,Safe
37.36,82.78,0,328.3,265.51,Danger
10.71,73.33,1,60.52,54.5,Safe
17.25,70.5,0,238.86,158.52,Danger
22.76,16.78,0,126.5,59.46,Safe
20.22,3.02,0,468.97,358.98,Warning
10.13,12.96,0,43.99,47.95,Safe
37.23,78.93,0,448.01,325.0,Danger
18.5,74.61,0,315.33,239.13,Danger
14.06,23.48,0,622.17,494.64,Warning
15.56,91.55,1,99.59,42.78,Safe
21.8,19.22,0,450.12,334.47,Warning
31.45,25.97,0,363.18,274.28,Danger
25.5,88.01,0,242.62,173.8,Danger
39.43,45.08,0,145.33,131.13,Warning
42.03,74.43,0,166.64,140.71,Danger
44.96,47.21,0,511.89,387.6,Danger
28.72,5.26,1,187.97,138.02,Safe
34.3,40.03,0,67.53,28.69,Safe
11.85,45.17,1,436.96,341.02,Warning
24.74,48.42,0,81.16,38.46,Safe
27.27,42.1,1,172.02,89.75,Safe
22.58,10.56,0,106.58,59.98,Safe
34.67,55.71,0,32.05,20.3,Safe
23.26,78.74,1,70.79,55.48,Safe
24.39,97.86,0,125.38,98.86,Safe
28.38,88.95,0,16.14,4.55,Safe
24.63,31.98,0,38.11,23.78,Safe
23.61,86.2,0,106.66,74.32,Safe
21.97,58.99,1,57.08,15.68,Safe
19.89,19.86,1,570.47,437.93,Warning
30.44,3.66,0,148.39,109.76,Warning
39.11,9.32,1,87.45,48.28,Safe
15.33,32.99,1,265.27,189.92,Warning
35.88,94.72,0,337.83,242.73,Danger
21.11,71.27,0,429.83,306.82,Danger
22.59,47.26,0,149.68,74.49,Safe
37.7,66.18,0,96.26,86.39,Warning
27.38,98.97,1,115.72,42.33,Safe
19.51,31.97,0,364.61,270.08,Warning
22.01,36.99,1,380.32,267.74,Warning
24.34,16.91,1,559.22,470.1,Warning
32.58,50.92,0,314.06,249.29,Danger
20.18,88.27,1,12.98,11.14,Safe
23.51,24.31,0,355.42,261.5,Warning
23.69,77.32,1,450.05,374.55,Warning
19.05,96.0,0,252.26,164.13,Danger
33.86,53.7,0,179.88,133.41,Warning
14.87,13.82,0,149.89,79.36,Safe
38.79,91.95,0,280.18,219.74,Danger
16.03,5.0,1,183.06,153.67,Warning
14.12,0.72,0,406.71,327.27,Warning
34.24,22.84,1,114.17,61.52,Safe
39.2,37.51,1,281.8,221.98,Danger
19.98,25.88,0,573.93,447.65,Warning
28.46,49.52,0,40.07,31.53,Safe
11.83,52.38,1,230.02,168.79,Warning
18.48,37.61,0,520.0,408.25,Warning
17.75,74.29,1,122.54,83.87,Safe
38.52,89.12,1,591.1,456.72,Danger
36.78,35.51,0,538.83,414.26,Danger
36.6,24.36,0,238.19,186.9,Danger
18.83,93.58,1,58.51,49.62,Safe
20.33,74.75,0,168.1,87.82,Warning
40.78,86.4,1,225.49,138.12,Danger
38.72,18.19,0,408.2,329.82,Danger
38.91,44.95,0,581.96,461.96,Danger
11.35,36.12,1,50.35,0.68,Safe
30.0,22.81,0,135.5,89.84,Safe
12.9,31.83,0,304.61,222.08,Warning
40.02,91.12,1,432.11,321.19,Danger
10.74,68.11,0,446.23,365.31,Danger
32.52,15.69,1,500.3,424.42,Warning
38.24,72.33,1,268.83,197.97,Danger
20.88,11.74,0,552.21,458.07,Warning
32.66,23.21,0,630.72,479.23,Danger
32.1,7.72,1,81.79,43.91,Safe
25.6,17.91,0,23.7,13.14,Safe
28.59,63.79,0,24.54,26.25,Safe
23.13,60.6,0,40.54,35.97,Safe
15.3,69.05,1,301.05,205.19,Warning
15.96,34.42,1,108.48,77.94,Safe
20.32,10.96,1,443.37,353.16,Warning
26.27,9.1,1,338.14,290.7,Warning
19.69,8.42,0,379.36,276.7,Warning
12.57,21.43,0,139.88,84.06,Safe
10.62,21.52,1,123.03,64.08,Safe
17.34,5.69,0,33.65,37.59,Safe
26.97,79.94,0,478.81,431.01,Danger
25.99,80.69,1,340.91,287.16,Danger
12.22,39.93,1,616.26,462.67,Warning
24.14,97.8,0,342.12,293.08,Danger
27.96,77.61,0,68.97,36.8,Safe
16.11,46.88,0,467.53,346.96,Warning
15.41,92.99,1,574.28,432.3,Danger
12.93,29.55,1,281.98,186.34,Warning
28.67,86.21,0,123.71,77.9,Safe
33.28,68.53,0,533.54,430.12,Danger
19.23,26.24,0,97.22,62.43,Safe
20.57,72.29,0,0.0,5.72,Safe
17.98,28.94,0,55.11,39.9,Safe
44.46,30.93,0,193.38,163.3,Danger
22.67,42.1,0,24.26,3.98,Safe
15.31,15.04,0,148.93,149.43,Warning
22.89,97.63,1,80.37,78.55,Safe
16.92,18.7,0,115.97,72.79,Safe
42.72,56.44,1,108.77,41.93,Safe
15.91,16.77,0,81.77,16.79,Safe
43.3,54.82,1,183.41,107.67,Warning
40.74,45.03,0,271.41,223.2,Danger
32.62,73.5,0,622.42,472.55,Danger
25.21,4.7,0,31.94,55.25,Safe
19.41,21.96,1,113.1,88.96,Safe
12.55,47.47,0,446.27,357.11,Warning
24.98,5.84,0,124.52,88.4,Safe
28.48,98.13,0,545.12,446.75,Danger
43.45,35.73,0,428.01,307.85,Danger
36.74,35.85,0,561.05,424.64,Danger
29.82,1.91,0,591.33,491.55,Warning
27.03,95.05,0,101.21,49.22,Safe
33.5,63.09,0,213.38,160.04,Warning
19.99,69.2,1,44.56,23.09,Safe
21.93,82.92,0,304.28,217.04,Danger
22.19,93.77,0,567.87,439.14,Danger
31.27,86.69,0,615.86,490.09,Danger
24.02,63.23,0,637.17,479.41,Warning
14.47,90.29,0,493.74,420.77,Danger
36.41,48.07,1,639.76,497.45,Danger
41.81,70.02,1,353.13,280.24,Danger
31.0,24.47,0,379.43,273.67,Danger
41.31,82.35,0,235.44,194.2,Danger
30.15,81.47,1,346.59,252.61,Danger
32.26,82.15,0,156.83,164.33,Danger
11.49,87.98,0,148.56,101.79,Warning
21.61,88.88,1,9.25,17.11,Safe
43.77,85.71,0,406.19,323.69,Danger
29.13,15.84,1,432.38,370.85,Warning
42.41,43.54,0,0.0,32.04,Warning
39.44,84.14,0,600.72,453.71,Danger
18.22,9.49,1,121.54,119.19,Safe
13.35,4.43,0,116.88,53.43,Safe
18.62,34.65,0,191.27,160.49,Warning
17.6,49.35,0,586.56,496.19,Warning
36.0,9.31,1,82.06,66.25,Safe
38.02,66.95,0,166.07,120.46,Danger
41.73,67.19,1,359.51,253.66,Danger
12.93,22.8,0,45.82,19.15,Safe
22.62,85.91,1,130.41,69.26,Safe
12.36,13.83,0,528.55,396.89,Warning
31.4,32.46,1,36.9,28.63,Safe
26.31,49.2,0,130.21,73.63,Safe
23.06,96.87,0,9.39,13.4,Safe
23.73,35.71,0,344.05,240.48,Warning
25.93,36.01,0,305.18,249.81,Warning
39.35,31.42,1,41.41,22.94,Safe
12.42,86.34,0,363.78,279.33,Danger
43.2,49.84,0,604.65,465.45,Danger
17.75,73.98,1,305.31,218.06,Warning
15.51,96.08,0,87.08,40.06,Safe
25.26,64.69,0,27.87,18.5,Safe
42.87,58.75,0,287.08,251.24,Danger
10.61,81.88,0,188.42,142.35,Warning
44.34,3.06,1,75.84,52.98,Safe
18.57,26.24,1,83.03,80.08,Safe
29.38,46.36,0,148.17,80.16,Safe
20.58,26.11,0,84.54,77.97,Safe
12.45,98.07,1,88.66,20.78,Safe
20.32,69.7,0,157.46,94.89,Warning
43.59,53.98,0,466.46,399.5,Danger
16.71,94.43,0,18.76,21.45,Safe
26.91,48.79,0,0.0,3.31,Safe
22.93,24.92,0,564.65,424.5,Warning
17.77,57.67,1,60.75,27.07,Safe
30.08,19.97,0,152.59,126.25,Warning
19.85,74.78,0,87.35,63.74,Safe
37.62,64.73,0,47.28,32.96,Warning
31.64,57.06,0,157.18,133.37,Warning
14.23,20.26,0,496.47,376.07,Warning
19.29,61.82,1,333.67,290.31,Warning
17.55,16.5,0,292.49,245.27,Warning
38.12,65.87,1,129.46,87.99,Warning
26.49,86.63,0,348.24,263.0,Danger
31.73,91.83,0,144.65,77.08,Warning
27.94,38.63,1,69.24,24.58,Safe
13.65,55.29,0,19.17,16.03,Safe
37.67,43.28,1,165.22,126.39,Warning
39.06,98.26,1,113.85,65.36,Warning
32.95,76.24,0,343.35,255.37,Danger
33.08,9.43,1,531.72,452.71,Warning
10.42,22.05,1,509.24,404.01,Warning
14.64,28.1,0,513.68,428.93,Warning
11.95,58.4,0,110.18,104.39,Safe
13.58,14.23,0,639.78,490.61,Warning
40.2,48.47,1,449.01,346.79,Danger
21.85,14.56,1,178.64,98.4,Safe
33.1,69.43,1,460.91,385.46,Danger
14.14,23.57,0,559.54,439.55,Warning
40.97,8.9,0,529.98,408.11,Danger
30.01,96.9,0,305.54,200.75,Danger
20.44,72.36,0,343.71,258.11,Danger
21.71,53.19,1,82.13,77.43,Safe
44.71,0.21,0,120.89,88.79,Warning
44.9,63.22,0,339.23,245.15,Danger
23.51,75.26,0,64.7,24.05,Safe
14.63,86.17,0,505.23,417.14,Danger
18.26,40.51,0,482.14,389.94,Warning
27.9,97.96,0,46.97,5.66,Safe
29.33,29.75,1,560.7,447.66,Warning
11.06,74.24,1,139.44,88.95,Safe
36.04,52.79,1,0.0,2.1,Safe
14.79,33.09,1,475.13,404.55,Warning
34.18,71.06,0,527.73,410.51,Danger
35.39,9.04,1,461.38,345.89,Danger
22.68,71.73,0,113.62,59.17,Safe
19.58,62.81,1,217.93,145.94,Safe
33.43,66.82,0,139.72,78.67,Warning
33.96,83.85,0,578.1,486.72,Danger
30.65,1.6,0,506.54,399.04,Danger
21.34,29.7,0,333.69,267.59,Warning
21.43,17.09,1,497.58,417.85,Warning
10.59,16.78,0,445.68,379.54,Warning
44.83,35.39,0,113.38,64.86,Warning
24.12,77.86,0,335.39,268.8,Danger
31.17,41.97,1,79.17,76.75,Safe
15.5,95.67,0,636.07,490.58,Danger
40.21,67.14,0,350.15,298.16,Danger
26.74,92.89,0,49.93,43.32,Safe
19.61,54.75,0,88.92,37.86,Safe
24.51,62.98,0,121.18,97.22,Safe
37.31,62.41,0,605.67,478.59,Danger
15.36,60.77,0,279.81,271.61,Warning
23.95,26.23,0,560.66,415.52,Warning
32.07,54.67,1,595.79,478.21,Warning
15.61,18.67,0,153.8,87.45,Safe
18.85,30.22,0,590.25,483.84,Warning
38.23,74.66,0,199.49,169.36,Danger
27.56,41.08,0,358.15,273.08,Warning
34.18,70.85,1,62.92,30.01,Safe
10.42,64.96,0,301.88,202.64,Warning
29.38,19.48,0,232.01,161.13,Warning
27.28,2.91,0,67.71,34.99,Safe
40.75,36.32,1,46.33,37.31,Safe
29.19,38.91,1,174.62,102.16,Safe
27.16,2.73,0,46.19,19.34,Safe
15.54,99.84,0,330.12,221.51,Danger
42.79,84.76,0,298.58,202.31,Danger
28.76,76.22,0,154.06,92.57,Warning
24.85,10.39,1,369.67,268.88,Warning
40.38,58.45,0,188.83,152.88,Danger
30.18,29.6,1,248.37,168.93,Warning
36.97,13.19,0,417.95,326.02,Danger
17.09,66.42,0,229.47,199.25,Danger
27.91,43.97,0,393.29,332.42,Warning
35.09,49.8,0,514.79,425.24,Danger
23.75,49.11,0,74.59,44.17,Safe
16.64,76.44,1,38.13,42.32,Safe
19.04,23.49,0,387.17,287.69,Warning
15.22,89.09,0,258.62,183.78,Danger
27.0,21.37,0,304.45,200.52,Warning
38.02,67.75,0,370.99,310.14,Danger
20.02,79.89,0,398.91,303.53,Danger
13.45,63.37,0,580.82,436.29,Warning
21.85,4.7,0,92.35,81.5,Safe
24.28,75.16,0,115.6,53.21,Safe
26.52,0.66,1,366.33,308.59,Warning
14.71,52.93,0,578.91,480.66,Warning
23.72,68.78,0,157.7,102.12,Warning
29.48,20.31,0,60.74,58.61,Safe
44.57,93.39,0,451.8,324.36,Danger
42.83,46.35,0,341.57,286.3,Danger
35.95,98.77,0,557.73,437.84,Danger
26.78,35.25,1,180.46,96.74,Safe
44.1,70.43,0,264.31,231.73,Danger
12.0,10.92,1,286.55,194.06,Warning
43.13,38.96,1,234.64,172.59,Danger
11.15,95.59,0,51.66,53.72,Safe
24.82,76.08,1,73.61,15.25,Safe
10.29,4.4,1,439.22,365.47,Warning
15.37,60.96,1,77.24,78.12,Safe
25.75,68.01,1,242.89,172.26,Warning
24.16,48.45,1,172.39,139.45,Safe
15.05,72.43,1,489.25,392.8,Warning
15.6,22.73,0,60.01,39.1,Safe
23.42,88.54,0,420.56,354.08,Danger
16.76,2.37,1,107.0,45.97,Safe
24.57,72.03,0,187.92,135.63,Warning
43.83,86.01,1,483.9,362.11,Danger
27.47,61.56,0,544.21,419.11,Warning
27.02,75.98,0,72.24,27.43,Safe
11.74,12.73,1,150.34,123.64,Safe
32.73,41.59,0,111.82,96.86,Safe
38.54,68.35,1,229.55,137.23,Danger
12.96,62.81,1,89.74,54.5,Safe
32.0,81.7,0,381.03,288.6,Danger
10.09,50.79,0,131.54,108.96,Safe
33.62,51.05,0,0.0,13.68,Safe
41.76,38.93,0,615.04,499.22,Danger
14.1,24.36,0,94.68,58.8,Safe
10.08,93.31,0,105.43,74.32,Safe
11.54,49.05,0,543.64,418.95,Warning
29.85,7.55,0,240.6,161.13,Warning
39.03,54.15,0,632.1,486.33,Danger
16.3,4.05,0,475.42,350.22,Warning
23.81,37.09,0,586.66,484.03,Warning
41.56,34.2,0,470.43,376.59,Danger
12.05,22.84,1,474.43,396.97,Warning
27.93,62.95,0,417.02,323.64,Warning
11.8,59.44,1,540.6,424.36,Warning
21.55,66.6,0,488.18,398.68,Danger
27.74,92.07,0,437.94,326.31,Danger
21.21,90.66,1,76.21,67.38,Safe
12.85,4.71,0,489.25,403.9,Warning
27.68,63.54,0,106.85,61.94,Safe
10.79,86.66,0,273.36,210.63,Danger
19.16,1.97,1,249.09,220.0,Warning
20.83,74.17,0,485.51,370.33,Danger
29.66,70.66,0,68.94,78.17,Safe
23.94,62.3,1,109.5,39.35,Safe
43.59,53.22,1,250.55,158.54,Danger
13.64,67.74,0,74.96,16.01,Safe
27.14,34.24,0,316.66,258.5,Warning
36.04,34.46,1,91.99,76.79,Safe
23.25,56.27,0,126.22,55.38,Safe
23.38,69.8,0,115.17,74.72,Safe
25.31,94.64,0,120.36,111.02,Warning
16.1,32.23,1,148.39,91.51,Safe
36.79,72.99,1,345.71,280.06,Danger
31.74,42.61,0,290.89,233.78,Danger
23.26,51.51,0,262.72,208.93,Warning
19.82,50.71,0,111.55,95.46,Safe
19.7,16.7,1,478.56,378.66,Warning
20.75,58.75,0,584.31,450.14,Warning
12.22,31.44,0,240.28,236.09,Warning
26.7,28.49,0,331.48,307.15,Warning
14.42,35.5,0,51.72,16.51,Safe
20.16,26.18,1,410.35,308.84,Warning
39.56,21.9,0,566.59,478.09,Danger
28.01,26.73,0,58.93,16.85,Safe
20.26,81.07,0,116.96,70.42,Safe
23.21,50.75,0,209.77,174.68,Warning
18.75,33.44,0,53.39,55.07,Safe
24.97,17.24,1,274.0,188.2,Warning
32.45,19.5,1,237.16,154.67,Warning
32.02,76.06,0,195.32,124.68,Warning
34.25,66.64,0,67.42,76.74,Warning
34.94,46.84,0,243.82,213.83,Danger
25.97,70.03,0,476.79,355.82,Danger
27.46,4.18,1,316.31,272.8,Warning
21.16,85.86,0,43.29,7.59,Safe
39.35,79.18,0,80.35,42.37,Warning
35.54,75.39,0,519.79,379.39,Danger
20.45,16.76,0,339.89,246.36,Warning
18.45,90.02,0,263.69,207.28,Danger
27.24,63.2,0,15.45,20.86,Safe
33.45,72.85,0,188.42,106.89,Warning
15.13,16.48,0,513.94,437.31,Warning
35.97,2.69,0,512.42,445.67,Danger
15.6,41.65,0,305.69,247.26,Warning
37.73,28.84,0,603.99,484.73,Danger
40.43,49.66,0,439.14,367.61,Danger
10.42,92.22,0,303.59,258.16,Danger
40.2,38.47,0,46.14,22.21,Warning
14.9,42.22,1,153.15,116.39,Safe
41.78,4.62,1,367.46,286.5,Danger
39.99,48.92,0,604.73,497.83,Danger
21.4,37.14,0,548.68,411.35,Warning
35.9,51.2,0,431.37,327.57,Danger
16.68,90.62,0,25.13,34.97,Safe
27.66,17.26,0,175.47,123.87,Warning
26.18,7.32,1,461.37,347.24,Warning
32.93,9.56,0,353.99,331.63,Danger
36.19,70.31,0,127.49,117.6,Warning
21.51,31.73,0,620.96,498.22,Warning
20.56,80.41,0,276.93,216.46,Danger
19.93,92.43,0,122.93,51.3,Safe
23.41,70.04,0,574.41,464.93,Danger
31.34,67.43,1,80.78,64.16,Safe
28.52,31.38,1,103.66,48.93,Safe
39.38,22.95,0,485.41,404.69,Danger
42.24,10.3,0,448.98,325.25,Danger
39.03,28.92,0,606.82,486.04,Danger
13.48,16.82,0,60.96,72.02,Safe
26.03,51.71,0,373.78,294.82,Warning
24.9,58.63,0,348.94,257.25,Warning
29.96,8.21,0,87.93,64.45,Safe
25.91,13.28,0,290.09,269.17,Warning
41.95,73.86,1,370.72,300.34,Danger
28.92,15.16,0,255.68,160.85,Warning
24.25,16.92,0,323.37,307.24,Warning
14.78,86.17,0,59.67,11.24,Safe
21.06,6.26,0,120.06,90.77,Safe
15.87,44.14,1,353.74,252.65,Warning
11.14,83.52,0,198.72,158.53,Danger
40.56,8.19,1,263.18,223.37,Danger
11.36,42.93,0,180.97,96.88,Safe
19.73,30.21,0,606.94,461.27,Warning
34.9,22.35,0,15.73,15.47,Safe
14.08,2.59,0,100.56,82.71,Safe
24.39,4.6,0,196.2,130.81,Warning
43.55,52.58,0,533.54,402.69,Danger
36.8,52.13,0,348.91,313.37,Danger
43.41,80.46,0,186.98,145.23,Danger
33.81,88.97,1,202.68,171.73,Danger
16.91,98.79,0,402.37,302.73,Danger
19.3,42.11,1,341.07,275.06,Warning
14.23,34.48,0,74.0,14.58,Safe
27.05,33.09,0,111.49,64.11,Safe
42.99,50.85,1,356.22,290.94,Danger
44.23,42.38,0,54.53,37.22,Warning
20.69,24.87,0,520.09,429.06,Warning
15.21,44.17,0,150.16,85.98,Safe
24.25,55.93,0,44.13,25.89,Safe
31.08,67.12,0,385.79,314.14,Danger
38.05,77.89,0,532.77,431.85,Danger
22.23,18.68,1,430.45,368.59,Warning
35.89,94.43,0,136.95,75.92,Warning
10.18,19.46,0,58.08,40.9,Safe
44.13,39.73,0,175.69,116.06,Warning
32.56,58.23,1,110.45,129.41,Safe
28.83,0.73,0,93.48,32.74,Safe
20.34,87.47,0,0.0,6.94,Safe
26.5,16.6,0,490.96,415.05,Warning
26.64,4.66,1,74.69,37.17,Safe
22.08,16.94,1,137.01,154.76,Safe
13.64,78.09,0,440.18,354.26,Danger
29.57,22.6,1,427.95,314.41,Warning
16.23,30.33,0,61.69,35.85,Safe
23.79,43.19,0,18.32,18.67,Safe
39.74,70.96,0,315.2,228.77,Danger
20.53,70.76,1,545.89,402.89,Warning
40.35,15.26,0,450.89,386.5,Danger
41.38,0.86,0,36.68,2.04,Warning
43.7,44.14,0,61.93,54.95,Warning
21.48,15.92,0,581.48,496.08,Warning
23.02,69.3,0,61.44,35.41,Safe
28.98,54.87,1,94.4,34.29,Safe
27.91,55.39,0,595.55,497.73,Warning
16.47,82.03,0,645.65,498.63,Danger
39.83,13.53,1,297.93,262.19,Danger
10.66,78.68,1,167.71,122.64,Warning
42.93,69.07,0,483.02,394.4,Danger
27.18,79.29,0,65.33,46.53,Safe
19.99,69.58,0,453.18,346.74,Danger
14.91,82.04,0,462.98,420.78,Danger
43.28,24.25,0,472.26,393.16,Danger
25.27,25.53,1,571.94,456.54,Warning
42.48,91.56,0,350.25,248.91,Danger
17.94,65.7,0,563.71,456.44,Danger
32.6,20.42,0,447.31,350.86,Danger
22.51,35.13,0,429.15,330.62,Warning
22.0,53.52,1,236.35,149.01,Warning
21.38,6.09,0,592.52,440.49,Warning
38.66,17.22,1,106.35,69.2,Safe
18.55,0.6,0,418.71,321.19,Warning
36.6,20.36,1,370.39,274.61,Danger
30.32,57.52,0,299.55,222.89,Danger
31.13,7.75,0,65.05,62.31,Safe
38.1,49.87,0,592.85,495.13,Danger
32.15,33.52,1,494.03,409.21,Warning
13.1,47.25,1,445.71,370.84,Warning
12.46,58.54,0,162.22,96.26,Safe
39.58,90.96,1,229.9,190.69,Danger
14.64,69.72,1,0.0,2.43,Safe
24.82,18.93,0,565.65,456.53,Warning
35.0,70.26,0,510.87,374.83,Danger
19.7,56.75,0,183.05,99.6,Safe
10.19,52.3,1,163.99,136.66,Safe
16.34,9.88,0,105.18,92.96,Safe
38.12,40.03,0,566.42,428.75,Danger
23.92,42.85,1,542.14,457.0,Warning
41.67,1.85,0,332.73,251.1,Danger
23.95,15.09,0,416.06,296.84,Warning
32.49,19.91,0,3.61,20.98,Safe
38.26,3.82,1,61.2,14.42,Safe
31.66,29.02,0,128.46,69.75,Safe
10.88,14.53,0,400.03,335.13,Warning
24.88,9.3,0,424.22,321.42,Warning
44.04,78.68,0,333.55,277.5,Danger
32.27,95.5,0,381.31,266.9,Danger
44.76,62.77,0,442.2,330.42,Danger
29.88,67.01,1,94.07,83.84,Safe
21.65,41.58,0,74.35,38.34,Safe
12.42,11.39,0,274.0,239.23,Warning
12.64,33.15,1,194.29,144.81,Safe
39.13,83.12,0,528.09,415.07,Danger
10.35,37.72,0,640.31,484.39,Warning
18.1,86.66,0,113.78,102.48,Warning
24.59,84.29,0,286.15,189.48,Danger
22.49,82.49,0,42.62,42.5,Safe
35.43,70.04,0,192.0,111.47,Danger
12.22,62.78,0,599.77,486.68,Warning
15.79,47.34,1,184.73,118.38,Safe
41.59,25.44,0,72.32,18.64,Warning
35.53,23.57,1,75.2,32.31,Safe
39.7,99.11,0,392.99,273.97,Danger
11.41,43.47,0,0.0,13.13,Safe
13.4,29.39,0,134.44,140.23,Safe
13.87,55.49,1,449.59,384.58,Warning
12.22,34.52,0,333.52,243.11,Warning
42.21,15.93,1,229.91,231.11,Danger
21.55,45.31,0,499.51,414.39,Warning
20.77,72.01,1,198.85,171.0,Warning
16.53,39.24,1,25.37,24.77,Safe
28.91,45.85,1,616.7,473.27,Warning
21.83,56.12,0,465.2,349.37,Warning
20.98,24.38,1,190.93,135.31,Safe
21.81,69.03,0,159.49,89.96,Warning
30.6,6.6,0,291.26,221.68,Danger
28.44,28.15,1,106.84,115.5,Safe
12.28,45.01,0,99.0,56.39,Safe
13.7,2.75,0,477.23,345.13,Warning
23.84,92.8,1,394.91,294.54,Danger
15.09,8.87,0,112.89,55.05,Safe
23.38,26.07,0,126.39,67.03,Safe
44.58,91.16,1,227.29,142.18,Danger
40.75,25.64,0,264.47,207.05,Danger
19.1,71.6,1,100.32,60.49,Safe
19.45,23.58,0,321.06,216.11,Warning
25.03,49.04,0,44.83,46.65,Safe
28.63,61.83,0,158.63,79.14,Safe
10.27,0.57,0,108.01,52.6,Safe
29.43,32.08,0,188.93,119.53,Warning
12.01,39.46,1,127.87,76.98,Safe
43.43,54.93,0,156.27,113.87,Warning
42.34,95.51,0,471.58,384.3,Danger
14.93,96.87,0,138.4,78.96,Safe
37.19,56.76,0,85.4,42.48,Warning
39.23,36.78,1,575.82,473.57,Danger
32.27,93.86,0,526.21,462.32,Danger
14.13,68.68,0,458.06,350.2,Danger
19.31,0.8,0,358.94,272.51,Warning
16.94,70.65,1,485.47,404.98,Warning
44.56,46.75,1,92.33,27.21,Safe
11.64,31.93,1,19.0,10.18,Safe
30.78,19.55,0,75.76,53.49,Safe
24.66,22.76,1,484.52,401.91,Warning
38.68,96.47,0,104.05,54.05,Warning
31.64,65.89,0,349.01,237.6,Danger
40.64,5.74,1,40.3,51.92,Safe
11.82,86.71,0,79.83,72.79,Safe
12.5,3.83,0,129.4,100.15,Safe
11.16,60.89,0,500.94,396.41,Warning
38.6,16.9,0,372.31,275.15,Danger
31.47,30.32,0,444.73,358.9,Danger
44.57,35.59,0,435.82,368.88,Danger
41.23,29.88,1,139.39,74.96,Safe
17.66,52.64,1,0.0,0.34,Safe
38.09,52.3,1,14.94,2.27,Safe
24.71,90.48,0,396.7,292.04,Danger
17.44,59.17,0,97.01,65.05,Safe
35.26,24.49,0,126.72,88.22,Warning
19.01,39.29,0,84.36,19.53,Safe
30.86,32.31,0,616.51,469.98,Danger
28.24,98.21,0,294.54,236.41,Danger
37.06,76.02,0,254.2,214.95,Danger
21.9,87.04,0,111.04,99.24,Safe
30.82,19.03,0,411.52,291.18,Danger
35.12,4.14,0,442.94,388.42,Danger
28.21,11.62,0,114.07,102.7,Safe
20.85,68.5,0,104.78,65.64,Safe
10.93,91.15,0,492.41,396.26,Danger
18.9,42.53,0,425.32,347.26,Warning
13.12,5.49,0,109.28,79.18,Safe
41.01,81.75,1,289.57,237.93,Danger
21.32,24.01,0,26.82,12.41,Safe
40.05,5.49,1,185.79,150.1,Warning
31.56,18.91,1,310.54,267.73,Warning
31.15,10.46,0,79.62,53.66,Safe
41.35,60.45,0,146.2,89.03,Warning
42.91,97.05,0,255.95,186.57,Danger
22.45,81.74,0,329.28,254.54,Danger
33.83,3.16,0,544.02,474.1,Danger
16.19,46.1,0,296.41,226.52,Warning
35.96,54.67,0,347.42,238.08,Danger
14.85,37.49,0,445.46,409.03,Warning
26.68,34.05,1,159.09,80.76,Safe
10.24,49.92,0,489.66,371.76,Warning
11.26,81.26,0,512.58,381.46,Danger
11.47,78.35,0,277.32,237.64,Danger
28.49,6.42,0,166.41,133.9,Warning
13.27,71.85,1,577.15,442.2,Warning
21.75,80.31,1,524.55,426.81,Danger
43.0,71.91,0,389.5,276.19,Danger
36.74,93.33,1,494.76,384.27,Danger
32.97,63.23,0,259.4,182.34,Danger
16.74,71.49,0,215.82,175.05,Warning
43.26,25.69,1,411.41,326.45,Danger
44.51,49.17,0,354.38,269.39,Danger
42.69,15.42,1,301.6,247.97,Danger
23.59,3.44,0,129.95,118.74,Safe
15.49,47.98,0,331.86,259.3,Warning
13.14,59.81,0,102.81,80.08,Safe
30.46,30.53,0,418.77,340.63,Danger
36.52,85.28,0,126.56,56.19,Warning
23.92,24.99,0,134.12,81.42,Safe
44.22,32.05,0,29.8,14.07,Warning
18.69,8.36,0,112.89,71.32,Safe
13.6,27.8,1,355.73,303.95,Warning
31.0,88.95,0,107.15,49.86,Warning
43.34,40.15,0,45.87,1.72,Warning
41.24,25.53,0,522.25,403.49,Danger
40.73,46.28,0,214.31,179.37,Danger
38.66,3.03,0,83.52,19.39,Warning
43.8,76.95,0,472.57,386.31,Danger
23.45,98.44,0,401.18,306.98,Danger
11.96,69.2,0,369.72,313.74,Danger
20.33,66.19,0,409.56,328.87,Danger
40.57,78.61,0,64.46,52.92,Warning
28.94,68.47,0,206.51,162.84,Warning
28.63,55.41,0,291.53,239.85,Warning
43.34,0.15,1,605.66,498.69,Danger
24.47,40.93,1,289.19,229.38,Warning
16.81,9.98,0,360.8,302.82,Warning
12.0,34.03,0,436.84,358.21,Warning
38.97,46.13,0,244.83,211.23,Danger
29.36,53.48,1,434.23,370.63,Warning
31.18,44.9,0,246.33,209.43,Danger
12.94,84.27,0,472.21,345.02,Danger
18.63,46.19,0,157.13,114.59,Warning
14.98,82.99,1,318.32,225.85,Danger
34.27,32.49,0,116.38,68.6,Safe
14.45,71.12,1,72.08,64.69,Safe
19.19,55.66,1,223.18,180.48,Warning
44.26,26.87,0,354.73,294.19,Danger
26.9,3.1,0,563.03,471.22,Warning
19.49,39.23,1,3.67,15.05,Safe
13.46,92.07,1,486.42,400.95,Danger
15.3,41.17,1,369.98,343.28,Warning
10.84,40.34,0,486.9,399.26,Warning
34.37,13.73,0,407.99,307.84,Danger
23.87,47.42,1,184.59,143.3,Safe
33.88,83.42,0,272.07,232.46,Danger
18.46,57.02,0,26.82,49.55,Safe
15.67,81.38,0,520.53,404.34,Danger
43.73,97.05,0,312.71,226.42,Danger
18.8,55.58,1,248.71,155.8,Warning
21.12,60.51,1,562.88,471.7,Warning
14.29,64.43,0,625.54,471.29,Warning
18.37,73.46,0,572.98,476.29,Danger
39.75,50.31,0,323.9,253.61,Danger
17.79,32.54,1,121.0,110.09,Safe
10.64,67.4,1,55.92,9.44,Safe
11.71,15.17,0,94.46,70.39,Safe
31.3,69.37,1,27.28,19.39,Safe
18.47,14.36,0,275.87,214.62,Warning
24.26,62.7,0,534.43,395.92,Warning
23.65,57.79,0,148.02,97.83,Safe
34.4,78.7,0,355.91,248.09,Danger
42.06,2.38,1,431.59,360.65,Danger
19.5,18.41,0,151.33,80.0,Safe
31.06,40.86,0,34.78,60.43,Safe
33.97,25.73,1,517.2,410.8,Warning
20.55,23.0,0,458.34,386.21,Warning
26.1,71.07,0,377.11,270.75,Danger
12.54,45.83,1,566.13,499.23,Warning
23.67,30.83,0,77.82,26.21,Safe
25.87,59.06,0,139.08,114.91,Safe
16.48,89.47,0,44.75,33.66,Safe
26.93,59.72,1,140.12,112.11,Safe
40.01,55.29,1,559.11,456.97,Danger
29.38,31.67,1,133.17,109.94,Safe
31.09,46.11,1,208.67,130.02,Warning
11.84,84.29,0,138.93,112.76,Warning
43.22,38.75,0,257.01,203.79,Danger
19.86,27.19,0,50.52,31.94,Safe
26.05,39.67,0,191.12,144.94,Warning
13.11,52.02,1,607.3,472.66,Warning
15.92,85.13,0,173.49,96.01,Warning
25.33,58.54,0,137.89,114.29,Safe
31.42,50.49,0,476.98,379.2,Danger
42.91,82.2,0,566.32,459.88,Danger
30.94,35.48,0,362.03,256.28,Danger
43.14,30.47,1,466.99,374.15,Danger
43.51,70.66,0,244.84,203.19,Danger
19.6,44.94,0,39.68,68.77,Safe
32.01,25.82,0,347.7,254.34,Danger
20.32,31.87,0,586.03,475.83,Warning
20.19,22.16,0,8.7,16.74,Safe
15.14,61.79,0,34.5,24.79,Safe
10.05,53.96,1,137.73,97.75,Safe
27.17,77.65,1,134.59,60.33,Safe
38.72,8.46,0,361.55,300.39,Danger
13.71,55.53,1,171.12,181.06,Warning
17.4,99.58,0,54.58,51.61,Safe
27.09,38.75,1,132.28,108.37,Safe
34.08,38.53,0,480.52,379.12,Danger
35.45,23.28,0,100.34,75.34,Warning
14.99,91.91,1,19.76,3.59,Safe
11.01,72.85,0,297.66,202.77,Danger
24.84,50.87,0,503.31,365.4,Warning
33.57,20.56,0,506.4,433.67,Danger
27.06,53.89,0,484.77,401.01,Warning
28.4,45.04,0,141.75,65.58,Safe
16.87,1.02,0,28.81,63.27,Safe
37.34,75.35,1,379.09,311.11,Danger
23.1,74.12,0,509.6,429.98,Danger
32.05,7.32,0,441.81,368.87,Danger
27.2,10.1,0,258.5,212.49,Warning
15.67,85.1,0,274.71,204.04,Danger
22.14,2.54,1,337.84,262.41,Warning
29.27,6.1,0,223.64,139.89,Warning
21.57,81.26,0,255.74,196.69,Danger
33.4,20.35,1,503.65,405.0,Warning
32.22,10.63,0,302.98,236.83,Danger
32.31,83.41,0,596.08,481.41,Danger
38.31,94.09,1,30.79,32.81,Warning
30.18,42.12,1,471.18,396.34,Warning
17.57,89.97,0,60.91,10.14,Safe
10.72,68.0,1,129.16,116.23,Safe
13.61,14.5,0,110.53,53.73,Safe
21.71,6.35,0,495.69,361.0,Warning
30.91,20.4,1,127.44,81.47,Safe
19.59,31.85,0,405.82,333.89,Warning
37.14,4.36,1,462.71,372.35,Danger
37.23,63.18,0,28.78,27.84,Warning
28.67,56.41,1,133.62,101.89,Safe
32.97,24.41,0,135.28,69.84,Safe
37.11,85.7,0,581.16,451.08,Danger
25.13,85.11,0,596.9,461.44,Danger
21.41,45.76,1,193.54,131.18,Safe
32.17,54.14,0,508.11,401.93,Danger
22.86,76.26,1,407.42,287.05,Warning
35.38,62.49,1,50.42,33.61,Safe
21.72,69.2,0,59.67,82.48,Safe
20.48,99.67,1,71.9,51.11,Safe
27.63,93.03,0,554.17,438.95,Danger
17.11,42.58,0,124.78,59.39,Safe
10.58,14.13,0,114.7,98.09,Safe
35.78,88.96,0,225.23,190.54,Danger
33.7,82.43,0,276.28,198.58,Danger
20.13,26.73,1,507.43,429.01,Warning
34.79,16.94,1,638.55,478.65,Warning
26.06,8.35,1,14.08,18.88,Safe
14.44,78.11,1,148.61,134.38,Warning
19.85,16.23,0,445.85,357.16,Warning
39.79,28.51,0,454.66,381.56,Danger
34.63,16.81,1,145.49,97.96,Safe
33.53,35.3,1,486.84,406.39,Warning
35.87,51.66,0,405.96,355.45,Danger
20.42,99.93,0,289.96,224.87,Danger
39.03,61.85,0,505.69,430.85,Danger
18.6,48.43,0,159.15,135.37,Warning
14.43,90.32,1,578.06,479.97,Danger
35.14,18.36,1,222.69,134.88,Warning
29.81,79.25,0,136.57,84.99,Safe
20.23,20.39,1,80.1,63.9,Safe
23.19,16.22,1,497.05,415.67,Warning
11.12,85.22,0,412.71,332.5,Danger
15.48,63.62,0,241.91,222.47,Warning
32.05,87.09,0,566.91,455.49,Danger
37.77,28.21,1,268.08,263.08,Danger
12.52,3.0,0,36.6,19.5,Safe
23.4,4.26,1,22.51,21.85,Safe
10.33,80.46,0,561.06,450.6,Danger
19.4,43.0,0,351.67,304.48,Warning
19.55,78.95,0,419.55,321.92,Danger
41.31,3.2,0,32.85,31.83,Warning
33.3,5.02,0,32.62,9.12,Safe
16.34,19.37,0,98.29,90.6,Safe
23.93,45.67,0,403.31,297.09,Warning
16.77,67.51,1,306.22,244.43,Warning
12.35,80.12,0,322.28,237.63,Danger
41.49,48.01,1,227.73,160.42,Danger
36.77,96.2,0,558.46,464.85,Danger
38.26,55.0,0,237.49,194.07,Danger
37.88,51.98,0,389.03,300.81,Danger
18.64,32.37,0,112.38,60.3,Safe
32.58,1.73,0,610.58,484.12,Danger
24.26,79.04,1,95.16,54.17,Safe
25.09,74.61,1,114.98,103.61,Safe
33.93,27.84,1,596.2,480.72,Warning
38.03,70.07,0,432.19,367.68,Danger
15.49,74.06,1,130.74,105.81,Safe
32.08,14.88,0,45.89,1.1,Safe
43.24,21.44,1,134.89,67.36,Safe
14.07,75.52,0,319.67,250.51,Danger
16.19,12.8,0,72.69,26.34,Safe
16.34,9.76,0,122.8,63.97,Safe
19.09,84.41,0,380.07,325.24,Danger
20.91,43.58,1,631.66,479.87,Warning
20.78,40.16,0,458.93,420.44,Warning
35.16,11.77,0,69.39,57.01,Warning
43.54,39.67,0,464.19,357.51,Danger
42.28,60.57,0,454.21,380.59,Danger
35.38,52.83,0,119.9,106.94,Warning
25.21,1.5,0,136.71,121.91,Safe
13.41,31.79,0,6.2,15.78,Safe
11.29,41.11,0,291.89,235.13,Warning
31.92,6.58,0,422.06,338.78,Danger
26.98,30.63,1,146.64,74.36,Safe
31.46,39.01,0,55.19,51.83,Safe
10.0,27.09,0,277.03,215.63,Warning
28.37,10.97,1,286.07,210.73,Warning
16.63,8.76,0,137.23,77.5,Safe
26.53,23.63,0,155.2,113.82,Warning
21.13,46.81,0,461.64,387.72,Warning
10.18,73.65,1,40.28,40.03,Safe
34.38,40.35,0,116.49,53.45,Safe
11.19,74.31,0,52.62,5.57,Safe
26.0,11.09,0,534.32,452.57,Warning
12.18,88.85,0,312.85,238.13,Danger
24.74,72.46,0,256.61,222.31,Danger
16.37,87.64,1,627.7,472.38,Danger
13.55,56.45,0,72.83,53.69,Safe
11.7,78.31,0,554.23,424.48,Danger
10.59,16.74,0,129.59,56.24,Safe
21.03,89.86,0,23.48,28.33,Safe
12.67,18.63,0,70.47,65.0,Safe
30.83,37.6,0,24.27,3.88,Safe
32.17,31.21,0,575.58,474.39,Danger
13.84,62.74,0,455.78,396.04,Warning
28.7,4.72,0,170.96,151.47,Warning
31.04,0.85,1,213.8,126.2,Warning
34.1,43.75,0,223.51,141.62,Warning
34.0,34.14,0,398.69,362.2,Danger
15.4,39.3,0,428.54,307.53,Warning
15.57,64.67,1,175.82,109.89,Safe
31.91,9.67,1,323.08,239.98,Warning
29.83,23.24,0,472.47,383.7,Warning
32.04,91.47,1,73.57,16.06,Warning
11.13,81.4,1,115.68,51.24,Safe
24.77,43.97,0,94.12,74.98,Safe
16.07,79.73,0,227.44,166.39,Danger
20.13,48.59,0,482.44,380.45,Warning
39.1,29.04,0,607.24,481.56,Danger
37.44,45.96,1,59.6,62.12,Safe
40.46,61.75,0,115.61,78.12,Warning
28.74,24.53,1,505.76,390.01,Warning
34.1,69.65,1,394.93,325.45,Danger
26.38,72.31,1,219.61,138.45,Warning
29.27,36.25,0,36.95,16.85,Safe
30.39,57.17,0,626.08,476.7,Danger
22.54,89.44,0,382.83,300.06,Danger
19.05,63.41,1,377.01,301.82,Warning
11.75,36.01,0,388.69,309.94,Warning
27.52,34.5,0,76.68,12.28,Safe
11.67,65.1,0,96.1,62.37,Safe
19.27,68.38,0,427.72,336.17,Danger
32.7,73.2,0,286.08,211.29,Danger
27.37,87.5,0,374.98,260.34,Danger
31.54,52.61,0,497.57,415.9,Danger
14.54,55.4,1,27.75,27.19,Safe
34.33,52.27,0,593.4,493.01,Danger
37.28,12.23,0,213.38,159.29,Danger
38.27,75.29,0,107.88,77.82,Warning
25.42,49.17,0,581.52,464.29,Warning
30.4,43.8,1,392.81,280.52,Warning
17.34,8.92,1,203.22,122.89,Safe
34.09,54.48,1,0.0,6.29,Safe
10.77,59.92,0,413.32,348.35,Warning
39.49,65.7,0,140.48,65.58,Warning
29.8,68.24,0,329.29,282.57,Danger
23.31,0.59,1,272.33,175.88,Warning
43.49,24.19,0,289.26,191.12,Danger
23.73,30.62,0,15.99,8.33,Safe
22.31,64.11,0,83.52,43.77,Safe
21.7,25.04,0,54.06,53.92,Safe
34.05,83.36,0,140.76,95.47,Warning
21.71,76.47,0,142.51,69.64,Warning
19.01,0.88,0,136.13,95.93,Safe
19.27,49.58,0,471.98,386.69,Warning
17.07,72.08,0,31.49,21.91,Safe
43.24,93.16,1,145.87,125.9,Danger
17.79,81.66,0,279.39,230.15,Danger
41.51,24.22,1,587.15,448.54,Danger
42.06,29.91,0,116.37,43.27,Warning
43.78,17.67,0,630.22,485.8,Danger
25.4,29.49,0,454.63,371.87,Warning
16.0,49.99,1,313.98,216.95,Warning
10.5,55.65,1,180.68,127.35,Safe
32.65,64.07,0,137.1,62.68,Safe
27.79,58.15,0,194.04,172.03,Warning
32.2,83.45,0,452.03,340.53,Danger
23.32,31.65,0,77.46,12.14,Safe
30.6,22.71,1,478.93,373.74,Warning
25.05,58.0,0,394.92,327.35,Warning
44.22,6.47,0,649.38,487.6,Danger
36.52,39.11,0,317.31,263.92,Danger
34.55,1.12,1,74.27,30.0,Safe
19.71,54.04,0,37.96,32.93,Safe
15.44,14.47,0,484.63,399.62,Warning
40.75,89.04,0,496.33,407.43,Danger
38.27,19.54,0,477.9,356.26,Danger
27.14,14.86,0,351.62,269.29,Warning
31.37,3.76,0,143.18,90.0,Warning
29.44,61.02,0,77.05,11.29,Safe
26.85,47.89,0,358.69,304.87,Warning
42.51,37.46,0,207.27,119.27,Warning
32.77,32.01,0,35.81,5.27,Safe
12.55,20.36,0,147.81,103.37,Warning
40.11,68.19,0,454.01,368.96,Danger
35.31,27.47,0,462.27,376.85,Danger
29.29,9.71,0,168.68,102.38,Warning
19.91,11.45,0,163.32,96.63,Safe
20.45,60.44,0,257.61,206.21,Warning
13.05,46.69,0,37.68,23.07,Safe
42.32,47.95,0,243.12,155.79,Danger
21.64,63.3,0,93.71,50.21,Safe
44.12,76.7,1,54.02,9.74,Warning
20.1,91.77,1,631.6,494.4,Danger
18.39,41.4,0,69.2,94.45,Safe
40.93,53.09,0,572.4,450.46,Danger
15.54,89.22,0,21.09,18.89,Safe
18.86,34.44,0,125.08,83.61,Safe
14.9,8.02,1,72.64,31.56,Safe
40.34,50.47,1,239.13,198.78,Danger
14.73,95.96,0,13.58,26.49,Safe
19.71,17.96,1,101.14,59.65,Safe
19.54,67.27,0,114.78,51.69,Safe
29.97,39.84,0,107.73,80.82,Safe
26.27,77.94,0,238.07,201.34,Danger
36.85,73.84,0,52.46,19.95,Warning
17.11,94.18,1,394.18,285.58,Danger
35.76,78.71,0,405.05,319.04,Danger
28.01,4.94,1,341.53,289.04,Warning
27.94,39.99,0,171.82,96.53,Safe
15.32,8.37,0,484.97,405.28,Warning
19.24,42.38,1,391.61,329.56,Warning
13.68,32.29,0,412.85,343.8,Warning
25.11,33.52,1,374.73,323.52,Warning
10.08,54.06,1,85.95,42.18,Safe
24.18,34.7,0,149.3,81.35,Safe
33.2,7.38,1,481.68,418.72,Warning
23.46,98.65,0,337.46,275.87,Danger
20.65,49.26,1,79.61,48.6,Safe
31.8,60.73,0,293.2,214.66,Danger
19.1,1.35,0,95.41,32.39,Safe
24.58,63.9,0,360.35,249.02,Warning
11.16,13.35,0,45.89,8.37,Safe
14.06,94.07,0,86.55,70.84,Safe
20.81,11.53,1,55.09,45.85,Safe
26.05,31.36,0,437.43,335.49,Warning
25.48,73.97,1,514.95,382.97,Warning
42.02,29.9,1,484.1,405.35,Danger
37.67,74.92,0,375.75,324.54,Danger
36.38,20.28,1,29.78,1.66,Safe
38.38,61.39,0,237.8,217.05,Danger
23.02,28.9,0,489.88,418.57,Warning
32.97,66.14,1,0.0,7.95,Safe
42.0,63.98,1,211.33,184.28,Warning
38.71,82.44,0,452.26,349.24,Danger
27.52,86.75,0,247.34,190.83,Danger
35.32,2.97,0,190.03,195.38,Danger
43.24,64.34,1,311.57,231.17,Danger
29.82,62.72,0,141.56,78.41,Safe
36.78,43.77,0,264.75,197.56,Danger
36.86,57.66,1,351.07,282.51,Danger
34.06,35.93,0,446.26,344.07,Danger
23.36,55.39,1,34.65,21.12,Safe
37.54,8.58,1,23.41,4.33,Safe
18.3,30.8,0,53.85,15.08,Safe
15.2,24.33,0,430.94,348.65,Warning
37.35,31.89,0,372.01,316.95,Danger
10.54,43.53,1,199.55,123.42,Safe
17.9,15.54,1,99.5,67.25,Safe
36.19,83.1,1,49.21,27.45,Warning
29.99,83.63,0,400.23,328.96,Danger
24.16,49.94,0,72.57,72.69,Safe
37.38,83.57,0,368.41,284.24,Danger
36.69,61.2,0,163.69,133.43,Warning
12.28,26.28,0,627.74,474.33,Warning
31.21,23.05,0,49.76,41.33,Safe
41.6,45.32,1,179.56,147.96,Warning
23.43,67.82,1,367.58,307.77,Warning
27.2,21.88,0,104.18,33.02,Safe
35.95,22.86,0,583.18,469.89,Danger
26.55,6.01,0,446.24,366.25,Warning
23.24,65.78,1,377.29,299.62,Warning
39.7,35.97,1,109.29,46.48,Safe
34.37,13.32,0,466.17,396.59,Danger
27.13,45.6,0,85.72,113.06,Safe
37.63,38.12,1,394.17,294.52,Danger
37.98,99.8,1,330.69,231.84,Danger
33.88,98.67,0,549.39,439.79,Danger
26.6,68.22,0,77.84,57.79,Safe
28.84,48.35,1,314.48,217.79,Warning
20.71,88.87,1,371.87,285.69,Danger
12.39,63.12,1,572.28,460.46,Warning
10.6,78.33,1,122.14,98.0,Safe
43.65,17.39,1,24.57,3.99,Safe
11.73,69.75,0,623.51,493.72,Danger
32.76,78.12,1,392.0,325.88,Danger
44.68,1.49,1,392.03,359.91,Danger
24.2,75.69,0,593.41,494.43,Danger
34.79,25.44,0,527.03,398.95,Danger
34.81,51.44,1,473.6,429.33,Warning
31.49,43.39,0,114.76,85.55,Safe
20.42,6.88,0,454.93,355.49,Warning
41.99,24.98,1,332.41,269.56,Danger
19.75,93.34,0,87.73,76.82,Safe
39.4,9.91,0,356.26,270.5,Danger
20.97,90.18,0,174.06,101.5,Warning
30.15,42.49,0,376.1,311.62,Danger
34.57,8.64,0,338.74,247.76,Danger
36.19,12.99,0,338.95,253.79,Danger
23.18,7.76,0,36.19,28.31,Safe
19.67,14.31,0,544.31,423.89,Warning
28.85,18.27,1,492.42,389.4,Warning
44.98,44.25,0,31.37,20.39,Warning
22.54,91.66,1,594.29,460.56,Danger
36.91,36.34,0,449.26,358.31,Danger
39.38,97.3,0,65.59,55.3,Warning
26.48,53.75,0,443.84,332.05,Warning
27.06,29.2,0,444.77,396.11,Warning
15.64,44.49,1,159.97,85.09,Safe
24.21,71.1,1,221.24,153.69,Warning
38.92,82.26,1,358.56,258.52,Danger
17.01,68.51,0,34.46,39.84,Safe
21.14,81.47,1,256.62,174.63,Danger
30.78,15.63,1,491.41,406.51,Warning
12.64,69.08,0,112.89,58.68,Safe
31.02,34.97,0,50.45,38.74,Safe
37.65,3.49,1,135.96,99.28,Safe
40.05,75.84,1,105.9,94.05,Warning
26.5,86.0,0,10.03,2.79,Safe
19.8,22.56,1,150.29,111.92,Safe
17.13,64.97,0,357.27,264.85,Warning
44.66,3.7,0,337.07,263.9,Danger
17.08,77.46,0,42.86,66.31,Safe
14.7,8.4,0,288.92,222.25,Warning
21.21,22.71,1,104.47,50.41,Safe
43.27,63.81,0,420.24,354.04,Danger
25.98,80.14,1,461.55,333.79,Danger
23.81,29.93,0,48.66,43.88,Safe
16.52,38.27,1,208.28,132.34,Safe
43.71,18.81,1,402.33,344.84,Danger
40.72,3.56,0,395.8,317.25,Danger
36.44,39.27,0,296.76,201.47,Danger
39.97,14.53,0,240.93,194.9,Danger
22.95,30.59,0,503.14,373.8,Warning
22.11,31.36,0,54.99,46.93,Safe
16.95,97.24,0,512.9,375.93,Danger
42.58,86.06,1,334.81,294.32,Danger
35.17,54.71,1,299.88,269.4,Danger
13.49,92.08,0,222.21,191.08,Danger
10.2,77.18,0,99.91,60.3,Safe
31.63,3.72,0,126.29,95.55,Safe
12.74,12.76,0,83.82,35.69,Safe
44.1,13.61,1,202.53,160.33,Warning
23.48,4.8,0,106.47,98.95,Safe
21.05,6.35,0,560.31,446.44,Warning
23.3,31.55,1,0.0,2.75,Safe
24.25,36.34,0,437.4,328.72,Warning
11.51,57.35,0,92.46,80.56,Safe
41.42,48.69,0,561.97,473.3,Danger
45.0,55.49,0,314.87,244.82,Danger
27.71,73.26,0,55.6,49.65,Safe
43.9,73.19,0,259.77,182.68,Danger
33.14,93.37,0,312.76,212.57,Danger
22.19,44.62,0,115.35,42.56,Safe
23.34,56.27,1,491.19,406.85,Warning
39.56,59.5,1,146.67,82.95,Warning
20.6,53.35,0,298.88,251.29,Warning
16.04,57.66,0,395.65,283.44,Warning
11.31,47.44,0,311.43,267.47,Warning
11.83,30.51,0,323.63,270.77,Warning
35.54,66.23,1,365.68,271.14,Danger
30.21,31.21,0,542.41,446.07,Danger
35.89,68.4,0,524.55,393.86,Danger
26.46,0.03,0,118.41,64.92,Safe
32.93,80.54,0,124.03,107.31,Warning
39.23,88.37,0,18.13,18.87,Warning
30.66,86.97,0,546.07,437.1,Danger
11.71,62.58,0,305.92,219.45,Warning
13.72,32.35,0,384.31,311.24,Warning
22.0,64.61,0,248.14,163.15,Warning
35.09,45.18,0,341.03,249.21,Danger
16.66,16.77,0,146.12,74.52,Safe
16.66,63.75,1,493.52,386.73,Warning
25.14,99.51,0,178.34,137.02,Warning
32.91,17.68,1,103.17,73.76,Safe
13.04,63.71,0,29.59,15.35,Safe
32.37,88.67,0,258.4,223.31,Danger
17.21,10.03,0,596.34,458.83,Warning
14.81,86.49,1,59.09,34.08,Safe
14.55,98.36,0,638.66,478.2,Danger
23.87,37.52,0,378.83,271.12,Warning
43.71,45.19,1,344.75,290.77,Danger
26.6,15.31,0,455.05,347.6,Warning
15.71,94.51,0,57.62,39.65,Safe
10.51,90.27,0,0.0,0.75,Safe
44.73,79.57,0,535.83,443.73,Danger
19.29,53.07,1,41.08,20.27,Safe
26.78,86.95,1,224.75,166.48,Danger
28.15,50.59,0,385.55,284.46,Warning
29.15,32.19,0,293.37,200.66,Warning
29.02,49.39,1,563.56,469.28,Warning
22.5,95.81,1,85.45,67.25,Safe
33.57,48.52,0,68.46,35.64,Safe
42.35,79.48,0,202.0,186.57,Danger
20.82,28.01,0,47.72,18.56,Safe
28.31,31.98,0,96.47,66.71,Safe
13.19,67.34,1,75.5,78.88,Safe
37.2,38.28,0,205.77,166.33,Danger
13.89,90.17,0,98.54,69.86,Safe
40.5,52.48,0,394.18,334.82,Danger
44.41,91.46,0,120.62,60.16,Warning
37.11,11.44,0,68.1,27.2,Warning
16.43,58.18,0,257.29,170.8,Warning
24.31,21.51,0,28.86,28.15,Safe
20.49,98.74,0,546.66,426.66,Danger
31.66,48.94,0,294.02,243.61,Danger
26.32,53.91,0,108.08,106.41,Safe
44.24,15.29,1,505.39,382.24,Danger
40.57,82.2,1,188.35,145.81,Danger
16.82,45.75,0,96.36,91.56,Safe
14.31,55.39,0,269.22,209.72,Warning
20.67,70.33,1,501.14,428.96,Warning
20.0,91.65,0,315.88,245.6,Danger
26.55,36.31,0,115.54,60.32,Safe
31.67,29.52,0,145.97,85.44,Warning
12.56,28.75,0,104.51,57.44,Safe
43.44,73.28,0,515.87,399.7,Danger
29.5,0.02,0,63.91,45.45,Safe
29.27,53.12,0,281.84,231.8,Warning
40.36,65.17,0,59.06,23.37,Warning
28.52,34.15,1,126.35,52.05,Safe
31.79,51.07,0,319.25,256.8,Danger
20.59,96.32,0,600.79,488.7,Danger
18.69,81.24,0,131.8,63.75,Safe
11.85,64.23,0,441.78,325.85,Warning
14.13,30.54,0,128.29,91.52,Safe
22.12,56.43,0,392.65,321.75,Warning
22.12,44.44,1,317.99,230.97,Warning
17.97,17.54,0,111.59,71.94,Safe
28.95,88.91,1,463.54,394.64,Danger
17.47,96.7,0,81.94,23.1,Safe
15.43,96.01,0,103.01,91.92,Safe
24.27,1.86,1,75.7,45.01,Safe
37.22,25.74,1,522.44,438.67,Danger
44.02,89.37,0,265.83,234.0,Danger
26.64,57.68,0,53.23,38.09,Safe
12.39,62.41,0,56.4,31.27,Safe
26.47,90.45,0,513.29,395.28,Danger
40.35,98.78,0,461.62,374.08,Danger
36.28,28.93,1,490.87,372.95,Danger
14.86,16.56,0,46.21,38.54,Safe
22.35,5.05,1,319.58,247.45,Warning
15.29,85.3,1,356.34,328.71,Danger
36.37,19.11,1,225.74,178.49,Danger
12.64,65.68,1,47.59,19.8,Safe
30.72,58.97,0,108.65,64.59,Safe
14.64,93.14,1,272.99,178.94,Danger
37.02,25.79,0,320.98,236.63,Danger
18.42,26.75,1,187.26,111.45,Safe
28.75,84.71,0,627.25,489.92,Danger
24.26,24.82,0,435.94,351.56,Warning
18.61,38.53,0,34.64,12.94,Safe
41.94,74.25,1,207.55,138.97,Warning
32.07,51.28,1,525.21,388.52,Warning
40.81,36.19,0,248.46,175.99,Danger
22.5,96.91,0,47.92,77.88,Safe
20.41,34.11,1,391.0,282.07,Warning
40.45,89.44,1,388.67,305.61,Danger
33.93,4.48,0,98.89,31.45,Safe
31.05,1.93,1,187.85,141.14,Warning
42.33,73.24,1,368.92,261.81,Danger
34.41,12.63,0,552.0,434.23,Danger
22.72,54.44,1,227.88,211.53,Warning
38.38,79.63,0,175.86,103.72,Danger
11.44,61.43,1,595.79,454.74,Warning
20.8,31.89,1,119.75,110.37,Safe
31.82,75.86,1,73.29,66.87,Safe
38.75,38.46,0,389.06,290.48,Danger
10.81,10.86,1,76.44,37.18,Safe
14.73,46.17,1,139.44,108.96,Safe
12.48,19.83,0,264.43,242.14,Warning
17.95,84.29,0,520.47,382.75,Danger
13.88,90.03,1,31.03,22.64,Safe
34.48,76.69,0,94.84,83.89,Warning
38.36,17.09,1,453.1,389.18,Danger
35.56,58.17,1,70.18,55.93,Safe
24.6,23.86,0,80.05,12.62,Safe
19.46,67.54,0,546.63,434.27,Danger
20.71,62.53,0,593.05,454.49,Warning
37.0,61.01,1,135.57,109.22,Warning
18.92,35.19,0,361.71,308.9,Warning
21.83,78.94,1,67.65,55.1,Safe
18.86,62.53,1,641.89,485.57,Warning
16.57,51.52,1,114.8,69.04,Safe
37.55,83.97,1,434.3,311.27,Danger
20.97,80.73,1,399.05,302.05,Danger
31.83,23.38,0,146.1,68.15,Warning
11.02,18.96,0,190.68,130.9,Warning
15.13,69.32,0,81.45,33.18,Safe
37.44,92.57,0,442.36,343.36,Danger
36.09,30.74,0,188.4,128.7,Warning
15.89,79.5,1,159.91,84.63,Safe
36.2,60.49,1,470.31,359.61,Danger
10.86,59.21,0,135.38,119.08,Safe
30.66,71.26,0,161.5,100.97,Warning
11.21,81.31,0,415.2,315.48,Danger
44.6,37.12,0,413.82,320.77,Danger
24.63,77.09,1,393.76,315.77,Warning
19.28,44.26,0,91.05,39.15,Safe
28.97,9.66,0,448.38,407.25,Warning
19.82,87.53,0,67.83,14.92,Safe
24.41,98.39,1,364.86,315.65,Danger
19.46,11.29,0,81.34,55.08,Safe
35.94,55.17,0,277.26,213.84,Danger
35.07,98.16,0,457.21,381.25,Danger
21.22,40.8,0,432.41,341.66,Warning
25.4,93.1,1,290.27,244.77,Danger
38.1,95.67,1,566.2,438.06,Danger
23.23,2.07,1,484.44,413.28,Warning
22.67,30.39,0,554.09,469.87,Warning
44.1,44.31,0,532.14,412.91,Danger
26.9,5.12,0,117.09,73.9,Safe
25.64,39.92,0,115.81,102.82,Safe
25.68,19.8,0,558.14,472.12,Warning
40.06,85.14,0,261.22,226.46,Danger
20.03,25.06,0,548.92,419.69,Warning
43.36,34.86,0,355.56,275.75,Danger
37.29,24.45,0,550.58,431.01,Danger
32.25,36.48,0,282.04,185.09,Danger
37.01,4.76,1,244.88,155.78,Danger
19.57,99.26,0,313.91,245.3,Danger
29.21,87.48,0,138.84,84.03,Safe
24.95,80.67,0,84.19,24.4,Safe
20.28,37.54,1,68.14,66.48,Safe
11.62,69.37,0,56.35,58.26,Safe
13.13,15.87,0,124.1,91.2,Safe
43.05,11.36,1,333.98,230.06,Danger
34.47,27.87,1,200.44,167.55,Warning
32.3,19.27,1,251.6,155.79,Warning
40.28,6.13,0,111.77,92.46,Warning
15.33,62.78,1,353.15,248.76,Warning
29.32,11.73,0,12.75,15.86,Safe
40.79,5.75,1,525.66,390.04,Danger
12.87,61.81,0,433.62,366.87,Warning
42.86,85.77,0,333.31,298.98,Danger
34.65,28.33,0,158.99,122.41,Warning
15.57,79.13,0,106.33,69.28,Safe
41.32,84.59,0,145.38,125.3,Danger
34.8,22.68,0,61.15,31.32,Safe
29.55,87.29,1,386.93,329.74,Danger
38.6,29.94,1,392.27,331.69,Danger
23.34,58.02,0,2.91,11.72,Safe
20.76,94.08,1,403.67,285.79,Danger
18.21,78.08,0,103.23,93.55,Safe
23.41,52.06,1,59.6,16.29,Safe
17.76,60.85,0,511.57,383.92,Warning
15.11,71.11,0,188.45,134.8,Warning
24.76,63.81,0,526.17,432.58,Warning
37.52,97.46,0,263.95,172.98,Danger
15.2,7.12,1,51.31,5.38,Safe
43.53,26.02,1,7.95,14.45,Safe
36.29,50.35,0,588.19,439.32,Danger
21.32,41.62,1,149.04,81.33,Safe
31.37,75.17,0,548.79,457.29,Danger
19.39,13.34,0,123.52,91.7,Safe
26.11,5.43,1,44.49,27.35,Safe
31.05,14.59,1,432.12,332.68,Warning
40.14,86.57,1,151.59,117.62,Danger
32.56,43.37,0,365.56,285.71,Danger
24.82,17.33,0,116.43,83.94,Safe
36.84,80.83,0,253.74,228.9,Danger
22.53,34.41,0,139.98,112.0,Safe
22.72,60.55,0,135.88,70.88,Safe
27.24,17.99,1,350.77,304.7,Warning
32.03,19.59,0,345.97,291.23,Danger
18.66,65.61,0,478.31,385.23,Danger
27.08,60.49,1,23.79,11.08,Safe
13.47,81.98,0,193.87,118.55,Warning
26.25,9.98,0,153.95,87.35,Safe
38.48,93.24,1,74.66,31.44,Warning
31.12,77.61,0,618.19,482.14,Danger
24.19,84.95,0,169.62,143.23,Warning
16.3,30.38,0,65.54,19.33,Safe
27.25,85.7,0,444.58,349.63,Danger
32.31,44.11,0,555.18,474.73,Danger
25.47,68.91,1,468.06,365.82,Warning
37.65,79.48,0,150.51,103.06,Danger
22.57,26.16,0,336.2,256.41,Warning
17.89,67.72,0,522.88,394.48,Danger
26.93,80.47,0,301.78,244.59,Danger
37.65,42.35,0,249.15,177.31,Danger
20.46,81.57,0,91.62,25.9,Safe
15.79,39.63,0,220.74,152.75,Warning
32.2,26.4,1,285.5,244.27,Warning
18.92,70.88,1,43.57,0.85,Safe
39.2,47.25,1,416.64,326.91,Danger
24.94,0.72,0,350.51,268.7,Warning
20.29,51.97,1,279.79,203.62,Warning
29.54,95.76,0,605.44,460.45,Danger
38.67,40.89,1,102.62,59.36,Safe
19.81,49.16,0,413.46,348.09,Warning
28.8,9.77,1,185.63,131.59,Safe
35.3,94.16,0,350.04,303.28,Danger
24.99,17.69,0,409.54,297.45,Warning
37.85,87.29,1,512.64,425.75,Danger
18.58,68.96,0,302.8,228.03,Danger
43.52,18.08,0,216.1,177.41,Danger
17.66,54.14,1,112.51,46.19,Safe
31.23,3.15,1,619.67,487.96,Warning
38.5,33.06,0,450.79,332.47,Danger
27.46,93.86,0,114.34,49.66,Safe
10.22,14.97,1,100.94,70.23,Safe
16.91,54.24,0,160.53,107.5,Warning
28.83,79.35,0,62.67,60.45,Safe
22.88,71.74,0,652.03,493.65,Danger
26.98,18.36,0,73.3,61.1,Safe
10.14,53.76,0,52.87,70.0,Safe
19.16,42.73,1,226.8,152.36,Warning
33.08,42.39,1,126.46,88.66,Safe
32.91,69.54,0,212.95,133.28,Warning
25.69,30.73,1,296.5,235.81,Warning
37.76,39.71,1,473.21,395.29,Danger
41.39,14.34,1,606.71,466.51,Danger
31.07,86.9,0,182.15,139.73,Danger
39.05,91.15,0,451.51,352.31,Danger
14.14,47.21,0,207.71,207.22,Warning
42.0,6.7,0,239.96,194.05,Danger
38.08,53.36,0,501.19,398.77,Danger
11.77,50.75,1,111.55,70.86,Safe
15.13,94.54,0,455.92,373.68,Danger
15.82,92.41,0,479.23,355.91,Danger
29.33,9.32,1,589.75,496.13,Warning
36.97,70.35,0,282.22,241.06,Danger
26.18,9.35,0,301.71,232.94,Warning
18.52,7.03,1,63.25,6.59,Safe
37.25,53.99,1,60.26,57.43,Safe
24.52,9.9,0,281.23,244.67,Warning
22.03,37.29,0,382.55,269.93,Warning
11.47,47.01,0,64.61,38.08,Safe
18.95,68.6,1,55.57,50.14,Safe
20.85,64.5,0,157.62,85.72,Safe
27.88,61.96,0,297.55,208.28,Warning
10.73,50.45,0,0.0,28.43,Safe
32.49,87.22,0,537.62,433.27,Danger
33.08,27.64,1,178.72,96.86,Safe
24.55,45.24,1,91.98,61.56,Safe
11.51,30.35,0,576.44,436.62,Warning
24.77,19.54,1,132.55,100.19,Safe
12.95,19.8,1,145.46,67.84,Safe
35.8,8.02,0,351.05,292.8,Danger
17.81,78.05,0,527.61,388.13,Danger
28.21,47.83,0,187.09,154.93,Warning
28.52,77.9,1,158.12,92.84,Safe
14.14,20.41,0,522.76,405.76,Warning
33.51,31.53,1,116.42,134.72,Safe
40.67,31.47,0,414.97,327.72,Danger
20.29,92.07,0,557.44,429.83,Danger
35.55,22.05,0,188.3,139.9,Warning
23.62,0.99,0,473.28,391.54,Warning
39.99,50.46,1,115.56,63.93,Safe
29.13,7.2,1,147.56,92.65,Safe
17.17,51.09,0,28.01,15.85,Safe
42.2,17.03,1,68.17,57.22,Safe
43.51,31.83,0,454.48,341.05,Danger
11.44,9.84,1,214.18,137.4,Safe
20.99,75.14,1,388.46,306.8,Warning
13.73,26.2,1,49.53,51.6,Safe
40.54,72.5,1,559.16,413.0,Danger
10.26,75.8,0,79.93,33.14,Safe
34.94,81.67,0,80.61,26.42,Warning
25.35,32.19,0,69.2,15.92,Safe
28.78,36.01,0,149.03,72.2,Safe
28.57,88.33,1,557.0,421.1,Danger
30.5,0.89,0,582.08,440.19,Danger
35.14,70.14,0,456.34,345.83,Danger
17.86,50.35,0,388.31,287.22,Warning
16.78,95.48,1,422.54,319.37,Danger
10.05,2.89,0,54.47,64.52,Safe
34.65,48.03,0,242.3,171.06,Danger
39.6,86.69,0,73.64,61.83,Warning
12.01,51.85,1,100.66,85.91,Safe
39.45,1.23,0,479.4,385.49,Danger
23.07,93.69,1,326.96,261.56,Danger
18.33,20.87,1,238.06,185.46,Warning
32.25,56.4,0,326.85,261.73,Danger
19.41,36.52,1,528.6,397.14,Warning
26.47,93.43,0,295.0,226.41,Danger
24.67,74.75,0,330.23,273.07,Danger
25.18,30.11,0,174.04,123.53,Warning
19.08,72.11,1,481.75,372.73,Warning
17.91,42.46,0,344.13,273.99,Warning
36.2,44.89,0,342.93,267.01,Danger
16.02,15.89,0,295.36,212.56,Warning
25.1,69.0,0,652.45,494.97,Danger
15.14,31.35,0,348.56,300.31,Warning
19.2,52.31,1,109.16,100.84,Safe
43.54,58.47,1,120.51,91.65,Safe
38.8,90.12,1,240.27,180.85,Danger
14.68,55.87,0,78.58,27.7,Safe
25.64,12.24,0,379.66,263.79,Warning
29.56,6.7,0,429.69,354.67,Warning
27.85,64.39,0,195.66,152.14,Warning
44.17,57.45,1,226.62,146.72,Warning
35.35,50.08,0,636.69,487.16,Danger
25.12,56.95,0,288.15,251.33,Warning
35.56,12.79,0,146.65,98.69,Warning
30.76,33.55,0,113.15,60.37,Safe
29.4,82.95,0,570.38,459.58,Danger
22.9,26.47,0,338.03,257.03,Warning
33.27,15.16,0,501.25,376.75,Danger
34.64,2.48,0,366.33,282.57,Danger
38.89,87.37,0,457.79,369.27,Danger
31.85,3.98,0,284.68,226.22,Danger
20.61,22.43,1,182.64,100.46,Safe
26.39,45.56,1,414.22,342.24,Warning
20.1,2.37,0,536.31,423.47,Warning
10.94,38.04,0,127.91,89.82,Safe
30.3,60.89,0,167.6,128.91,Warning
29.02,13.24,0,406.49,295.72,Warning
10.89,94.53,0,216.52,187.6,Danger
31.85,86.84,0,106.82,83.06,Warning
19.14,40.71,0,124.64,53.23,Safe
33.56,88.28,1,167.07,101.92,Warning
12.58,89.6,1,18.59,5.81,Safe
11.1,85.31,0,188.98,126.09,Warning
43.08,38.91,0,583.91,484.31,Danger
27.85,49.09,0,180.85,147.28,Warning
16.25,2.15,1,509.93,421.44,Warning
37.89,97.28,0,311.63,250.11,Danger
41.84,32.93,0,353.65,271.12,Danger
23.57,34.81,1,47.99,23.88,Safe
23.74,72.58,1,10.03,2.82,Safe
39.83,57.33,1,348.91,261.38,Danger
19.91,60.98,0,264.18,191.87,Warning
40.27,49.36,0,158.46,108.26,Warning
24.21,60.41,1,252.61,237.42,Warning
14.3,61.07,0,154.06,89.43,Safe
33.06,72.06,1,414.1,302.57,Danger
42.73,44.86,0,275.84,204.25,Danger
23.84,21.69,0,117.08,81.53,Safe
16.28,99.87,0,332.67,245.82,Danger
23.13,10.14,0,442.67,319.81,Warning
39.89,63.95,1,460.62,381.21,Danger
19.54,69.03,0,306.62,207.94,Danger
16.95,15.7,1,370.52,267.85,Warning
37.01,87.42,1,265.36,202.68,Danger
28.39,79.15,0,139.73,69.34,Safe
12.6,25.5,1,220.73,190.89,Warning
38.91,9.86,0,139.97,110.66,Warning
14.2,67.1,0,124.06,66.22,Safe
11.5,20.68,0,566.01,453.86,Warning
34.51,44.62,0,160.24,102.57,Warning
35.18,70.74,0,438.64,377.94,Danger
41.73,87.55,0,110.78,60.51,Warning
32.73,15.48,1,110.04,61.74,Safe
15.74,68.58,0,124.02,95.78,Safe
24.6,8.85,0,498.6,385.16,Warning
18.55,95.77,1,617.78,465.69,Danger
33.73,97.21,0,264.34,191.32,Danger
17.83,86.11,1,411.13,308.47,Danger
36.9,44.63,0,377.1,313.23,Danger
30.76,40.8,1,71.04,43.44,Safe
15.88,89.98,1,112.01,87.95,Safe
38.36,11.51,0,507.66,424.59,Danger
44.35,65.01,0,585.79,479.16,Danger
13.21,99.49,0,315.78,247.43,Danger
21.86,23.94,1,141.17,66.99,Safe
40.24,65.1,0,429.96,343.58,Danger
43.15,53.09,0,260.43,187.24,Danger
20.35,26.33,0,235.59,183.56,Warning
18.8,49.04,0,75.5,60.31,Safe
15.39,89.18,0,549.04,430.79,Danger
44.52,79.85,0,361.67,251.11,Danger
25.2,37.92,1,205.48,159.62,Warning
11.5,11.82,0,523.51,403.55,Warning
16.13,84.29,0,243.07,210.18,Danger
32.45,35.31,1,47.94,47.19,Safe
43.18,82.72,0,203.42,179.55,Danger
28.27,26.31,1,125.0,100.02,Safe
20.81,99.03,1,97.34,61.73,Safe
14.3,83.81,0,466.67,362.6,Danger
12.63,10.11,1,119.84,82.37,Safe
41.47,51.86,0,130.27,96.36,Warning
14.59,20.98,0,579.14,484.93,Warning
22.03,4.45,0,90.7,64.09,Safe
13.79,33.18,0,262.35,195.75,Warning
43.2,51.14,1,272.28,193.05,Danger
14.53,16.89,1,89.46,67.34,Safe
16.49,41.33,0,331.46,279.83,Warning
19.28,78.41,0,337.64,227.5,Danger
32.85,37.54,1,462.3,345.9,Warning
24.08,23.43,1,120.67,108.63,Safe
44.31,24.37,0,356.42,275.63,Danger
17.98,24.8,0,162.11,133.5,Warning
30.08,47.73,1,120.76,109.94,Safe
42.34,21.2,1,63.51,13.52,Safe
10.68,28.28,0,93.79,67.51,Safe
35.43,96.69,0,273.83,200.44,Danger
42.06,0.53,0,178.87,111.15,Warning
24.12,53.2,0,415.22,323.63,Warning
37.58,60.43,0,105.94,124.27,Warning
30.46,40.08,0,139.58,67.24,Safe
10.62,51.58,1,428.97,363.58,Warning
44.32,22.23,0,577.28,481.37,Danger
39.22,38.57,0,335.52,268.97,Danger
12.97,63.28,0,483.77,367.66,Warning
10.19,19.9,1,419.84,335.53,Warning
24.62,81.25,0,553.55,459.49,Danger
26.21,12.43,0,90.04,107.16,Safe
15.8,90.64,0,162.02,139.21,Warning
25.62,17.91,0,613.1,474.36,Warning
11.85,80.64,0,130.63,54.91,Safe
30.92,76.36,1,220.39,171.02,Danger
20.74,58.24,1,157.99,78.98,Safe
41.85,72.28,0,458.66,343.2,Danger
38.1,42.88,1,274.56,181.51,Danger
31.31,41.65,0,1.7,12.31,Safe
27.5,30.21,1,430.24,390.12,Warning
13.39,25.65,0,587.36,459.1,Warning
35.53,39.25,0,324.3,274.69,Danger
35.05,16.02,1,560.01,464.48,Danger
24.83,48.2,1,328.53,276.95,Warning
26.36,61.06,1,59.92,25.47,Safe
29.82,73.15,0,48.26,27.04,Safe
12.81,92.98,0,98.5,41.93,Safe
21.98,18.89,0,51.9,13.49,Safe
22.39,45.66,1,401.77,307.86,Warning
12.63,53.98,0,286.78,211.49,Warning
10.81,54.59,0,80.55,37.54,Safe
14.63,14.92,1,175.88,92.95,Safe
13.57,88.81,0,0.0,36.83,Safe
37.26,32.61,1,73.88,49.03,Safe
29.5,86.09,0,433.07,336.79,Danger
24.23,2.16,1,115.73,53.05,Safe
27.37,75.17,0,587.84,463.61,Danger
16.54,1.47,0,612.16,488.89,Warning
22.74,23.26,0,42.2,11.76,Safe
44.32,67.45,0,133.77,63.45,Warning
19.32,13.19,0,517.87,411.65,Warning
40.67,74.5,1,131.62,120.28,Warning
43.97,36.52,0,541.52,400.36,Danger
24.75,19.07,0,68.76,6.23,Safe
25.49,73.92,0,258.99,192.24,Danger
16.47,83.51,1,113.03,91.77,Safe
18.63,59.84,0,437.54,318.81,Warning
18.86,96.47,0,344.71,271.57,Danger
43.76,71.36,0,101.61,51.64,Warning
31.35,57.26,0,75.39,27.42,Safe
37.37,28.8,0,329.51,247.08,Danger
20.27,42.59,1,140.46,82.34,Safe
21.95,78.54,0,222.88,169.51,Danger
40.34,59.71,0,436.1,342.91,Danger
15.11,5.02,0,104.99,48.17,Safe
16.07,96.32,0,11.44,41.74,Safe
32.25,20.35,0,628.31,483.96,Danger
44.44,24.39,0,166.35,87.23,Warning
10.59,58.45,1,92.54,82.45,Safe
40.45,56.63,0,227.92,200.39,Danger
36.57,88.38,0,155.64,112.27,Danger
10.38,11.73,0,209.39,155.58,Warning
12.92,58.13,1,57.53,51.19,Safe
15.1,23.53,1,528.04,432.05,Warning
25.01,12.18,0,127.23,64.71,Safe
27.33,31.82,1,103.3,65.55,Safe
11.0,15.16,0,621.97,480.87,Warning
21.47,34.02,0,358.83,255.8,Warning
21.43,83.61,0,51.2,17.27,Safe
20.86,45.19,1,53.27,28.45,Safe
23.49,7.61,1,507.06,450.91,Warning
32.7,29.46,0,136.98,99.51,Safe
25.39,36.72,0,619.87,470.82,Warning
40.21,1.99,0,145.63,84.41,Warning
26.61,96.71,1,512.45,391.45,Danger
23.85,61.85,1,274.2,220.17,Warning
38.23,32.93,0,354.47,292.16,Danger
12.99,89.37,0,97.78,46.12,Safe
18.23,11.99,0,568.72,445.14,Warning
34.08,81.8,0,615.08,465.47,Danger
43.95,6.17,1,71.68,67.56,Safe
33.05,95.62,0,69.67,67.32,Warning
11.64,12.24,1,264.47,195.84,Warning
26.33,65.22,1,284.39,207.47,Warning
12.58,95.92,0,55.87,38.16,Safe
11.04,14.56,1,0.0,4.97,Safe
31.02,76.27,0,185.68,166.06,Danger
13.87,61.37,0,438.43,361.19,Warning
12.15,47.32,0,151.16,84.54,Safe
43.94,28.05,1,71.1,15.59,Safe
29.33,77.71,1,164.96,144.73,Warning
23.58,18.93,1,601.59,472.47,Warning
42.83,30.96,1,264.62,188.34,Danger
10.9,99.01,0,556.07,465.09,Danger
25.87,83.27,1,264.35,228.75,Danger
42.65,22.8,0,30.8,8.14,Warning
36.75,88.18,1,317.22,250.93,Danger
26.12,14.47,1,587.2,471.44,Warning
44.19,77.68,1,581.75,460.61,Danger
30.66,19.76,1,476.58,406.42,Warning
16.98,28.94,0,564.85,450.65,Warning
28.22,55.69,0,112.33,82.29,Safe
31.44,62.55,0,199.1,113.71,Warning
14.55,58.4,0,150.39,127.51,Warning
18.83,8.19,0,24.63,9.69,Safe
16.99,8.83,0,237.41,158.55,Warning
31.03,86.23,0,583.73,462.83,Danger
31.21,25.25,1,565.17,483.26,Warning
25.31,25.21,0,311.67,216.65,Warning
21.35,90.93,1,429.02,322.86,Danger
15.6,56.62,0,60.24,22.36,Safe
20.21,22.74,0,9.14,4.99,Safe
12.48,95.19,0,291.04,190.7,Danger
25.68,10.16,1,191.43,147.99,Safe
20.11,18.58,1,394.72,315.04,Warning
23.99,51.48,0,484.38,355.06,Warning
12.37,21.9,1,60.59,54.61,Safe
18.11,7.49,0,457.05,368.66,Warning
13.35,75.2,0,125.72,116.56,Warning
21.37,80.13,1,362.93,309.06,Danger
28.4,63.08,1,528.85,401.08,Warning
38.64,76.64,1,61.29,50.54,Warning
20.99,84.8,0,449.52,359.88,Danger
27.37,20.77,0,563.61,466.56,Warning
30.72,44.77,0,145.71,113.72,Warning
21.29,75.76,0,450.02,403.99,Danger
26.47,76.86,0,69.01,16.81,Safe
10.99,70.87,0,244.28,182.82,Danger
12.66,93.14,0,292.46,238.28,Danger
23.61,34.52,0,286.32,190.49,Warning
28.7,51.11,0,43.97,6.37,Safe
21.38,16.36,0,46.9,42.52,Safe
33.58,50.01,1,61.64,50.75,Safe
22.35,86.77,0,317.26,243.43,Danger
28.41,77.19,0,188.86,143.42,Warning
35.03,1.24,1,133.92,62.69,Safe
12.13,22.76,0,379.36,292.84,Warning
41.49,17.4,1,525.63,446.24,Danger
38.29,28.98,0,570.45,470.95,Danger
26.62,15.67,0,335.67,228.83,Warning
16.96,88.75,0,553.83,431.83,Danger
40.92,3.46,0,389.47,309.59,Danger
38.99,99.79,0,23.77,18.17,Warning
26.46,3.76,1,477.79,369.56,Warning
17.46,59.08,0,66.34,45.14,Safe
41.26,10.14,1,120.27,50.42,Safe
22.74,29.73,0,104.62,37.05,Safe
21.17,86.73,0,36.72,15.35,Safe
14.98,91.5,0,44.27,46.59,Safe
30.69,81.78,0,66.44,53.17,Warning
34.48,64.81,0,204.16,146.84,Warning
12.26,36.83,0,91.73,59.51,Safe
19.86,12.16,0,333.68,244.81,Warning
25.24,99.73,1,434.2,313.61,Danger
18.17,44.05,0,398.06,280.4,Warning
29.24,9.57,0,594.07,489.65,Warning
14.02,73.38,1,304.18,230.74,Warning
32.39,43.49,0,369.38,258.56,Danger
22.44,42.59,0,217.33,214.74,Warning
26.46,39.99,0,385.58,330.74,Warning
38.5,55.25,1,607.08,478.91,Danger
22.36,87.0,0,575.8,429.06,Danger
33.23,82.07,0,578.67,490.41,Danger
44.74,29.52,0,617.04,488.97,Danger
44.21,68.81,1,517.61,426.67,Danger
25.8,5.51,0,32.72,33.91,Safe
26.8,25.8,0,197.24,122.47,Warning
37.83,18.49,0,515.63,406.43,Danger
23.5,85.07,0,473.98,399.95,Danger
41.96,30.46,0,578.54,471.67,Danger
38.74,51.53,0,91.24,79.49,Warning
14.76,26.17,0,99.77,86.38,Safe
32.41,36.28,0,203.17,166.76,Warning
28.05,35.64,1,125.41,105.11,Safe
15.44,12.64,1,235.31,189.4,Warning
35.1,54.27,0,68.44,5.29,Warning
38.9,21.03,0,319.27,267.54,Danger
38.95,27.2,0,539.49,438.59,Danger
28.16,95.63,0,545.38,474.79,Danger
23.33,13.88,0,165.45,150.57,Warning
24.13,6.3,0,579.46,478.58,Warning
43.92,83.33,0,63.18,62.95,Warning
42.53,28.93,1,407.88,319.78,Danger
26.96,26.01,0,38.67,43.29,Safe
33.22,87.83,0,198.72,117.81,Danger
17.42,19.58,0,17.7,20.19,Safe
20.24,88.11,1,93.4,29.24,Safe
16.88,25.43,0,176.15,158.9,Warning
38.34,58.14,0,498.87,383.37,Danger
17.54,32.82,0,16.11,2.69,Safe
25.29,69.01,1,161.72,122.95,Warning
27.27,12.88,0,479.62,402.53,Warning
27.65,55.44,0,336.65,280.13,Warning
33.53,26.95,1,61.26,20.12,Safe
15.28,6.19,1,104.25,51.75,Safe
44.84,80.59,0,80.19,51.91,Warning
21.5,71.0,0,253.47,174.26,Danger
22.03,13.05,0,251.9,170.51,Warning
25.67,92.91,0,263.71,200.9,Danger
16.18,50.73,1,362.9,257.1,Warning
26.98,42.86,0,12.94,10.46,Safe
35.86,35.5,0,321.12,224.45,Danger
32.67,3.24,1,75.41,17.47,Safe
36.63,9.56,0,442.46,327.89,Danger
22.7,31.82,1,54.93,36.19,Safe
12.35,77.85,0,253.2,183.16,Danger
14.98,65.68,0,362.75,288.05,Danger
22.63,5.44,0,380.86,313.06,Warning
18.01,75.97,0,319.33,239.36,Danger
24.27,15.86,0,160.09,121.36,Warning
32.5,42.38,0,248.22,188.24,Danger
34.88,63.28,0,101.14,82.99,Safe
36.81,41.34,1,465.8,366.35,Danger
38.81,7.89,0,392.05,292.57,Danger
34.72,56.2,0,104.41,45.7,Safe
31.12,52.14,1,69.21,23.22,Safe
28.81,42.38,0,534.07,455.75,Warning
34.08,36.38,0,133.27,97.63,Safe
31.67,21.89,1,162.55,91.85,Safe
31.11,57.73,1,148.64,82.97,Safe
18.38,28.53,0,354.34,251.22,Warning
28.72,64.14,1,412.08,309.17,Warning
29.7,30.38,0,629.86,496.96,Warning
17.21,18.28,0,506.46,412.33,Warning
14.03,91.14,0,186.07,130.38,Warning
38.71,70.38,0,447.61,370.58,Danger
14.5,95.61,1,88.85,61.96,Safe
19.1,29.53,1,297.26,222.34,Warning
21.46,21.98,1,460.17,363.87,Warning
36.69,30.51,1,585.26,473.02,Danger
34.31,71.56,0,355.57,247.4,Danger
40.21,43.19,0,50.0,74.13,Warning
22.73,30.44,0,112.09,48.44,Safe
29.11,7.64,0,265.14,224.52,Warning
24.52,15.75,1,147.81,86.21,Safe
20.79,88.93,0,80.01,70.11,Safe
27.99,76.64,0,138.45,91.62,Safe
21.2,87.48,0,226.45,185.31,Danger
17.16,91.51,1,358.94,276.04,Danger
18.9,41.28,1,85.94,46.42,Safe
36.95,29.5,0,422.95,343.55,Danger
36.01,1.22,0,46.66,16.62,Warning
33.5,55.81,0,467.12,401.02,Danger
29.83,53.65,0,137.04,79.87,Safe
37.58,12.08,0,318.89,252.83,Danger
34.58,60.88,0,127.17,85.22,Safe
29.32,78.15,0,82.35,23.17,Safe
42.51,25.52,1,83.97,18.25,Safe
10.54,50.52,1,71.21,64.39,Safe
42.68,36.91,1,129.95,64.25,Safe
25.19,27.22,0,628.27,469.97,Warning
39.0,10.13,0,457.94,360.97,Danger
13.77,11.12,0,78.05,37.38,Safe
19.44,85.06,0,28.46,21.45,Safe
37.79,5.32,0,297.38,284.76,Danger
34.31,3.6,1,78.58,72.62,Safe
25.14,24.19,1,147.09,94.83,Safe
20.79,54.65,0,2.0,2.51,Safe
15.91,41.29,1,205.71,169.92,Warning
39.88,53.17,0,30.36,22.43,Warning
36.18,24.99,1,263.18,231.02,Danger
16.34,4.98,0,354.13,281.31,Warning
34.9,91.11,0,136.91,82.57,Warning
21.94,8.64,1,143.74,105.09,Safe
42.86,18.08,0,401.21,304.49,Danger
40.77,46.02,1,401.16,288.07,Danger
27.23,76.01,0,328.39,275.63,Danger
27.77,82.05,0,234.62,141.42,Danger
19.22,73.42,0,70.39,10.41,Safe
31.2,34.57,1,62.46,17.37,Safe
34.75,57.2,1,472.6,398.08,Warning
12.29,45.32,1,7.33,15.16,Safe
14.04,35.22,0,306.62,240.18,Warning
34.9,41.99,1,86.62,27.87,Safe
20.47,27.59,0,129.29,83.31,Safe
18.97,23.6,1,56.15,36.46,Safe
24.97,26.11,1,163.75,98.66,Safe
10.16,91.41,0,182.38,147.49,Warning
42.94,78.69,0,510.48,425.39,Danger
12.72,61.26,1,85.23,57.36,Safe
17.28,79.65,0,313.39,271.52,Danger
24.94,66.51,0,214.95,187.15,Warning
13.75,55.32,0,164.7,136.17,Warning
32.22,12.81,0,108.63,47.58,Safe
18.05,3.59,1,220.75,130.11,Warning
25.43,43.15,0,587.9,489.85,Warning
19.22,71.59,0,312.99,266.41,Danger
38.43,48.86,0,359.55,259.45,Danger
18.61,96.62,1,87.68,66.95,Safe
17.28,81.48,0,478.1,388.18,Danger
32.14,77.26,1,499.59,449.94,Danger
18.11,9.23,0,92.6,26.07,Safe
10.1,48.28,0,506.2,412.16,Warning
44.01,25.54,0,422.7,364.42,Danger
19.82,46.16,0,397.69,291.78,Warning
34.87,31.97,0,74.21,30.02,Safe
39.4,22.19,1,43.11,8.36,Safe
36.49,55.04,0,291.86,255.02,Danger
29.98,19.76,0,21.35,20.76,Safe
31.65,58.97,0,333.51,270.88,Danger
26.97,19.13,0,24.13,5.47,Safe
19.36,76.4,0,288.84,195.04,Danger
14.78,0.1,0,108.8,52.33,Safe
34.81,27.85,0,130.35,67.23,Safe
33.52,52.3,0,486.49,361.83,Danger
31.52,3.9,0,493.9,391.93,Danger
28.62,60.99,0,111.75,86.6,Safe
24.94,68.77,1,126.65,109.38,Safe
34.91,37.06,0,31.54,8.07,Safe
27.58,66.11,1,554.91,437.07,Warning
39.76,38.45,0,447.89,376.48,Danger
32.72,17.45,0,492.18,390.15,Danger
15.88,20.56,1,0.0,23.72,Safe
22.49,84.69,0,491.73,404.79,Danger
28.82,77.64,0,250.39,203.81,Danger
12.56,4.15,0,108.14,76.92,Safe
33.65,33.99,0,467.82,341.59,Danger
31.44,57.6,0,89.96,51.53,Safe
12.01,74.34,0,394.47,277.08,Danger
26.62,37.62,0,443.08,354.89,Warning
17.73,5.05,0,471.56,365.79,Warning
28.78,84.72,1,304.67,215.46,Danger
26.04,3.87,0,90.55,52.13,Safe
38.86,40.29,0,396.93,350.26,Danger
33.95,17.41,0,405.71,335.47,Danger
20.57,51.29,1,57.9,55.45,Safe
13.6,81.76,0,526.45,398.38,Danger
32.89,86.01,0,210.96,166.88,Danger
27.31,93.38,0,492.17,371.08,Danger
33.25,8.56,0,610.38,487.33,Danger
20.6,95.36,0,167.77,97.25,Warning
12.96,90.11,1,541.69,452.6,Danger
21.02,98.19,0,136.41,82.16,Safe
43.14,98.5,0,129.9,72.01,Warning
14.18,78.52,1,208.9,131.84,Warning
42.28,59.15,0,449.66,386.21,Danger
18.92,23.82,1,120.75,50.97,Safe
37.72,31.31,1,114.47,93.92,Safe
16.47,4.17,1,483.79,402.32,Warning
33.48,84.87,1,455.64,391.91,Danger
28.58,91.35,0,521.83,415.24,Danger
31.78,80.99,1,178.57,133.89,Warning
17.8,45.45,0,373.66,280.08,Warning
34.07,24.48,0,61.95,59.68,Safe
22.05,14.27,1,458.89,374.37,Warning
34.63,38.74,0,207.86,175.54,Warning
12.41,29.71,0,235.97,195.49,Warning
17.89,22.66,0,278.66,213.41,Warning
14.82,62.62,1,53.4,11.55,Safe
12.91,60.28,0,498.01,399.66,Warning
43.78,71.93,0,445.87,375.34,Danger
12.83,88.08,0,480.43,367.88,Danger
25.18,18.83,0,114.07,82.48,Safe
30.75,10.93,0,90.81,39.32,Safe
29.16,81.28,0,82.11,48.38,Safe
37.83,89.87,0,364.17,280.82,Danger
33.08,96.43,1,150.67,90.77,Warning
27.6,63.42,0,113.85,50.37,Safe
26.15,61.53,1,39.8,44.74,Safe
11.49,71.98,0,395.8,302.56,Danger
16.16,72.08,0,414.04,300.47,Danger
19.4,87.46,0,152.31,135.24,Warning
16.56,44.88,0,311.16,277.37,Warning
30.53,67.83,0,88.09,28.66,Warning
22.07,57.22,1,19.99,19.89,Safe
14.39,40.51,1,445.31,332.22,Warning
21.26,94.34,0,405.65,303.6,Danger
26.53,29.61,1,113.57,71.86,Safe
23.45,63.68,0,48.54,14.0,Safe
25.13,43.51,1,103.52,81.05,Safe
20.39,51.15,0,488.81,418.24,Warning
14.73,0.79,0,113.07,116.29,Safe
44.83,28.3,0,402.99,338.59,Danger
14.83,4.74,0,207.53,167.0,Warning
17.41,31.07,0,43.9,35.74,Safe
10.17,41.56,0,274.49,235.05,Warning
40.02,27.58,0,325.7,225.45,Danger
30.23,21.27,0,446.67,328.37,Danger
34.23,41.5,1,119.0,54.81,Safe
12.42,58.77,0,317.74,275.92,Warning
20.23,62.37,0,17.56,22.5,Safe
44.85,97.58,1,97.49,72.58,Warning
27.08,20.38,0,89.94,53.96,Safe
29.39,98.51,0,278.68,232.64,Danger
35.71,40.11,1,278.05,204.26,Danger
26.74,24.32,0,66.28,25.03,Safe
14.77,50.87,1,317.36,227.66,Warning
27.05,74.9,0,348.09,273.54,Danger
20.54,8.56,0,355.08,283.33,Warning
14.34,14.6,1,151.44,131.25,Safe
35.58,53.75,1,401.23,312.98,Danger
14.22,48.36,1,152.88,114.22,Safe
26.92,13.22,0,359.15,308.71,Warning
27.57,86.78,0,437.42,349.66,Danger
41.63,42.18,1,284.3,196.87,Danger
15.73,95.3,1,312.16,261.5,Danger
43.1,82.02,0,421.73,320.15,Danger
43.09,74.84,0,136.58,124.89,Warning
42.28,15.37,0,604.82,476.32,Danger
11.02,65.92,0,259.89,211.62,Danger
36.16,77.24,0,121.31,63.39,Warning
22.32,71.92,1,210.84,169.65,Warning
14.36,36.8,1,549.62,444.74,Warning
11.38,0.73,0,114.2,88.64,Safe
13.37,7.55,0,144.95,121.79,Warning
21.76,5.22,0,503.43,425.84,Warning
27.11,94.28,0,106.23,84.36,Safe
28.16,16.48,0,596.7,487.24,Warning
11.16,6.12,0,14.83,18.8,Safe
31.15,44.36,0,182.46,141.21,Warning
31.5,45.63,1,24.71,0.25,Safe
21.9,43.89,0,29.24,33.2,Safe
16.95,1.6,0,315.54,217.77,Warning
23.6,36.36,0,197.08,163.01,Warning
42.46,84.33,0,21.97,11.52,Warning
24.6,76.22,1,291.88,202.04,Warning
17.64,52.77,0,111.09,74.21,Safe
32.58,89.32,0,433.95,309.94,Danger
36.58,88.47,1,101.37,73.9,Warning
43.52,92.35,1,303.44,228.27,Danger
19.27,24.66,0,393.65,280.68,Warning
18.27,55.07,0,183.07,118.23,Warning
19.91,85.9,1,391.08,332.66,Danger
43.84,65.32,0,140.51,83.96,Warning
24.96,41.6,0,105.66,92.82,Safe
23.95,76.6,0,78.29,41.24,Safe
11.27,2.68,0,337.85,266.91,Warning
31.11,49.6,0,207.39,148.19,Warning
12.85,22.64,0,201.58,136.09,Warning
33.54,88.94,0,397.34,337.86,Danger
28.13,58.45,0,104.1,64.66,Safe
10.11,34.09,1,58.9,29.66,Safe
14.75,42.92,0,128.41,75.32,Safe
15.75,73.89,0,588.83,490.35,Danger
35.21,75.98,0,274.69,201.65,Danger
35.85,79.63,0,227.93,186.3,Danger
20.93,62.29,0,353.45,296.86,Warning
26.47,97.35,0,397.57,310.96,Danger
24.6,4.36,0,67.93,68.45,Safe
38.0,14.15,1,364.07,253.29,Danger
16.21,38.36,0,628.65,479.91,Warning
39.04,7.41,1,228.85,194.68,Danger
10.48,64.84,1,145.44,124.98,Safe
23.94,75.66,0,83.23,27.58,Safe
38.64,34.4,0,572.97,486.79,Danger
13.6,57.39,0,422.19,361.39,Warning
33.1,43.96,0,33.74,14.7,Safe
21.79,16.17,0,77.21,55.73,Safe
15.17,86.14,0,602.91,462.31,Danger
33.08,68.03,0,267.59,221.71,Danger
43.79,41.4,0,148.29,91.94,Warning
17.94,28.57,1,463.72,389.82,Warning
27.34,22.35,1,415.28,337.84,Warning
41.72,84.0,1,510.72,422.87,Danger
33.08,6.01,1,132.16,61.37,Safe
29.11,61.65,1,386.06,269.2,Warning
42.86,34.68,0,418.88,348.76,Danger
44.97,12.13,1,97.86,59.56,Safe
42.69,16.15,0,132.41,140.06,Warning
36.17,73.05,1,399.06,286.12,Danger
36.88,69.7,0,25.63,4.22,Warning
32.77,80.87,0,49.48,22.15,Warning
27.86,41.85,0,84.31,72.77,Safe
11.32,23.46,0,92.61,37.69,Safe
29.66,82.73,0,44.97,48.57,Safe
29.44,43.02,1,544.25,403.08,Warning
15.07,62.41,1,123.61,114.72,Safe
11.6,12.11,1,65.46,34.63,Safe
27.21,24.09,0,618.55,485.07,Warning
19.44,48.04,0,299.5,219.06,Warning
11.33,95.76,0,81.03,36.99,Safe
35.59,68.41,0,110.74,66.48,Warning
27.6,45.26,0,244.74,198.3,Warning
14.63,72.48,0,44.13,30.16,Safe
41.66,57.46,1,329.11,257.69,Danger
32.92,42.78,0,65.74,66.36,Safe
27.83,28.69,0,124.01,80.38,Safe
13.29,59.64,0,639.08,490.53,Warning
10.85,93.53,0,195.45,122.04,Warning
21.09,92.99,0,10.67,12.81,Safe
15.32,71.32,0,158.33,133.22,Warning
34.44,5.05,0,40.37,9.5,Safe
40.46,1.19,0,618.27,463.61,Danger
23.71,99.43,0,637.79,482.59,Danger
21.56,58.93,1,450.14,377.55,Warning
37.6,7.97,0,544.68,458.99,Danger
27.86,4.55,0,460.13,369.59,Warning
23.14,57.3,0,88.8,25.62,Safe
23.35,32.16,0,256.02,221.18,Warning
39.82,29.98,0,506.76,412.61,Danger
39.56,24.33,0,363.14,294.44,Danger
21.79,42.94,1,124.1,107.17,Safe
18.48,7.01,1,125.41,56.25,Safe
19.85,65.01,0,594.8,450.56,Danger
34.17,84.79,0,420.81,329.2,Danger
32.25,27.19,0,485.63,390.64,Danger
11.75,4.31,1,261.02,177.32,Warning
38.13,46.71,1,144.41,95.22,Warning
11.18,20.41,0,372.83,316.5,Warning
36.75,28.2,0,99.92,50.23,Warning
16.47,88.55,0,243.85,184.7,Danger
44.7,3.54,1,106.65,93.39,Safe
32.25,58.39,0,301.84,259.41,Danger
15.52,9.14,1,406.2,309.32,Warning
38.56,54.04,1,75.6,42.63,Safe
24.57,14.92,1,278.82,188.23,Warning
13.44,59.39,1,60.47,19.13,Safe
15.83,20.62,1,386.55,312.64,Warning
11.33,92.34,1,370.14,299.04,Danger
26.53,70.28,0,152.91,131.94,Warning
34.62,54.21,1,295.33,253.65,Warning
11.72,59.41,0,418.22,325.66,Warning
34.88,0.12,0,262.25,210.43,Danger
28.46,20.38,1,82.53,27.99,Safe
18.21,76.02,0,311.69,270.95,Danger
18.5,97.56,1,40.79,1.65,Safe
30.59,43.75,0,64.59,37.27,Safe
14.83,38.37,0,148.07,92.88,Safe
16.26,12.41,1,274.74,231.27,Warning
41.57,9.3,1,643.46,484.42,Danger
27.23,59.73,0,124.12,115.71,Safe
19.05,26.04,0,132.15,98.08,Safe
20.12,81.58,0,477.71,365.76,Danger
27.28,18.85,0,459.16,341.63,Warning
24.51,55.58,1,426.03,355.12,Warning
18.12,57.02,0,339.72,242.24,Warning
37.62,7.4,0,619.95,495.35,Danger
13.26,75.56,0,362.79,257.83,Danger
32.5,16.36,1,381.19,324.05,Warning
43.86,22.09,1,383.96,282.78,Danger
37.21,23.75,1,111.97,65.67,Safe
17.77,48.05,0,345.63,287.06,Warning
29.56,95.75,1,261.74,210.46,Danger
14.77,2.45,0,478.25,348.74,Warning
41.65,35.44,0,235.91,201.16,Danger
19.73,43.28,1,216.51,152.19,Warning
40.11,43.3,1,46.17,49.04,Safe
31.33,56.14,0,102.23,76.07,Safe
44.0,2.14,1,60.95,27.68,Safe
21.35,7.84,1,412.94,332.78,Warning
27.04,44.97,1,58.02,12.92,Safe
44.59,66.9,1,373.56,266.59,Danger
34.6,45.4,1,447.44,343.69,Warning
31.05,50.67,0,215.08,142.7,Warning
26.96,69.72,0,486.68,386.3,Danger
14.18,82.29,1,555.25,442.01,Danger
25.04,21.19,1,192.36,134.27,Safe
33.1,86.43,1,14.94,9.54,Warning
11.5,37.7,0,237.84,167.61,Warning
21.43,83.09,1,113.98,84.1,Safe
31.41,61.48,0,595.54,475.69,Danger
34.65,94.27,0,619.8,493.1,Danger
16.86,76.76,0,642.17,486.7,Danger
36.98,0.52,1,390.01,275.18,Danger
14.05,23.07,0,79.21,96.01,Safe
17.84,25.78,0,224.41,170.16,Warning
11.94,53.46,0,520.31,383.5,Warning
30.89,61.13,0,386.59,293.5,Danger
19.76,46.48,1,163.88,93.22,Safe
14.23,51.4,0,123.2,51.75,Safe
19.14,29.92,0,214.92,151.22,Warning
29.02,40.07,1,117.53,90.51,Safe
13.97,45.13,1,95.09,60.72,Safe
25.27,7.7,0,449.84,352.23,Warning
44.01,57.68,1,30.36,7.19,Safe
34.79,76.43,0,588.17,470.49,Danger
15.02,48.59,0,81.24,18.64,Safe
29.1,76.43,1,26.33,37.58,Safe
16.2,28.41,0,547.92,446.88,Warning
11.45,6.23,0,120.96,106.06,Safe
36.61,88.1,0,438.53,313.02,Danger
35.75,6.23,0,120.83,69.04,Warning
19.64,83.13,0,511.09,457.24,Danger
11.78,46.74,1,155.58,87.36,Safe
37.62,26.21,1,27.5,7.18,Safe
41.41,7.69,0,435.29,332.2,Danger
33.68,45.33,0,365.86,264.43,Danger
31.32,89.72,1,516.38,422.86,Danger
20.17,26.34,1,183.88,122.08,Safe
21.6,42.35,0,150.04,85.83,Safe
27.18,37.7,0,511.28,424.03,Warning
32.48,69.1,0,240.6,160.56,Danger
23.94,69.05,1,71.41,30.02,Safe
23.32,97.66,0,87.29,49.8,Safe
16.43,51.37,0,109.46,70.32,Safe
26.61,51.58,1,493.5,392.99,Warning
40.28,32.92,1,46.38,32.5,Safe
28.94,51.94,1,157.19,93.59,Safe
28.95,4.23,0,353.2,241.15,Warning
18.59,38.04,1,17.08,6.32,Safe
30.1,48.66,0,406.06,296.08,Danger
11.18,85.79,0,60.74,16.51,Safe
30.4,30.94,0,566.05,423.8,Danger
35.31,18.07,0,204.31,142.04,Warning
30.04,27.37,1,470.95,372.68,Warning
14.57,57.57,0,79.72,13.84,Safe
14.6,27.77,1,192.22,123.02,Safe
43.55,53.26,1,548.4,426.42,Danger
41.44,19.25,1,369.84,256.95,Danger
13.62,7.29,0,399.53,285.67,Warning
16.2,29.61,1,72.07,31.95,Safe
13.41,29.06,0,298.12,240.73,Warning
44.48,60.48,1,383.4,268.16,Danger
11.06,60.87,1,562.03,436.33,Warning
36.2,83.86,1,416.03,354.03,Danger
11.71,14.83,0,430.33,326.64,Warning
35.99,28.65,0,81.62,44.21,Warning
21.51,63.42,1,128.47,111.65,Safe
30.52,55.06,1,146.93,104.39,Warning
34.35,19.86,0,71.7,45.27,Safe
38.78,50.74,0,569.06,496.6,Danger
41.3,85.86,0,89.14,85.75,Warning
18.63,55.81,1,143.04,112.43,Safe
29.69,69.8,0,632.25,474.4,Danger
27.68,12.32,0,2.34,6.57,Safe
42.26,35.01,0,117.64,100.32,Warning
26.56,75.15,0,45.95,13.21,Safe
41.78,8.95,0,404.41,287.07,Danger
34.59,46.09,1,442.29,318.03,Warning
23.94,74.37,0,34.94,35.67,Safe
16.22,87.05,0,408.69,293.44,Danger
32.17,46.33,1,122.88,78.53,Safe
29.76,40.72,0,424.1,350.66,Warning
27.27,54.84,1,268.71,221.59,Warning
16.69,31.22,0,62.72,20.43,Safe
27.92,43.84,1,154.06,111.36,Safe
39.46,54.67,0,527.38,410.84,Danger
44.97,83.6,1,579.7,484.5,Danger
43.7,30.9,0,636.5,486.39,Danger
12.43,96.3,0,160.89,141.91,Warning
14.16,88.71,0,584.6,490.59,Danger
33.08,68.78,0,578.87,454.44,Danger
38.01,23.15,1,194.21,138.26,Warning
43.96,30.93,1,457.72,382.91,Danger
23.72,5.79,0,120.09,107.14,Safe
33.57,22.83,0,248.38,182.1,Danger
41.55,19.11,0,459.97,377.92,Danger
12.16,54.76,0,314.54,252.74,Warning
34.37,67.79,0,619.25,486.18,Danger
21.95,50.5,0,64.99,42.62,Safe
21.92,76.9,0,560.29,477.43,Danger
15.37,35.81,0,132.3,108.34,Safe
28.57,99.66,1,497.73,411.84,Danger
25.39,48.43,0,164.88,102.01,Warning
10.87,4.14,0,130.63,63.88,Safe
13.66,23.63,0,352.32,242.78,Warning
29.21,9.24,0,573.54,466.27,Warning
44.81,34.03,0,495.36,389.74,Danger
32.02,4.22,0,598.53,468.71,Danger
26.62,11.68,0,96.34,53.47,Safe
17.39,43.54,0,211.55,169.79,Warning
43.26,32.73,1,44.96,1.24,Safe
30.17,7.98,0,123.54,50.35,Safe
16.77,15.88,1,383.2,330.12,Warning
43.31,5.6,0,465.77,387.83,Danger
29.28,47.58,0,99.28,73.71,Safe
35.42,38.11,0,623.53,498.91,Danger
42.02,24.3,1,82.43,74.62,Safe
35.3,92.91,1,130.57,98.04,Warning
43.55,58.34,0,0.0,4.99,Warning
43.76,96.87,0,205.94,145.72,Danger
18.69,0.44,0,166.21,128.33,Warning
40.5,6.94,0,143.93,122.89,Warning
21.55,2.77,0,123.31,67.05,Safe
13.08,66.42,0,138.37,75.91,Safe
32.27,58.7,1,97.42,43.15,Safe
31.55,30.43,1,78.57,39.72,Safe
38.08,18.65,0,527.79,431.59,Danger
35.64,93.65,0,489.12,365.21,Danger
16.93,48.11,0,242.91,154.5,Warning
33.4,83.13,1,384.01,353.11,Danger
22.89,55.61,0,312.11,250.48,Warning
25.01,25.67,1,22.81,23.73,Safe
39.79,88.25,1,29.09,21.44,Warning
43.5,33.66,0,88.95,46.37,Warning
21.8,2.34,1,63.98,52.09,Safe
41.99,60.88,0,159.51,115.47,Warning
20.81,51.35,0,282.03,212.68,Warning
38.78,23.42,0,27.93,22.6,Warning
12.21,77.62,0,240.57,228.84,Danger
35.52,67.34,0,602.64,492.08,Danger
24.59,50.18,1,581.05,476.3,Warning
37.33,93.55,0,307.43,222.21,Danger
31.24,3.35,0,170.61,137.48,Warning
27.72,91.81,1,59.96,6.7,Safe
33.16,17.96,0,129.47,91.1,Safe
34.42,50.34,1,67.15,27.0,Safe
25.99,85.53,0,342.08,272.35,Danger
36.38,84.02,0,459.52,351.16,Danger
25.09,10.34,0,216.69,182.38,Warning
28.38,87.58,0,523.31,393.46,Danger
28.59,91.54,0,622.76,469.52,Danger
35.14,22.54,0,532.52,477.61,Danger
12.34,38.71,0,98.56,81.1,Safe
41.96,17.51,0,594.12,441.12,Danger
28.42,72.13,0,473.31,393.69,Danger
41.58,9.37,0,109.02,90.76,Warning
18.2,49.31,1,91.95,36.64,Safe
32.29,61.77,0,149.83,136.07,Warning
26.78,69.91,0,36.42,29.29,Safe
22.11,26.56,1,68.4,56.21,Safe
28.86,19.09,0,504.11,409.47,Warning
24.99,88.14,0,462.47,346.97,Danger
41.24,42.18,0,454.49,378.1,Danger
19.28,28.15,0,194.72,118.77,Warning
41.34,81.78,1,395.76,337.55,Danger
25.49,69.93,0,99.18,95.05,Safe
13.12,65.18,0,578.95,443.46,Danger
44.15,57.6,1,128.54,68.66,Safe
13.7,80.87,0,52.66,34.87,Safe
24.14,3.4,0,205.88,120.43,Warning
20.0,73.68,0,107.41,86.44,Safe
18.83,33.75,1,176.98,148.07,Safe
30.16,43.5,1,254.46,199.67,Warning
40.95,24.0,1,405.02,301.96,Danger
40.22,91.85,0,164.08,101.65,Danger
31.61,18.73,1,1.05,0.45,Safe
27.52,40.72,1,317.38,276.27,Warning
25.52,27.55,0,163.96,99.34,Safe
19.09,56.99,0,137.13,113.98,Safe
34.56,57.42,0,253.89,181.74,Danger
30.57,54.66,0,28.24,35.81,Safe
24.25,58.02,1,220.08,186.05,Warning
26.78,64.89,0,424.38,362.27,Warning
22.7,59.91,0,72.52,18.95,Safe
41.29,93.33,1,164.06,136.9,Danger
11.34,67.37,0,589.55,473.32,Danger
33.69,86.71,1,580.69,497.77,Danger
22.81,40.06,0,333.05,285.14,Warning
34.71,49.15,1,74.44,67.24,Safe
32.63,93.98,0,459.67,373.45,Danger
33.11,45.53,1,519.41,438.44,Warning
16.37,96.63,1,219.5,216.31,Warning
15.34,20.56,1,5.92,2.1,Safe
39.63,5.79,0,85.43,43.11,Warning
34.76,43.55,1,489.93,366.9,Warning
16.3,51.57,0,72.96,35.72,Safe
14.53,32.41,0,590.42,477.6,Warning
38.4,92.17,1,120.06,67.21,Warning
11.96,77.09,1,263.18,173.97,Warning
37.19,49.6,0,77.94,24.85,Warning
23.04,97.24,1,328.38,251.68,Danger
17.32,94.76,0,358.44,298.87,Danger
22.51,50.6,1,120.07,107.45,Safe
40.69,40.86,1,144.65,94.51,Warning
27.61,11.07,0,618.42,484.97,Warning
42.36,44.82,0,552.33,455.8,Danger
14.56,60.35,1,533.45,413.76,Warning
42.34,8.96,0,413.71,335.87,Danger
37.35,69.52,0,159.63,143.38,Danger
17.93,13.76,1,92.97,38.58,Safe
34.67,37.22,0,325.15,257.17,Danger
15.18,88.24,0,50.65,11.59,Safe
12.39,44.22,0,172.28,151.41,Warning
39.88,36.96,0,286.9,186.42,Danger
40.0,91.71,0,138.55,64.49,Warning
35.74,47.47,1,477.59,372.2,Danger
35.39,17.09,1,238.32,176.29,Danger
14.81,20.03,0,267.12,204.6,Warning
34.79,55.22,0,90.79,85.55,Safe
26.47,86.64,1,371.3,291.79,Danger
10.69,45.92,0,129.59,66.55,Safe
11.0,51.22,1,613.84,461.18,Warning
16.68,82.46,0,99.69,50.39,Safe
22.27,22.22,0,54.78,30.8,Safe
14.69,85.21,1,459.15,335.68,Danger
14.63,92.16,0,542.91,433.91,Danger
17.15,16.1,0,31.65,10.87,Safe
35.33,65.66,1,575.42,453.17,Danger
30.87,22.45,0,107.52,95.51,Safe
44.09,18.67,0,222.37,182.82,Danger
12.46,7.86,0,437.69,341.38,Warning
18.0,14.74,0,235.16,184.15,Warning
12.13,83.79,1,451.52,375.3,Danger
17.28,5.07,0,557.76,468.55,Warning
24.9,57.79,1,81.35,74.35,Safe
37.02,72.09,0,386.37,321.65,Danger
20.66,73.62,1,277.16,226.31,Warning
30.59,10.68,0,314.54,238.49,Danger
17.51,76.85,0,3.41,3.28,Safe
25.69,61.28,1,525.65,395.03,Warning
12.74,49.35,1,140.46,98.98,Safe
20.19,18.13,0,192.07,111.12,Warning
34.37,56.62,0,286.17,231.5,Danger
31.57,26.32,0,83.54,17.88,Safe
10.39,13.53,1,45.4,18.63,Safe
39.04,69.61,1,68.7,69.4,Warning
29.2,50.02,0,270.28,214.58,Warning
39.04,58.65,1,499.45,378.34,Danger
25.82,64.7,0,297.64,215.45,Warning
21.42,94.65,0,421.92,330.26,Danger
36.33,53.25,1,224.49,189.9,Danger
28.76,20.83,1,424.58,342.75,Warning
22.45,33.11,0,95.63,71.06,Safe
24.13,27.43,0,69.81,13.45,Safe
26.17,18.81,0,119.89,69.75,Safe
28.77,96.67,0,254.7,174.76,Danger
21.98,58.56,0,276.62,238.95,Warning
33.18,55.53,0,267.37,184.69,Danger
41.58,36.89,1,596.17,451.44,Danger
25.65,11.87,0,316.41,248.69,Warning
15.73,42.8,0,230.85,146.42,Warning
38.19,34.41,0,587.15,486.71,Danger
31.5,16.95,0,293.84,251.71,Danger
21.29,90.09,0,446.7,366.23,Danger
17.57,28.67,0,33.13,24.55,Safe
23.21,21.77,0,377.19,345.13,Warning
26.56,35.46,0,549.38,405.85,Warning
15.53,39.66,0,58.8,39.66,Safe
23.4,38.16,0,327.13,272.56,Warning
28.53,0.5,0,374.54,312.79,Warning
18.55,71.47,0,63.13,66.89,Safe
27.61,21.14,0,219.94,185.71,Warning
19.23,31.3,0,581.7,446.34,Warning
28.91,40.55,0,449.76,361.89,Warning
27.17,72.95,0,387.76,323.78,Danger
40.04,27.84,1,632.51,479.53,Danger
22.97,44.34,1,575.19,475.28,Warning
13.54,20.56,0,157.39,94.99,Safe
20.82,46.25,0,52.7,13.9,Safe
21.8,42.95,1,272.82,185.39,Warning
24.42,59.03,0,632.71,498.51,Warning
40.0,14.97,0,107.6,56.49,Warning
33.77,94.88,1,250.56,186.01,Danger
43.48,3.01,1,366.38,303.07,Danger
10.42,77.02,1,406.57,318.99,Warning
13.07,65.47,1,586.4,439.55,Warning
10.93,19.88,0,422.07,324.94,Warning
31.2,10.09,1,251.35,207.99,Warning
25.88,89.78,0,124.5,51.75,Safe
22.75,75.63,1,251.55,169.96,Warning
16.6,1.34,0,637.72,483.8,Warning
21.3,9.61,0,503.76,430.94,Warning
23.91,70.91,0,256.48,161.79,Danger
27.13,57.74,0,196.92,134.36,Warning
33.48,30.27,1,72.52,69.03,Safe
40.8,9.31,0,323.89,257.81,Danger
12.12,6.05,1,69.31,69.25,Safe
25.48,82.13,0,526.04,420.27,Danger
12.7,6.94,0,129.41,110.36,Safe
21.44,50.14,0,62.6,25.73,Safe
10.71,61.31,1,157.33,138.28,Safe
37.38,11.83,1,211.57,147.85,Warning
10.65,69.7,0,53.01,45.15,Safe
15.69,99.06,0,494.85,369.66,Danger
21.59,74.13,1,231.56,180.69,Warning
37.23,51.32,0,53.9,54.53,Warning
31.95,88.86,1,651.03,489.57,Danger
13.43,26.13,0,220.53,151.01,Warning
31.16,42.57,0,128.88,89.9,Safe
17.69,5.31,0,0.0,17.84,Safe
15.94,93.43,0,138.22,75.72,Safe
39.94,18.88,1,81.1,34.8,Safe
13.35,76.44,0,139.62,90.19,Safe
43.89,14.93,0,559.47,445.34,Danger
38.29,4.67,0,291.81,235.36,Danger
43.02,0.85,0,214.58,178.32,Danger
29.52,11.02,0,55.1,57.54,Safe
15.89,45.73,1,439.57,371.26,Warning
12.12,35.21,0,125.25,66.49,Safe
36.66,83.59,0,531.62,415.07,Danger
36.22,24.14,0,637.57,492.0,Danger
21.08,15.05,0,269.28,229.33,Warning
24.68,91.21,0,273.5,177.99,Danger
38.84,64.03,0,496.48,395.54,Danger
29.19,55.14,0,146.71,68.65,Safe
22.88,94.72,1,129.01,58.68,Safe
24.79,24.6,1,567.71,476.92,Warning
26.79,26.88,0,180.21,140.36,Warning
34.21,21.55,0,223.12,198.77,Danger
16.41,66.78,0,69.48,55.5,Safe
41.17,77.42,0,223.58,193.82,Danger
36.62,88.08,0,436.1,323.06,Danger
28.84,12.88,1,611.67,490.51,Warning
34.95,41.42,0,23.68,28.3,Safe
37.67,26.97,0,19.31,16.72,Warning
10.93,30.11,0,639.07,483.83,Warning
13.2,19.0,0,525.22,415.35,Warning
36.68,6.12,1,496.16,401.19,Danger
23.98,94.85,0,362.59,314.17,Danger
28.84,44.55,0,403.49,335.78,Warning
35.31,53.59,0,570.76,482.51,Danger
14.21,74.82,0,76.26,58.91,Safe
25.72,81.12,1,572.5,440.82,Danger
21.55,3.89,1,400.43,291.43,Warning
18.3,27.86,0,45.9,14.67,Safe
36.58,92.16,0,504.39,403.11,Danger
18.38,76.45,1,553.75,454.98,Warning
43.93,45.0,0,3.07,1.88,Warning
13.28,86.42,0,375.65,307.13,Danger
16.59,10.86,0,334.17,284.76,Warning
12.4,70.48,0,312.26,206.1,Danger
39.67,52.78,0,51.14,25.72,Warning
39.23,95.31,0,59.96,41.24,Warning
11.94,91.29,0,103.43,60.19,Safe
29.83,24.8,1,190.71,128.04,Safe
17.19,90.12,0,128.54,92.39,Safe
29.81,40.43,0,109.57,55.21,Safe
34.0,69.27,1,298.09,211.23,Danger
12.49,43.28,1,211.01,137.26,Safe
29.7,57.46,0,474.3,351.59,Warning
20.9,92.44,1,125.89,92.76,Safe
27.63,66.1,0,126.03,53.44,Safe
25.99,13.88,0,55.33,27.07,Safe
28.06,63.06,0,38.94,24.65,Safe
24.51,94.07,1,129.91,57.89,Safe
11.33,99.33,1,414.23,301.23,Danger
28.12,80.81,0,5.89,6.78,Safe
30.55,8.61,0,188.6,103.89,Warning
38.12,64.66,0,115.09,97.37,Warning
28.63,37.43,0,301.61,248.88,Warning
38.25,27.2,1,29.49,31.94,Safe
10.33,69.56,1,485.84,408.55,Warning
13.94,16.25,0,319.28,229.46,Warning
23.77,53.84,0,211.89,148.02,Warning
15.37,82.44,1,369.09,256.83,Danger
28.72,80.83,0,377.36,301.94,Danger
17.5,13.23,0,609.08,467.76,Warning
31.62,73.99,0,568.07,465.15,Danger
34.79,43.85,0,223.45,145.67,Warning
31.54,59.02,1,127.02,71.42,Safe
34.14,55.39,0,334.45,283.98,Danger
37.5,83.67,0,305.56,242.99,Danger
13.21,92.64,0,331.47,285.32,Danger
25.92,38.73,1,144.89,68.2,Safe
26.36,12.76,0,403.51,311.13,Warning
22.9,69.55,0,575.26,441.51,Danger
43.84,87.13,0,145.64,93.6,Danger
23.32,90.45,0,268.76,190.01,Danger
43.86,14.52,0,30.63,24.21,Warning
41.95,51.23,0,0.06,8.1,Warning
21.36,77.29,1,324.24,253.22,Warning
20.65,74.63,0,503.7,394.96,Danger
34.41,88.77,0,478.06,390.78,Danger
33.26,92.65,1,242.55,193.78,Danger
31.92,37.17,1,21.91,2.54,Safe
30.42,3.34,0,105.38,58.27,Safe
39.86,29.07,0,75.98,79.1,Warning
27.31,3.3,1,52.13,11.3,Safe
24.98,42.02,1,242.13,185.63,Warning
25.93,29.6,1,417.73,303.63,Warning
15.19,62.69,1,104.53,127.12,Safe
15.6,84.28,0,185.05,122.56,Warning
32.09,26.96,0,0.0,1.51,Safe
34.65,24.99,1,249.5,188.36,Warning
42.1,77.44,1,522.78,423.24,Danger
38.29,10.68,1,234.71,190.41,Danger
35.29,91.35,1,55.24,24.91,Warning
32.61,51.26,0,97.12,80.48,Safe
39.26,32.78,0,80.8,45.61,Warning
12.17,84.77,0,77.93,45.54,Safe
10.83,19.31,1,204.29,164.13,Warning
13.97,19.19,1,177.14,122.79,Safe
20.87,14.89,0,73.06,49.27,Safe
15.05,22.28,0,326.77,234.22,Warning
33.14,2.58,1,19.82,7.43,Safe
38.12,26.36,1,232.75,185.11,Danger
20.95,14.43,0,99.47,38.73,Safe
43.46,81.46,0,524.05,443.73,Danger
14.59,71.85,0,136.49,80.97,Safe
24.51,14.82,1,411.75,293.97,Warning
11.14,28.99,0,267.87,210.32,Warning
13.04,33.04,0,338.24,256.61,Warning
32.33,61.15,1,93.88,84.97,Safe
32.76,21.0,1,274.84,192.02,Warning
23.62,98.1,0,306.12,258.68,Danger
16.54,94.7,0,431.09,351.23,Danger
18.6,27.35,0,220.53,143.74,Warning
13.13,32.47,0,32.29,17.9,Safe
30.57,57.56,0,595.93,444.33,Danger
20.98,86.68,1,409.21,298.61,Danger
40.02,86.32,1,514.92,393.92,Danger
31.23,84.18,0,521.29,429.36,Danger
44.84,69.68,0,166.22,96.31,Warning
28.07,29.33,0,160.82,106.21,Warning
43.94,77.29,0,0.0,6.1,Warning
27.15,32.49,0,262.87,228.77,Warning
21.82,32.86,1,448.13,358.96,Warning
42.99,68.2,1,19.29,26.99,Warning
21.22,18.03,0,234.08,229.39,Warning
26.05,66.41,0,217.36,179.11,Warning
10.36,21.57,1,51.79,1.33,Safe
30.42,17.05,0,374.24,314.51,Danger
27.09,35.57,0,354.73,307.77,Warning
18.16,19.21,1,44.26,50.93,Safe
11.65,1.81,0,579.78,440.45,Warning
19.78,94.26,0,32.99,11.49,Safe
21.29,57.82,0,439.34,341.66,Warning
12.13,94.85,1,547.0,439.86,Danger
31.19,65.51,1,232.4,197.21,Danger
24.91,82.63,0,577.69,437.37,Danger
14.48,30.92,0,186.47,159.89,Warning
13.88,28.49,0,42.8,1.63,Safe
29.14,15.47,1,356.2,283.54,Warning
38.59,48.82,0,400.76,300.06,Danger
29.05,98.1,0,48.8,21.0,Safe
43.16,38.72,1,61.54,6.89,Safe
24.15,33.07,0,137.91,112.56,Safe
24.11,23.5,1,328.98,229.55,Warning
16.77,38.22,0,591.5,461.05,Warning
26.0,75.17,0,68.07,18.18,Safe
29.61,37.73,0,258.08,192.76,Warning
31.56,73.57,0,158.62,123.12,Warning
28.14,85.59,0,105.96,75.16,Safe
42.69,13.2,0,556.12,430.41,Danger
20.48,36.94,0,49.89,26.61,Safe
16.81,27.02,0,27.81,29.55,Safe
10.23,26.1,0,144.8,89.96,Safe
32.33,35.72,0,69.54,62.13,Safe
18.28,67.83,1,225.03,171.07,Warning
22.08,71.46,0,97.79,93.42,Safe
33.19,27.0,0,356.77,302.82,Danger
29.05,39.29,0,456.47,362.09,Warning
11.1,60.11,1,247.58,190.14,Warning
27.6,96.23,0,29.48,31.79,Safe
20.11,45.83,0,597.76,471.86,Warning
28.1,72.06,0,501.63,392.67,Danger
36.96,62.12,0,302.1,233.54,Danger
41.71,20.41,0,108.1,81.95,Warning
19.18,92.3,0,566.11,425.42,Danger
25.87,19.07,0,18.26,12.43,Safe
21.52,75.99,1,486.98,365.14,Warning
10.58,83.73,0,566.4,424.12,Danger
13.53,18.4,0,0.0,15.79,Safe
40.78,26.83,1,131.46,102.85,Warning
13.58,95.44,0,55.34,32.98,Safe
25.32,97.19,0,72.69,19.53,Safe
37.88,19.56,1,508.61,415.29,Danger
17.2,78.99,0,522.99,415.19,Danger
22.42,69.71,0,65.02,29.19,Safe
39.88,73.93,1,443.23,335.93,Danger
18.6,56.71,0,23.03,22.14,Safe
33.9,4.1,0,570.17,458.86,Danger
31.45,81.25,0,183.8,134.96,Danger
27.86,48.92,1,0.0,5.44,Safe
25.46,91.73,0,339.5,230.5,Danger
33.05,84.88,0,460.64,345.87,Danger
19.63,0.41,0,100.5,46.41,Safe
42.39,7.49,0,392.12,273.29,Danger
33.04,53.9,0,261.61,193.75,Danger
12.27,26.73,0,20.1,14.35,Safe
14.97,46.91,0,128.53,144.5,Safe
13.95,49.96,0,420.31,296.96,Warning
28.68,65.09,1,404.39,330.27,Warning
14.16,82.43,0,90.94,51.13,Safe
26.45,11.5,0,56.69,7.84,Safe
41.36,44.97,0,508.94,404.91,Danger
40.7,57.31,0,102.57,94.98,Warning
31.46,32.26,0,374.88,320.45,Danger
40.61,17.52,1,570.72,468.57,Danger
23.88,57.8,0,0.0,9.88,Safe
21.69,46.4,1,140.61,86.14,Safe
32.22,92.21,1,395.15,333.48,Danger
10.23,16.78,0,271.98,178.76,Warning
26.06,6.6,0,479.44,407.54,Warning
18.26,3.15,0,385.62,275.09,Warning
34.15,90.37,0,606.27,488.06,Danger
18.59,26.4,1,60.56,21.7,Safe
28.81,45.74,1,166.75,138.22,Safe
19.26,16.69,0,22.34,19.76,Safe
35.99,90.92,0,63.38,3.95,Warning
44.86,65.22,0,120.3,48.93,Warning
30.03,23.95,0,0.0,9.47,Safe
21.0,28.49,0,157.83,78.87,Safe
16.98,21.5,1,306.22,251.47,Warning
34.61,76.56,1,54.07,17.68,Safe
33.89,17.56,1,106.24,40.95,Safe
27.62,22.86,0,375.83,309.28,Warning
21.68,35.39,0,463.61,372.61,Warning
17.86,87.85,0,6.64,15.27,Safe
21.36,16.74,0,151.37,138.05,Warning
41.03,69.49,0,153.94,136.57,Danger
33.19,84.8,0,510.05,403.27,Danger
20.45,58.88,0,89.76,41.66,Safe
42.27,94.7,0,294.67,238.53,Danger
17.59,93.88,1,210.64,186.43,Warning
16.92,41.13,1,340.65,234.29,Warning
27.37,83.24,0,376.7,285.19,Danger
10.12,45.53,0,70.49,99.55,Safe
14.88,38.69,0,61.06,23.05,Safe
44.83,64.99,0,265.84,219.05,Danger
30.06,86.52,0,308.8,206.06,Danger
19.74,3.83,0,104.06,77.87,Safe
27.25,66.77,0,253.07,195.59,Danger
11.04,85.3,0,525.08,387.15,Danger
16.27,89.52,0,287.52,200.83,Danger
35.8,53.35,0,551.28,428.59,Danger
10.45,90.71,0,49.78,28.43,Safe
18.07,68.17,1,262.67,193.45,Warning
40.96,65.51,0,313.26,247.81,Danger
14.04,65.83,0,126.64,93.21,Safe
29.59,58.75,0,49.96,15.22,Safe
41.56,98.85,0,313.7,249.03,Danger
31.4,18.57,1,192.12,123.31,Warning
17.92,26.86,1,28.84,30.82,Safe
12.99,6.44,1,426.73,337.71,Warning
28.61,18.95,0,315.03,263.1,Warning
17.07,12.47,0,83.78,41.22,Safe
15.42,65.16,1,166.43,126.82,Warning
35.95,10.1,0,500.07,403.75,Danger
25.43,95.06,0,255.29,200.0,Danger
37.65,19.09,0,167.3,150.46,Danger
24.94,90.34,0,452.85,384.94,Danger
38.95,79.93,0,498.29,434.24,Danger
25.61,99.65,0,237.19,186.66,Danger
38.48,70.6,0,139.18,148.72,Warning
29.51,94.86,0,114.2,59.19,Safe
42.42,79.83,0,548.18,417.81,Danger
24.24,83.94,1,323.33,216.08,Danger
14.64,1.89,0,169.71,90.1,Safe
31.77,30.58,0,145.89,115.6,Warning
24.41,89.17,0,216.63,130.11,Warning
11.29,33.45,1,499.41,362.55,Warning
18.8,99.16,0,88.03,32.63,Safe
34.74,16.07,0,540.37,482.29,Danger
32.17,86.04,1,30.04,35.35,Warning
30.07,14.27,0,78.19,17.26,Safe
12.43,35.58,0,75.91,65.5,Safe
28.02,26.43,0,154.2,76.7,Safe
12.75,68.94,0,410.4,298.93,Danger
29.15,96.89,0,443.96,390.72,Danger
10.04,44.49,0,96.6,45.42,Safe
30.35,27.99,0,39.99,5.09,Safe
23.93,64.96,0,174.69,124.81,Warning
12.01,7.19,1,51.58,50.49,Safe
19.38,66.37,1,227.17,171.12,Warning
24.08,29.57,0,115.56,63.64,Safe
33.52,48.18,1,0.0,4.01,Safe
44.67,33.68,1,382.96,307.69,Danger
43.97,30.55,0,170.63,88.85,Warning
26.43,63.88,0,152.29,80.82,Safe
40.89,23.79,0,344.67,294.43,Danger
37.44,34.4,1,487.94,359.57,Danger
10.16,68.98,1,76.32,24.26,Safe
13.07,8.91,1,438.64,370.29,Warning
39.41,53.58,0,189.58,143.68,Warning
33.1,36.81,0,431.38,348.42,Danger
26.81,59.67,0,468.22,397.5,Warning
38.98,21.06,1,428.8,366.33,Danger
40.34,81.9,0,239.56,147.35,Danger
32.99,26.65,1,519.48,408.14,Warning
18.34,58.42,0,27.36,15.09,Safe
30.76,64.67,0,21.22,6.09,Safe
17.88,42.71,0,166.44,129.43,Warning
36.54,4.75,0,245.96,197.55,Danger
20.03,67.3,0,105.87,67.18,Safe
17.13,9.33,0,249.68,218.71,Warning
16.54,17.38,0,337.84,256.92,Warning
38.33,41.92,1,426.12,383.03,Danger
27.35,22.35,0,121.45,71.7,Safe
27.1,91.54,1,220.75,194.01,Danger
32.36,64.8,0,169.29,99.33,Warning
31.52,36.33,0,309.57,218.0,Danger
18.09,83.99,0,101.3,80.0,Safe
35.54,3.7,0,371.02,285.94,Danger
19.25,59.09,1,300.18,280.6,Warning
18.53,6.06,0,137.25,81.61,Safe
41.14,89.31,1,48.57,46.74,Warning
38.16,78.41,1,240.47,203.12,Danger
38.42,7.61,1,430.57,365.22,Danger
44.58,8.66,1,313.69,252.09,Danger
21.95,60.96,1,339.04,287.56,Warning
13.94,49.03,0,566.89,447.69,Warning
42.21,69.17,1,382.83,271.82,Danger
38.92,49.59,1,261.82,173.38,Danger
29.23,36.48,0,78.4,50.57,Safe
16.2,68.15,0,236.09,159.22,Danger
41.97,44.38,0,15.18,12.47,Warning
14.02,54.3,1,132.59,69.79,Safe
33.15,85.29,1,524.85,435.36,Danger
36.33,80.87,0,37.5,31.28,Warning
16.24,86.25,1,121.61,52.28,Safe
12.2,87.18,1,157.33,116.16,Warning
13.91,20.8,1,152.19,86.4,Safe
22.64,53.07,0,164.33,137.77,Warning
21.68,79.41,1,612.26,471.77,Warning
17.22,80.2,0,96.38,65.13,Safe
24.38,61.99,0,0.0,5.54,Safe
21.27,71.79,0,3.03,3.89,Safe
31.02,64.4,1,241.74,188.51,Warning
23.38,17.96,0,131.87,116.9,Safe
42.95,78.02,0,182.01,146.34,Danger
43.82,68.71,0,123.11,72.19,Warning
11.42,27.26,1,318.22,267.22,Warning
44.3,58.37,1,465.18,398.38,Danger
15.42,3.77,0,244.97,177.83,Warning
38.64,5.42,0,271.45,210.85,Danger
21.54,2.08,0,192.6,134.49,Warning
31.57,31.24,1,518.14,408.72,Warning
23.25,38.06,1,498.72,384.13,Warning
19.75,75.51,0,81.02,14.94,Safe
33.66,27.45,1,135.66,72.39,Safe
24.71,54.61,0,160.85,83.05,Safe
44.7,49.33,0,318.98,270.46,Danger
36.29,5.09,0,357.03,253.66,Danger
24.15,43.82,1,35.11,24.43,Safe
14.35,0.38,1,501.48,416.17,Warning
22.8,79.07,0,47.18,6.96,Safe
39.81,32.02,1,46.32,69.51,Safe
14.89,58.19,0,89.43,52.53,Safe
14.65,68.33,0,225.46,178.71,Danger
11.57,14.17,0,166.53,123.09,Warning
42.13,3.91,0,401.07,322.39,Danger
31.81,5.76,0,48.1,35.16,Safe
13.73,0.52,0,180.56,154.13,Warning
10.8,29.84,0,454.97,336.75,Warning
23.24,37.43,1,348.43,299.77,Warning
20.51,98.9,1,599.38,475.48,Danger
14.98,16.54,1,39.4,27.58,Safe
26.26,74.9,0,500.15,384.4,Danger
13.07,92.25,1,412.39,305.02,Danger
35.33,8.81,0,163.67,124.73,Warning
14.71,31.93,0,185.67,109.31,Warning
26.27,46.16,1,576.16,461.72,Warning
28.63,70.87,1,218.78,149.9,Warning
19.28,93.33,1,526.14,440.43,Danger
43.81,56.32,1,483.69,384.98,Danger
33.06,38.8,0,336.22,226.62,Danger
24.29,84.46,0,234.3,208.48,Danger
31.88,86.7,0,180.51,121.25,Danger
38.77,15.07,0,251.41,195.39,Danger
43.85,34.88,0,499.57,407.36,Danger
13.29,92.12,0,418.45,318.41,Danger
43.12,51.94,0,500.85,391.4,Danger
11.12,27.29,1,56.84,19.51,Safe
26.05,78.1,0,386.47,306.3,Danger
22.82,51.53,0,444.98,369.37,Warning
15.54,56.87,1,18.61,23.38,Safe
16.15,38.02,0,471.7,351.84,Warning
21.02,40.74,1,57.11,6.04,Safe
14.34,44.65,0,187.2,139.97,Warning
20.07,77.31,0,216.43,216.37,Warning
10.25,30.49,0,12.75,46.3,Safe
30.92,58.6,0,462.38,379.25,Danger
32.97,95.09,1,256.54,162.46,Danger
27.28,8.04,0,28.95,19.93,Safe
42.01,77.63,0,542.03,408.54,Danger
12.82,64.02,0,73.03,102.43,Safe
24.83,27.67,1,8.08,1.77,Safe
20.42,58.72,0,279.2,227.5,Warning
18.7,89.81,0,426.38,339.61,Danger
39.62,13.06,0,306.27,218.59,Danger
12.76,7.71,1,341.1,284.59,Warning
11.0,42.17,1,189.13,167.54,Warning
11.44,67.95,0,87.62,58.74,Safe
33.11,29.88,1,65.55,62.43,Safe
34.91,32.15,1,40.22,6.83,Safe
25.25,2.9,0,199.88,168.06,Warning
26.72,73.24,1,491.43,392.85,Warning
11.8,91.97,0,98.3,51.2,Safe
20.34,15.7,0,100.88,69.42,Safe
44.16,14.72,1,101.31,94.95,Safe
14.72,78.85,0,5.82,8.99,Safe
25.8,93.91,0,575.6,458.51,Danger
15.64,56.25,0,536.36,425.73,Warning
14.38,78.38,0,106.76,80.06,Safe
44.27,36.46,0,448.82,380.36,Danger
11.31,6.13,1,41.66,25.16,Safe
22.54,11.97,0,629.84,488.68,Warning
36.69,30.29,1,251.48,196.96,Danger
20.16,70.94,1,60.31,33.36,Safe
29.76,63.53,1,371.79,312.26,Warning
31.52,50.01,1,269.66,226.88,Warning
22.78,81.04,0,173.64,118.18,Warning
37.72,13.39,0,0.0,28.97,Warning
43.56,27.35,0,178.85,100.38,Warning
25.58,30.41,1,84.97,65.98,Safe
34.19,42.16,1,71.43,60.27,Safe
29.79,93.25,1,65.0,33.4,Safe
10.56,69.18,0,444.98,323.22,Danger
26.05,17.12,1,254.31,171.79,Warning
28.69,43.22,1,547.2,411.32,Warning
42.59,70.89,1,116.0,81.86,Warning
22.57,87.05,0,100.64,99.23,Safe
33.61,26.28,0,574.31,485.15,Danger
39.8,2.37,0,222.04,150.05,Danger
28.39,31.38,1,117.25,86.59,Safe
23.42,61.65,0,96.56,90.62,Safe
38.03,82.03,0,417.13,376.64,Danger
23.02,29.61,1,425.71,331.37,Warning
18.76,59.83,1,470.93,373.21,Warning
33.83,71.06,1,89.98,34.48,Safe
22.15,0.68,0,141.92,89.36,Safe
12.77,99.68,0,226.12,210.69,Danger
28.36,29.07,1,259.3,218.68,Warning
29.28,21.72,0,37.76,20.95,Safe
44.66,83.54,0,307.67,262.63,Danger
26.54,58.56,0,503.92,429.57,Warning
10.17,87.39,0,382.61,299.65,Danger
28.91,49.26,1,92.23,46.16,Safe
39.17,7.99,0,597.51,465.05,Danger
33.11,7.68,0,65.51,3.89,Safe
12.57,77.04,0,432.46,343.86,Danger
17.27,21.1,0,387.26,330.21,Warning
11.89,31.94,1,80.74,72.89,Safe
25.75,55.84,0,285.29,187.35,Warning
38.77,40.07,0,6.39,37.04,Warning
17.54,87.78,0,160.31,114.86,Warning
31.1,87.36,1,142.61,94.08,Warning
40.05,27.85,0,576.22,457.98,Danger
16.32,4.37,0,218.19,174.83,Warning
19.15,45.55,0,469.78,340.53,Warning
12.45,26.21,0,252.88,162.38,Warning
17.75,1.98,1,160.88,140.57,Safe
35.52,31.01,1,610.92,480.5,Danger
37.4,45.41,0,229.53,164.1,Danger
42.95,17.59,1,332.66,273.97,Danger
20.93,32.37,0,308.63,256.18,Warning
36.02,10.6,1,205.53,173.82,Warning
29.8,90.03,0,502.27,390.67,Danger
32.11,37.2,0,195.51,161.36,Warning
43.93,76.65,0,622.04,496.06,Danger
24.03,96.66,0,23.01,16.23,Safe
22.65,19.42,1,26.55,33.38,Safe
38.58,46.84,0,186.1,156.59,Danger
16.42,56.86,1,290.77,196.78,Warning
23.23,60.81,0,543.83,430.3,Warning
12.98,14.34,0,299.4,200.31,Warning
30.94,41.57,0,552.65,441.73,Danger
25.8,57.63,1,76.95,11.47,Safe
37.29,35.31,0,281.04,197.57,Danger
13.51,32.93,0,399.47,316.06,Warning
18.19,40.47,0,449.13,380.49,Warning
22.19,87.7,0,48.1,38.07,Safe
43.22,96.98,1,471.1,361.33,Danger
37.25,88.82,1,412.01,342.63,Danger
17.21,43.75,0,120.88,111.73,Safe
36.21,58.64,1,42.73,11.7,Safe
32.14,20.09,0,413.29,312.08,Danger
13.37,7.65,1,452.12,375.8,Warning
26.04,1.03,0,119.87,66.6,Safe
22.21,98.41,0,497.41,380.52,Danger
25.05,88.8,0,421.05,314.62,Danger
12.59,72.21,0,473.85,381.19,Danger
19.23,81.78,1,89.63,87.05,Safe
26.85,47.88,0,113.22,105.35,Safe
24.49,76.86,1,592.72,442.22,Warning
13.45,49.14,0,154.75,77.99,Safe
19.52,25.63,0,146.46,69.84,Safe
19.34,5.97,0,60.03,48.72,Safe
20.01,15.22,0,196.66,155.78,Warning
10.09,98.0,0,114.84,76.11,Safe
44.77,25.82,1,72.89,54.18,Safe
23.2,66.07,0,547.95,409.81,Danger
32.53,38.16,0,85.65,48.33,Safe
32.81,71.72,0,499.49,414.99,Danger
12.63,24.53,0,237.61,163.2,Warning
10.84,62.55,1,135.67,58.96,Safe
33.6,39.69,1,57.62,5.56,Safe
33.37,93.57,0,509.98,431.25,Danger
12.02,32.98,0,122.82,111.53,Safe
21.57,33.79,1,440.14,336.24,Warning
40.92,33.35,1,329.51,251.73,Danger
19.19,15.53,1,397.69,327.42,Warning
41.16,32.47,0,542.28,428.9,Danger
29.28,18.09,1,272.49,215.72,Warning
36.29,50.33,1,61.6,5.43,Safe
10.32,56.8,1,128.51,53.65,Safe
16.52,50.07,1,244.58,228.99,Warning
21.12,39.14,0,271.64,220.98,Warning
41.39,86.88,1,301.9,245.4,Danger
10.1,85.84,0,85.77,72.34,Safe
32.76,14.15,0,356.11,261.63,Danger
42.92,47.11,1,302.92,206.48,Danger
39.94,61.5,0,352.59,253.53,Danger
10.1,46.24,0,86.44,38.01,Safe
15.05,58.26,0,160.49,95.45,Safe
18.73,76.67,1,569.15,432.08,Warning
19.2,66.32,0,514.89,409.32,Danger
14.95,34.98,0,613.22,483.85,Warning
26.03,62.37,1,40.03,25.15,Safe
22.82,60.6,1,66.84,35.44,Safe
15.78,47.17,0,359.16,259.34,Warning
33.17,45.26,1,143.87,132.79,Warning
36.21,68.89,0,201.82,142.53,Danger
41.2,61.27,0,460.39,359.64,Danger
42.45,57.11,0,250.13,220.18,Danger
17.22,5.96,1,98.9,88.03,Safe
42.66,64.3,0,529.86,412.86,Danger
33.52,61.11,0,414.1,345.76,Danger
16.07,27.14,1,107.67,45.07,Safe
32.57,28.25,0,409.26,308.02,Danger
19.14,36.05,0,195.04,149.17,Warning
27.23,76.5,1,451.57,352.09,Warning
19.35,68.02,1,460.62,358.33,Warning
12.56,64.78,0,254.5,169.9,Warning
35.5,31.37,0,394.85,303.1,Danger
12.85,47.07,0,443.21,331.75,Warning
20.27,21.31,0,452.2,369.01,Warning
23.21,0.06,1,293.06,230.39,Warning
34.49,3.38,1,226.32,199.21,Warning
42.47,16.47,0,371.49,321.56,Danger
21.06,79.23,0,155.07,83.33,Warning
26.67,36.61,1,127.45,104.8,Safe
37.14,14.74,0,170.85,154.34,Danger
14.81,25.85,1,308.33,239.76,Warning
33.78,17.64,1,422.13,346.96,Warning
30.92,1.44,1,123.38,79.93,Safe
34.27,34.43,0,75.72,64.47,Safe
35.11,91.08,0,65.93,33.85,Warning
37.27,72.98,0,326.35,293.44,Danger
20.14,10.15,1,355.35,280.94,Warning
25.66,39.71,1,462.2,363.16,Warning
16.16,40.98,0,89.64,29.63,Safe
29.72,40.06,0,28.08,35.78,Safe
40.87,67.66,0,565.93,441.26,Danger
27.73,39.14,1,310.04,247.35,Warning
37.0,6.04,0,236.87,199.47,Danger
30.62,75.35,1,217.33,129.81,Warning
23.78,79.91,0,104.15,44.51,Safe
23.27,78.75,1,549.79,407.2,Warning
35.98,56.13,1,150.57,118.8,Warning
23.39,30.48,0,49.9,20.59,Safe
15.18,66.81,0,370.45,270.01,Danger
14.24,93.18,0,294.89,216.12,Danger
31.74,90.82,1,75.36,40.4,Warning
30.5,78.97,1,339.58,273.28,Danger
40.21,55.3,1,188.42,151.86,Warning
24.54,70.18,0,56.65,41.21,Safe
15.27,56.18,1,546.36,440.85,Warning
31.17,1.99,1,439.72,361.11,Warning
26.67,66.33,1,56.76,41.5,Safe
39.69,15.47,0,475.7,361.91,Danger
11.86,65.48,0,58.17,4.17,Safe
23.44,18.18,0,393.72,295.18,Warning
41.58,92.7,0,133.38,108.23,Danger
27.7,63.5,1,574.97,441.64,Warning
29.1,8.19,0,110.73,52.9,Safe
10.58,13.57,0,107.92,41.04,Safe
15.96,58.96,0,369.31,279.1,Warning
35.8,19.04,0,90.04,31.46,Warning
16.21,47.19,0,151.0,116.03,Warning
19.82,19.77,0,72.06,8.95,Safe
41.88,75.5,1,226.21,194.13,Danger
14.94,43.84,1,311.33,264.46,Warning
26.9,80.47,0,365.79,342.5,Danger
26.43,44.05,0,133.84,92.18,Safe
21.17,46.65,0,133.7,133.74,Safe
42.79,61.72,0,165.85,141.56,Warning
17.61,70.46,0,376.93,276.24,Danger
37.8,9.08,0,451.56,386.7,Danger
24.15,76.04,0,271.89,180.81,Danger
18.58,92.98,1,98.54,89.13,Safe
39.51,9.94,1,10.56,20.64,Safe
11.63,87.84,0,37.13,16.73,Safe
32.86,15.68,0,625.19,490.66,Danger
11.58,35.55,0,184.5,127.75,Warning
35.73,89.74,0,123.06,54.7,Warning
38.83,29.82,1,186.52,145.41,Warning
17.42,47.21,0,605.96,454.24,Warning
25.61,45.97,1,162.51,126.87,Safe
28.65,40.08,0,310.98,206.72,Warning
27.12,60.48,0,513.62,374.84,Warning
17.48,35.66,0,120.31,86.81,Safe
22.84,96.77,1,442.31,360.79,Danger
12.21,28.79,1,167.07,127.76,Safe
38.26,89.52,0,515.09,406.55,Danger
32.1,43.14,0,67.92,21.65,Safe
25.2,84.78,1,181.9,150.35,Warning
16.27,53.46,0,136.64,126.33,Safe
13.35,58.0,0,508.83,411.66,Warning
42.07,66.17,1,550.84,466.44,Danger
25.17,93.24,0,514.41,397.1,Danger
35.64,24.88,1,360.41,300.76,Danger
32.17,85.31,0,462.39,339.39,Danger
13.91,99.94,0,129.86,55.11,Safe
37.61,75.76,1,549.74,419.57,Danger
40.44,54.34,1,307.15,267.89,Danger
17.18,55.83,0,14.72,1.22,Safe
24.86,39.39,0,74.91,35.83,Safe
24.18,90.61,0,138.24,84.43,Safe
14.99,6.4,1,297.37,199.62,Warning
18.81,50.78,1,243.43,209.82,Warning
28.17,47.97,0,120.61,84.73,Safe
34.14,28.34,0,401.53,301.14,Danger
23.45,47.09,0,197.21,127.3,Warning
19.36,18.04,0,407.11,351.35,Warning
26.08,21.13,1,80.82,68.01,Safe
28.7,56.75,0,420.89,310.92,Warning
24.81,65.64,1,109.28,122.49,Safe
20.01,99.77,0,577.02,476.83,Danger
14.7,7.17,1,29.36,7.85,Safe
23.45,82.72,0,75.32,42.25,Safe
30.69,9.72,0,76.03,58.28,Safe
15.21,64.03,0,600.74,466.45,Warning
13.83,72.97,1,417.48,314.49,Warning
24.81,85.62,1,539.7,476.89,Danger
29.92,21.14,0,18.65,24.34,Safe
29.73,17.29,1,65.16,57.26,Safe
29.16,40.68,1,5.07,37.09,Safe
35.1,24.04,0,141.47,68.12,Warning
26.51,65.9,1,372.66,288.02,Warning
33.43,23.73,1,479.28,364.73,Warning
42.62,57.29,1,81.87,37.99,Safe
42.1,1.64,0,321.3,227.11,Danger
27.6,69.57,0,94.79,34.35,Safe
42.32,60.98,0,315.68,212.35,Danger
43.09,1.48,0,467.69,399.22,Danger
29.48,43.91,1,198.69,149.02,Safe
37.8,47.99,0,304.91,237.61,Danger
16.88,76.82,0,506.19,391.5,Danger
36.02,90.05,0,472.75,383.56,Danger
34.05,16.85,1,75.88,58.72,Safe
44.55,81.64,0,27.94,0.79,Warning
28.98,36.3,0,437.0,371.26,Warning
37.85,11.28,1,470.11,366.37,Danger
43.01,67.33,0,202.86,132.64,Danger
16.3,30.01,0,187.88,115.95,Warning
14.88,46.63,1,570.78,480.77,Warning
38.26,19.04,0,80.52,48.47,Warning
23.48,11.51,0,60.11,30.32,Safe
15.64,96.37,1,369.2,258.15,Danger
27.91,92.55,1,421.05,321.26,Danger
41.74,83.52,0,392.35,334.51,Danger
41.9,82.21,1,213.48,187.48,Danger
11.48,21.94,0,37.13,1.85,Safe
15.12,99.9,0,53.58,32.17,Safe
23.08,68.22,0,343.17,252.97,Danger
23.37,69.2,0,429.51,354.65,Danger
26.14,54.97,0,182.44,145.33,Warning
28.77,16.03,0,313.12,239.32,Warning
15.41,89.38,1,470.14,338.42,Danger
35.16,56.98,1,592.68,473.68,Danger
15.13,19.73,1,360.61,301.2,Warning
12.31,16.65,0,442.96,371.74,Warning
23.7,14.99,0,211.67,168.66,Warning
11.13,76.45,0,53.4,7.51,Safe
36.32,75.89,0,491.23,393.66,Danger
16.82,77.9,0,7.56,8.04,Safe
21.0,95.73,0,315.02,230.29,Danger
25.51,35.43,1,64.01,53.54,Safe
35.29,41.0,0,455.41,327.39,Danger
39.07,2.17,0,227.14,203.4,Danger
30.15,0.01,1,447.33,348.19,Warning
20.17,19.44,1,303.79,292.84,Warning
31.44,34.51,0,590.04,493.99,Danger
16.08,50.57,0,479.47,381.77,Warning
31.98,62.81,1,257.98,206.35,Warning
27.6,75.2,0,479.01,424.46,Danger
42.5,54.8,0,262.66,194.42,Danger
32.88,47.12,0,546.25,459.01,Danger
25.44,67.94,0,373.4,317.4,Danger
29.92,63.75,1,137.42,67.87,Safe
23.67,93.72,0,251.35,215.21,Danger
33.34,54.09,0,193.85,118.48,Warning
19.91,48.05,1,130.4,76.85,Safe
19.1,64.35,0,460.09,349.97,Warning
17.93,69.23,0,110.45,98.07,Safe
16.59,89.71,1,395.62,306.71,Danger
13.73,92.02,0,451.63,337.91,Danger
42.93,66.51,0,238.48,189.22,Danger
24.69,93.3,0,89.39,55.19,Safe
17.64,29.69,0,455.32,339.99,Warning
38.38,80.62,0,61.55,53.52,Warning
31.57,95.45,1,61.28,45.59,Warning
36.48,30.91,0,302.55,275.85,Danger
17.18,69.25,1,22.79,16.99,Safe
37.86,95.11,0,582.84,466.17,Danger
42.79,91.71,0,229.64,153.17,Danger
34.67,11.32,0,332.42,240.77,Danger
30.09,56.49,0,134.15,75.94,Safe
14.0,90.79,1,152.79,164.38,Warning
31.54,36.17,1,429.18,329.61,Warning
14.27,66.8,0,180.24,139.15,Warning
12.36,78.94,0,121.67,96.81,Safe
38.38,26.68,0,526.11,393.69,Danger
41.47,45.22,1,72.21,71.04,Safe
27.83,63.89,0,427.4,364.13,Warning
40.27,65.03,0,159.73,137.61,Danger
14.86,79.04,0,65.06,13.14,Safe
18.87,46.7,0,568.82,468.09,Warning
17.37,31.79,1,402.31,284.4,Warning
38.03,3.56,0,344.35,243.16,Danger
26.85,62.72,0,582.95,446.03,Warning
26.65,16.36,0,70.63,57.25,Safe
35.55,0.63,1,568.52,455.35,Danger
36.71,13.35,1,507.39,386.63,Danger
18.23,68.43,0,506.35,375.46,Danger
11.8,59.68,0,277.53,216.67,Warning
23.26,49.43,0,452.08,330.08,Warning
22.24,29.52,1,115.91,93.13,Safe
10.76,4.46,1,67.92,5.11,Safe
42.32,21.66,1,353.53,280.9,Danger
14.55,20.57,1,292.62,216.1,Warning
20.26,78.65,0,578.27,451.2,Danger
10.52,62.27,0,383.4,326.01,Warning
18.21,31.27,0,577.98,450.89,Warning
37.49,86.15,0,170.85,132.45,Danger
13.8,97.31,0,115.01,94.94,Safe
41.45,44.51,0,63.24,43.9,Warning
11.03,16.73,1,0.0,6.88,Safe
42.95,9.48,0,600.36,493.14,Danger
26.07,59.59,0,56.67,53.54,Safe
12.63,83.4,1,415.56,319.53,Danger
25.0,58.97,0,276.37,239.22,Warning
23.26,13.13,0,83.17,65.27,Safe
43.52,10.63,0,442.86,368.07,Danger
18.62,65.07,1,540.45,430.39,Warning
17.24,47.82,1,52.62,33.8,Safe
16.3,55.47,0,481.81,400.26,Warning
27.27,9.99,0,565.1,483.03,Warning
30.79,2.42,1,247.1,152.41,Warning
30.0,26.75,0,126.56,111.6,Safe
12.75,69.08,0,516.0,392.01,Danger
37.63,46.12,0,244.53,178.2,Danger
23.58,92.73,1,490.68,380.28,Danger
20.47,50.94,0,626.33,491.83,Warning
33.06,35.38,0,58.17,5.97,Safe
30.64,4.87,1,587.08,447.13,Warning
15.26,96.67,0,382.34,311.9,Danger
41.5,31.78,0,302.12,225.32,Danger
18.81,80.69,0,603.61,498.55,Danger
15.87,80.77,0,255.35,168.69,Danger
10.67,76.55,0,324.34,246.11,Danger
10.69,12.12,1,551.49,433.68,Warning
21.6,16.51,0,54.41,21.41,Safe
24.15,18.24,1,283.23,185.03,Warning
31.38,22.18,0,172.57,91.59,Warning
33.29,43.53,0,299.42,200.46,Danger
32.6,97.09,0,482.4,370.92,Danger
40.6,41.84,1,551.99,430.79,Danger
27.25,46.74,1,174.08,109.17,Safe
12.09,64.46,1,424.41,350.66,Warning
19.91,36.78,0,92.62,56.59,Safe
10.81,51.17,1,93.76,76.17,Safe
22.55,43.21,0,203.71,162.9,Warning
27.68,26.13,0,0.0,16.21,Safe
16.17,95.59,0,88.47,34.8,Safe
27.89,30.99,0,154.82,108.21,Warning
28.2,34.33,0,429.87,306.18,Warning
44.01,6.03,0,7.91,6.56,Warning
14.56,47.63,1,160.03,96.39,Safe
25.4,46.64,0,581.96,482.94,Warning
15.66,61.23,1,166.53,120.48,Safe
37.21,94.9,0,592.64,461.9,Danger
11.03,68.32,0,111.07,86.4,Safe
30.46,5.57,1,33.67,14.85,Safe
17.67,41.46,0,52.55,36.08,Safe
28.57,0.85,0,425.26,325.01,Warning
43.39,71.78,0,262.42,203.86,Danger
41.07,12.02,0,577.63,466.51,Danger
14.92,71.69,0,432.94,360.78,Danger
16.41,73.6,1,111.4,56.68,Safe
16.36,16.1,0,534.21,439.08,Warning
27.4,39.36,0,226.57,186.37,Warning
27.02,53.92,0,401.96,292.89,Warning
33.63,66.01,0,464.57,342.69,Danger
40.86,49.22,0,154.04,154.53,Danger
41.05,74.48,0,183.36,154.84,Danger
27.82,80.27,1,503.15,400.99,Danger
10.4,99.26,0,98.6,91.72,Safe
18.99,24.49,1,78.04,26.9,Safe
26.29,97.57,0,23.62,30.4,Safe
34.63,46.38,1,94.77,72.12,Safe
23.77,93.44,0,321.4,266.91,Danger
32.15,43.11,1,169.35,137.35,Warning
18.78,0.32,0,19.08,10.95,Safe
39.08,81.46,0,535.3,402.12,Danger
34.93,47.06,0,35.03,24.57,Safe
38.33,66.09,1,620.23,470.58,Danger
29.87,43.5,0,588.73,482.11,Warning
30.67,73.6,0,605.89,484.56,Danger
41.86,6.55,0,159.04,152.46,Danger
38.05,5.45,0,514.78,423.59,Danger
40.48,13.16,1,252.74,209.79,Danger
10.83,10.43,0,401.13,280.63,Warning
35.7,29.39,0,147.8,97.54,Warning
12.12,71.69,0,54.28,7.82,Safe
36.54,25.6,0,187.27,153.37,Danger
23.91,24.22,0,129.2,93.56,Safe
33.07,3.93,1,84.72,52.43,Safe
19.09,66.64,1,25.47,9.96,Safe
15.31,89.72,0,456.01,328.47,Danger
18.98,10.8,0,63.3,0.64,Safe
23.2,0.49,0,127.46,67.55,Safe
23.98,21.93,0,552.29,498.77,Warning
41.21,14.56,0,407.0,320.7,Danger
11.63,98.06,1,245.81,162.04,Danger
38.89,83.49,0,430.74,366.34,Danger
25.57,96.95,0,454.06,348.81,Danger
44.04,8.71,1,526.81,385.54,Danger
10.45,74.05,0,103.55,86.0,Safe
43.77,12.62,0,165.31,113.56,Warning
31.39,43.62,0,285.87,238.84,Danger
36.83,2.64,0,370.29,285.54,Danger
17.91,74.29,1,32.12,45.98,Safe
21.03,12.13,0,426.59,361.75,Warning
18.49,26.28,0,0.0,7.38,Safe
36.6,51.73,0,406.65,322.05,Danger
26.3,81.83,0,427.83,360.1,Danger
16.74,63.44,0,82.33,70.77,Safe
28.53,49.36,0,321.86,216.78,Warning
24.64,88.58,0,205.28,174.64,Danger
23.2,82.11,1,408.25,308.97,Danger
19.49,2.45,0,442.55,339.72,Warning
28.44,26.78,1,55.14,18.32,Safe
18.5,82.68,0,297.73,206.02,Danger
39.33,29.84,0,551.49,460.19,Danger
18.11,40.5,0,98.01,92.23,Safe
18.77,91.77,1,129.83,119.78,Warning
43.51,81.26,0,24.58,8.32,Warning
43.17,69.94,0,382.82,289.02,Danger
23.44,59.53,0,577.31,433.48,Warning
11.33,18.44,0,46.27,52.83,Safe
12.74,78.24,0,212.06,149.11,Warning
12.75,4.13,0,313.25,263.54,Warning
24.92,85.16,1,80.2,22.9,Safe
36.19,52.43,0,129.98,101.92,Warning
43.6,78.83,0,588.49,457.6,Danger
30.7,55.33,0,112.91,82.99,Safe
16.61,93.41,0,588.37,463.9,Danger
26.45,82.96,0,75.66,34.68,Safe
25.78,60.96,1,103.32,47.05,Safe
18.73,33.64,1,200.22,115.2,Safe
24.57,1.3,0,224.53,154.0,Warning
40.78,29.93,0,406.24,357.32,Danger
27.62,75.24,0,94.83,92.85,Safe
29.67,18.95,0,118.94,103.56,Safe
43.75,5.67,0,445.34,342.38,Danger
42.34,43.42,0,479.27,394.7,Danger
25.7,6.48,0,81.48,64.25,Safe
44.77,10.91,1,239.56,195.5,Danger
13.0,73.18,1,551.43,458.73,Warning
40.04,79.28,0,533.05,407.18,Danger
30.22,31.27,0,482.77,381.56,Danger
34.94,39.83,0,97.93,38.47,Safe
34.24,66.61,1,119.13,86.56,Safe
17.22,92.52,0,505.11,426.28,Danger
25.65,88.22,0,438.53,376.83,Danger
43.81,14.66,0,232.93,166.76,Danger
30.75,48.92,0,65.51,31.5,Safe
10.26,60.09,0,255.8,219.61,Warning
16.53,84.52,0,265.26,207.87,Danger
28.96,76.91,0,542.19,452.59,Danger
24.31,3.88,0,553.5,460.8,Warning
13.32,19.43,1,408.8,349.18,Warning
33.08,45.41,0,600.7,477.6,Danger
25.89,69.44,0,376.17,325.42,Danger
22.27,47.4,0,119.28,93.89,Safe
35.97,67.06,0,229.95,182.11,Danger
13.55,42.26,0,88.46,76.85,Safe
14.2,15.76,1,399.86,343.03,Warning
11.31,34.2,0,50.46,3.2,Safe
15.4,71.29,1,312.39,223.72,Warning
19.14,25.82,1,505.36,412.41,Warning
11.73,57.12,0,3.95,15.16,Safe
22.67,45.58,0,492.54,374.09,Warning
30.54,94.43,1,361.82,258.17,Danger
28.39,34.43,1,65.66,46.62,Safe
30.25,73.05,0,132.64,64.19,Warning
30.46,16.83,0,238.08,152.57,Danger
15.48,84.85,0,475.95,351.41,Danger
20.28,45.56,0,595.27,478.09,Warning
41.06,2.27,0,529.45,397.46,Danger
38.47,73.78,0,273.28,226.63,Danger
18.86,6.62,1,459.16,333.79,Warning
32.28,9.63,0,103.53,69.13,Safe
28.3,41.65,1,150.44,91.53,Safe
36.09,58.11,1,362.43,282.79,Danger
10.16,50.79,0,402.4,304.47,Warning
31.07,84.47,0,478.87,389.73,Danger
41.47,44.93,0,614.31,479.15,Danger
44.39,36.77,0,84.75,96.82,Warning
27.62,29.8,0,392.13,341.22,Warning
41.79,80.85,0,138.27,89.9,Warning
28.27,90.46,0,162.15,85.1,Warning
43.25,11.6,0,522.55,439.41,Danger
35.17,76.25,1,441.42,373.58,Danger
42.26,62.75,0,597.66,488.73,Danger
30.96,52.56,0,128.91,94.43,Safe
13.51,45.69,1,415.09,349.15,Warning
30.41,48.83,0,178.89,123.76,Warning
12.83,60.83,0,68.28,32.84,Safe
32.44,18.17,1,425.16,320.0,Warning
44.31,84.97,0,572.72,471.32,Danger
32.23,30.99,0,109.44,64.86,Safe
26.06,42.69,0,82.12,78.64,Safe
11.13,11.48,0,177.46,151.79,Warning
23.23,58.84,1,74.86,16.92,Safe
44.28,85.06,0,629.53,477.83,Danger
37.52,60.26,0,399.5,316.02,Danger
41.74,87.64,0,486.13,378.57,Danger
24.67,58.37,1,355.96,261.39,Warning
13.13,82.91,0,233.21,156.54,Danger
40.27,92.81,1,142.61,115.95,Danger
30.35,47.33,0,330.02,265.46,Danger
22.76,24.83,0,74.64,53.94,Safe
13.95,98.46,0,120.15,61.81,Safe
27.82,20.92,0,606.79,485.93,Warning
42.32,60.52,0,388.88,330.5,Danger
17.0,9.91,1,267.61,174.48,Warning
37.8,69.38,0,499.05,370.36,Danger
22.99,46.75,0,395.41,298.73,Warning
40.6,14.9,1,308.93,289.67,Danger
36.8,10.71,0,334.32,246.69,Danger
42.27,26.8,1,187.97,146.86,Warning
44.72,32.78,1,102.65,81.05,Safe
25.83,13.34,1,136.88,70.32,Safe
44.88,58.76,1,2.07,11.98,Safe
26.21,70.41,0,287.89,276.08,Danger
33.42,0.43,0,574.45,485.32,Danger
11.74,53.5,0,153.78,92.97,Safe
25.33,36.67,0,459.86,349.46,Warning
16.27,34.98,0,98.42,80.76,Safe
39.41,64.32,0,28.6,29.75,Warning
18.54,55.18,1,200.81,116.43,Safe
35.62,57.38,1,87.55,58.91,Safe
24.49,74.26,0,511.3,417.55,Danger
17.93,62.02,0,473.21,357.91,Warning
22.73,47.37,1,463.64,346.75,Warning
32.7,56.9,0,487.49,433.35,Danger
21.94,1.18,1,128.6,70.31,Safe
38.75,2.11,0,618.06,483.4,Danger
19.86,30.49,1,67.98,40.78,Safe
32.19,52.17,0,138.84,62.94,Safe
18.16,5.0,0,70.73,39.71,Safe
42.57,39.82,0,315.44,268.13,Danger
14.39,43.04,0,250.6,209.89,Warning
25.02,17.29,0,478.73,345.04,Warning
37.41,40.38,0,266.22,202.88,Danger
43.72,27.65,0,394.81,303.18,Danger
12.66,17.08,1,648.39,498.98,Warning
11.2,29.09,1,117.03,70.62,Safe
24.19,7.44,0,121.48,72.52,Safe
24.07,65.91,1,44.04,27.96,Safe
15.26,66.73,1,174.25,150.78,Warning
20.79,39.75,0,286.99,244.55,Warning
28.62,68.16,0,48.79,0.33,Safe
42.58,70.83,0,322.38,294.94,Danger
10.22,41.0,0,194.97,116.5,Warning
19.35,59.91,0,571.98,487.95,Warning
40.06,26.55,0,353.09,241.33,Danger
28.18,25.12,1,320.34,231.44,Warning
18.53,79.9,0,244.5,187.12,Danger
14.14,45.47,0,108.56,65.98,Safe
24.72,89.19,0,120.21,83.2,Safe
20.72,46.68,0,133.21,93.08,Safe
32.58,12.24,1,491.23,415.83,Warning
10.12,23.96,1,529.41,389.33,Warning
22.94,22.54,0,493.56,421.03,Warning
14.45,32.18,1,412.04,316.34,Warning
31.03,99.03,0,448.23,368.56,Danger
23.43,61.6,1,105.93,51.92,Safe
32.02,37.75,0,273.9,186.15,Danger
39.42,93.6,0,605.29,470.35,Danger
32.1,49.66,1,465.67,399.82,Warning
38.14,28.6,0,23.7,16.8,Warning
23.74,21.99,1,120.92,68.04,Safe
14.82,46.8,1,516.91,380.23,Warning
44.7,52.94,1,453.12,383.42,Danger
26.44,11.82,1,146.89,127.57,Safe
44.04,46.57,0,487.06,415.88,Danger
23.17,45.97,0,28.96,16.43,Safe
16.43,83.51,0,248.29,198.0,Danger
36.34,65.41,0,121.87,60.3,Warning
12.14,43.29,1,600.89,475.18,Warning
27.02,9.57,0,505.48,422.69,Warning
36.44,11.6,0,145.25,83.8,Warning
10.0,44.51,1,416.69,364.37,Warning
23.63,39.2,0,83.79,72.48,Safe
29.88,10.32,1,610.47,487.89,Warning
32.56,27.12,1,298.89,222.45,Warning
23.62,75.68,0,64.13,51.78,Safe
32.93,13.23,1,100.34,41.51,Safe
23.97,15.32,1,68.16,13.72,Safe
24.95,47.64,0,26.46,30.99,Safe
19.85,82.94,0,96.49,71.2,Safe
31.78,46.97,0,84.5,78.03,Safe
28.67,59.55,0,252.39,175.17,Warning
40.54,82.68,0,451.05,342.48,Danger
32.68,60.91,1,118.04,85.57,Safe
18.37,11.12,0,50.15,2.41,Safe
20.32,37.35,1,222.91,160.92,Warning
35.34,52.82,1,230.78,138.61,Warning
26.97,34.03,0,549.16,455.39,Warning
22.92,54.89,1,45.62,26.56,Safe
15.05,7.22,0,621.08,475.06,Warning
11.8,59.17,0,510.41,400.84,Warning
14.0,3.17,0,262.91,232.32,Warning
41.68,35.75,0,425.26,321.85,Danger
17.14,61.67,1,367.0,296.59,Warning
40.12,57.99,1,32.34,20.98,Safe
10.95,25.03,0,220.37,156.6,Warning
44.92,14.04,0,114.19,43.43,Warning
22.87,85.33,0,527.39,477.03,Danger
13.8,43.86,0,523.33,419.68,Warning
15.52,82.57,1,137.08,89.38,Safe
21.45,41.18,1,83.54,20.89,Safe
32.06,71.31,1,620.36,489.74,Danger
18.46,97.35,0,164.7,96.33,Warning
41.2,72.0,0,326.81,259.0,Danger
22.49,36.81,1,445.47,347.43,Warning
20.05,21.92,1,174.29,153.83,Warning
34.18,20.61,0,128.75,66.3,Safe
41.44,96.09,0,37.6,32.79,Warning
27.71,52.11,1,186.12,101.88,Safe
43.93,28.75,0,488.5,364.33,Danger
12.01,34.76,0,510.78,433.79,Warning
25.41,63.76,1,162.89,105.43,Safe
30.45,52.41,1,153.67,80.66,Safe
24.44,88.63,0,541.64,483.31,Danger
16.29,31.89,1,121.1,109.51,Safe
18.02,3.21,0,249.7,157.73,Warning
28.46,98.52,0,88.21,86.93,Safe
16.41,67.97,0,245.92,167.82,Danger
23.22,98.49,0,172.06,129.3,Warning
25.32,41.09,0,413.61,338.18,Warning
29.18,3.38,0,482.02,383.76,Warning
16.82,65.23,0,44.23,37.58,Safe
37.0,80.75,0,166.03,103.57,Danger
28.41,63.78,0,97.26,45.9,Safe
36.42,11.38,0,281.88,214.96,Danger
29.78,79.12,0,38.9,12.22,Safe
21.29,79.09,0,229.4,178.87,Danger
25.25,88.67,0,370.83,305.69,Danger
26.84,62.69,0,0.0,2.03,Safe
24.63,48.91,1,389.27,322.3,Warning
13.88,21.83,0,173.08,122.73,Warning
42.96,94.88,0,251.99,173.92,Danger
23.3,31.67,1,419.1,359.36,Warning
23.9,0.9,0,45.53,8.26,Safe
11.73,8.95,1,224.13,138.01,Warning
12.54,92.8,1,55.6,53.07,Safe
42.69,98.63,0,199.34,143.59,Danger
37.68,56.78,0,511.13,378.64,Danger
30.48,38.24,0,448.43,320.3,Danger
42.37,49.35,0,82.33,39.98,Warning
43.0,89.12,1,66.21,49.44,Warning
18.33,98.24,1,107.45,83.94,Safe
37.01,42.29,0,297.87,231.29,Danger
35.27,95.1,0,89.71,84.39,Warning
21.19,48.24,1,78.88,28.19,Safe
23.75,62.74,0,154.42,92.11,Safe
18.43,91.28,0,91.3,71.56,Safe
17.58,48.67,0,148.99,153.45,Warning
42.6,58.34,1,169.97,88.46,Warning
29.1,53.85,1,152.36,106.21,Safe
28.31,35.36,0,55.01,40.31,Safe
24.6,86.1,0,90.91,60.31,Safe
23.33,42.91,0,342.7,274.49,Warning
27.32,73.52,1,256.23,178.48,Warning
30.8,76.13,0,103.48,74.01,Warning
34.52,94.76,0,402.2,281.8,Danger
39.68,45.47,0,384.37,331.38,Danger
33.51,3.02,1,174.42,131.62,Warning
30.72,38.23,0,63.01,2.89,Safe
38.77,68.97,0,224.65,137.98,Danger
29.79,36.45,0,159.49,158.17,Warning
40.07,81.16,0,338.14,274.47,Danger
21.66,67.77,0,409.29,352.03,Danger
35.89,47.76,0,501.2,415.74,Danger
37.85,82.1,0,116.49,103.61,Danger
41.08,40.73,0,378.93,306.96,Danger
16.78,57.14,0,149.15,97.19,Safe
20.13,47.71,0,139.07,67.3,Safe
33.22,4.35,0,136.63,85.16,Safe
34.37,43.06,1,9.42,20.51,Safe
34.34,5.01,1,56.01,39.63,Safe
16.06,20.72,0,117.83,129.12,Safe
20.3,92.2,0,420.74,338.34,Danger
12.18,9.75,1,360.57,272.04,Warning
30.71,15.11,1,309.05,223.33,Warning
18.14,61.63,0,583.65,448.39,Warning
16.51,8.09,1,578.42,440.06,Warning
40.29,48.52,0,158.24,84.56,Warning
40.65,53.19,0,280.07,188.05,Danger
25.8,22.85,0,195.97,169.47,Warning
15.51,27.64,1,207.12,122.09,Safe
17.16,17.75,0,43.41,39.06,Safe
27.3,36.14,0,489.75,419.16,Warning
41.82,62.81,0,72.61,58.78,Warning
32.61,4.55,1,333.18,244.46,Warning
24.76,67.68,0,241.98,178.08,Danger
38.82,3.54,0,328.75,259.77,Danger
39.83,44.2,0,536.62,428.13,Danger
28.22,7.77,0,274.83,230.97,Warning
42.34,38.94,0,58.83,26.8,Warning
38.93,64.51,0,543.48,482.57,Danger
40.35,73.02,1,260.23,226.32,Danger
43.03,29.04,0,111.2,77.17,Warning
14.36,18.96,0,92.84,71.89,Safe
12.08,58.84,0,491.35,394.38,Warning
27.67,22.21,0,165.47,144.89,Warning
34.11,21.62,0,369.59,267.45,Danger
11.55,49.08,0,323.78,230.12,Warning
43.28,0.15,1,387.7,328.65,Danger
41.41,36.85,0,95.37,69.6,Warning
37.05,12.22,1,542.72,418.23,Danger
23.37,52.75,1,575.83,483.13,Warning
29.97,86.37,0,419.64,313.1,Danger
39.36,0.51,0,509.73,409.21,Danger
34.83,11.47,1,120.22,73.97,Safe
14.5,22.55,1,632.21,493.22,Warning
12.31,96.01,0,511.82,378.06,Danger
21.84,36.57,1,161.01,119.73,Safe
21.45,82.48,0,300.13,241.28,Danger
28.61,38.35,0,464.57,337.36,Warning
27.29,64.71,1,190.08,139.85,Safe
26.52,88.6,0,508.32,421.19,Danger
11.25,50.76,0,443.19,325.17,Warning
21.65,23.48,1,607.31,454.11,Warning
12.4,9.02,1,183.54,142.25,Safe
17.95,68.69,0,596.65,460.34,Danger
33.82,44.73,1,208.17,137.89,Warning
12.63,30.84,0,191.11,149.91,Warning
21.12,4.22,1,163.09,102.32,Safe
15.9,12.29,0,117.41,51.71,Safe
44.66,92.91,0,209.86,213.15,Danger
34.31,34.33,0,418.6,303.97,Danger
36.72,97.1,0,225.34,165.53,Danger
26.77,78.61,0,88.08,66.63,Safe
39.33,0.32,0,194.71,136.88,Warning
18.6,34.54,0,232.3,170.74,Warning
26.71,83.81,1,350.58,293.28,Danger
29.12,43.4,1,136.74,86.67,Safe
14.53,18.07,1,115.41,60.48,Safe
26.72,74.87,0,506.57,425.98,Danger
19.46,52.47,0,52.72,34.34,Safe
11.47,71.43,0,392.82,312.51,Danger
20.82,0.74,0,25.13,28.63,Safe
13.42,13.39,0,293.95,238.57,Warning
34.44,2.4,0,47.72,41.04,Safe
16.29,76.6,1,201.11,138.07,Warning
34.77,92.06,0,42.71,39.39,Warning
13.21,89.15,1,521.1,382.71,Danger
11.58,45.54,0,135.46,84.19,Safe
33.79,66.07,0,93.47,42.85,Warning
40.54,15.89,1,589.55,453.12,Danger
20.75,59.26,0,424.41,362.99,Warning
40.91,5.59,0,385.79,358.64,Danger
18.18,55.35,1,488.21,404.57,Warning
30.96,9.03,0,292.39,252.92,Danger
18.7,18.26,0,595.99,454.74,Warning
29.73,95.07,1,469.55,362.96,Danger
24.77,89.99,0,298.91,213.14,Danger
39.44,97.81,1,501.32,423.5,Danger
12.13,99.32,0,212.05,157.25,Danger
42.45,4.08,1,238.35,178.26,Danger
24.91,26.98,0,615.67,473.05,Warning
18.49,51.22,0,84.83,63.64,Safe
17.31,52.27,0,169.9,108.79,Warning
24.77,39.01,1,159.03,100.68,Safe
15.3,52.28,0,626.86,470.06,Warning
41.18,95.83,0,207.91,133.0,Danger
37.23,33.75,0,343.68,246.19,Danger
35.25,59.27,0,206.64,162.99,Danger
43.59,2.29,0,490.66,392.8,Danger
23.41,48.56,0,361.89,304.48,Warning
23.87,82.16,0,562.8,415.6,Danger
33.16,92.55,1,490.81,379.98,Danger
22.03,54.14,0,634.69,485.35,Warning
27.89,47.96,1,51.78,11.57,Safe
14.42,86.19,1,469.88,376.52,Danger
27.51,26.92,0,293.78,228.09,Warning
23.45,61.54,1,160.16,124.14,Safe
20.6,61.28,1,398.66,324.32,Warning
44.07,80.43,0,382.61,313.78,Danger
36.02,74.81,0,431.13,349.28,Danger
35.75,85.5,1,436.51,329.64,Danger
34.92,37.4,0,511.74,426.06,Danger
30.64,8.42,1,118.96,91.76,Safe
42.29,95.14,0,488.17,387.84,Danger
29.29,9.69,0,112.39,39.81,Safe
38.7,85.27,0,277.73,239.04,Danger
26.73,65.38,0,441.66,367.46,Danger
35.1,47.75,0,49.77,22.04,Warning
25.13,63.62,1,109.55,92.4,Safe
13.27,12.25,1,59.33,49.86,Safe
16.16,59.25,0,470.98,403.11,Warning
24.77,66.12,1,370.1,289.68,Warning
25.72,66.3,0,190.96,111.49,Warning
24.83,69.34,1,297.54,206.97,Warning
15.69,48.12,0,613.19,464.2,Warning
33.87,75.48,0,268.52,203.14,Danger
43.64,16.65,0,338.61,269.11,Danger
14.17,41.08,0,230.06,198.15,Warning
31.85,28.68,0,56.73,41.26,Safe
32.52,34.63,0,371.77,297.43,Danger
40.51,10.63,0,319.36,267.19,Danger
44.78,8.68,1,105.99,50.9,Safe
29.05,80.62,1,64.68,35.36,Safe
36.94,57.85,1,33.84,39.91,Safe
19.12,68.75,1,514.22,413.38,Warning
15.87,33.11,0,227.83,222.85,Warning
19.67,1.84,0,485.36,380.57,Warning
41.89,64.57,1,78.21,23.32,Safe
41.98,50.71,1,106.44,44.34,Safe
17.12,63.94,0,31.23,35.35,Safe
39.07,16.79,0,111.4,83.52,Warning
10.54,34.23,0,125.16,107.34,Safe
14.54,74.36,0,79.94,22.24,Safe
24.64,46.13,1,323.03,255.87,Warning
23.6,90.98,1,228.01,196.49,Danger
16.7,28.19,0,533.89,450.83,Warning
27.76,88.98,0,475.63,391.41,Danger
33.76,4.26,0,104.31,67.01,Safe
31.36,84.38,0,523.44,442.95,Danger
17.64,52.57,0,566.9,469.7,Warning
15.25,62.36,0,546.5,457.66,Warning
28.1,33.45,0,434.31,348.75,Warning
19.76,44.59,0,35.34,34.07,Safe
33.78,95.28,0,73.45,71.39,Warning
16.22,34.03,0,141.35,65.4,Safe
13.84,15.48,0,487.88,418.69,Warning
39.01,72.53,1,263.4,166.67,Danger
31.03,69.89,1,236.74,188.83,Danger
27.76,58.48,0,130.16,106.63,Safe
22.46,54.37,0,132.06,88.41,Safe
13.49,77.86,0,148.24,139.73,Warning
10.82,8.09,0,120.58,52.2,Safe
30.05,76.28,0,143.18,130.36,Warning
31.83,33.28,0,23.56,13.49,Safe
22.58,58.96,0,75.61,59.79,Safe
30.05,84.59,0,514.67,416.7,Danger
25.06,31.39,1,49.88,7.35,Safe
27.59,60.3,1,97.65,65.53,Safe
33.9,96.33,1,569.91,439.72,Danger
28.68,59.45,1,6.12,14.31,Safe
31.49,19.73,0,356.78,296.1,Danger
26.3,17.5,1,69.72,6.63,Safe
19.79,17.99,0,71.67,65.57,Safe
15.08,78.35,0,344.32,289.64,Danger
31.67,56.78,1,356.44,244.85,Warning
37.68,22.93,0,250.84,171.58,Danger
25.1,99.58,1,38.31,11.7,Safe
20.85,51.13,1,138.18,101.6,Safe
17.61,52.46,0,120.89,54.12,Safe
16.68,1.74,0,117.94,75.26,Safe
20.7,43.03,0,409.17,330.13,Warning
33.33,12.43,0,183.24,126.16,Warning
19.94,9.28,0,328.87,275.89,Warning
23.39,17.9,0,475.66,373.81,Warning
19.13,20.23,1,480.44,407.62,Warning
23.0,75.01,0,69.52,68.13,Safe
19.49,18.06,0,58.83,9.28,Safe
10.86,84.3,0,133.6,69.49,Safe
42.89,10.62,0,428.03,355.31,Danger
17.74,14.59,1,174.87,130.39,Safe
13.63,81.02,1,401.63,336.11,Danger
24.56,41.91,0,308.62,251.63,Warning
16.24,80.43,0,61.0,12.07,Safe
37.67,45.5,0,220.63,133.86,Danger
23.62,19.56,1,313.18,254.08,Warning
42.57,6.8,0,466.49,358.57,Danger
33.6,73.94,0,76.05,26.51,Warning
21.31,47.67,0,222.88,144.66,Warning
21.95,41.32,0,55.59,57.97,Safe
39.01,73.88,0,430.12,342.71,Danger
28.57,65.48,0,571.06,484.07,Danger
29.86,79.68,0,100.98,96.4,Safe
40.24,29.4,1,33.58,21.5,Safe
15.61,10.92,0,315.07,270.27,Warning
22.44,54.05,0,86.61,36.13,Safe
32.73,49.5,0,102.62,59.75,Safe
27.18,77.65,1,138.37,103.97,Safe
14.96,43.64,0,70.84,67.25,Safe
39.56,82.13,0,357.44,287.93,Danger
33.13,9.35,0,365.8,275.31,Danger
40.68,25.58,0,358.8,267.37,Danger
29.55,32.89,1,90.74,59.04,Safe
33.3,41.19,0,54.23,9.76,Safe
44.18,84.16,0,279.15,215.1,Danger
29.37,43.87,0,573.19,462.84,Warning
20.92,7.51,0,133.06,69.47,Safe
32.64,12.51,0,121.85,84.45,Safe
32.86,95.25,1,584.56,483.92,Danger
15.09,24.25,1,103.1,67.46,Safe
44.18,52.46,0,173.0,141.5,Warning
27.94,76.12,0,134.5,74.64,Safe
31.45,54.55,0,122.59,69.3,Safe
22.66,30.32,1,209.65,143.47,Safe
18.75,64.12,0,577.14,437.06,Warning
14.72,87.63,0,594.66,482.0,Danger
37.49,74.06,0,323.05,278.38,Danger
22.57,54.45,1,306.88,242.34,Warning
27.16,84.98,1,38.39,39.77,Safe
39.71,95.23,0,167.02,160.36,Danger
19.95,55.8,1,179.27,107.44,Safe
32.45,39.97,0,582.92,490.57,Danger
36.2,87.75,0,137.32,71.02,Warning
24.05,58.77,1,194.29,143.75,Safe
28.1,43.74,1,95.26,49.79,Safe
22.29,36.13,1,44.76,9.46,Safe
11.83,63.99,1,40.76,65.62,Safe
15.9,96.36,0,304.68,264.56,Danger
35.01,62.77,0,318.61,224.01,Danger
26.63,81.73,0,20.12,26.74,Safe
16.88,17.87,1,305.05,234.93,Warning
16.06,91.47,0,83.74,51.4,Safe
34.23,20.62,0,443.94,319.91,Danger
14.54,84.47,1,314.09,263.39,Danger
44.32,59.88,0,306.85,232.18,Danger
25.42,21.88,0,8.03,12.63,Safe
41.48,5.64,0,505.33,370.51,Danger
21.18,36.32,1,109.32,52.82,Safe
32.91,73.3,0,103.22,85.32,Warning
20.12,3.53,1,583.82,461.43,Warning
27.12,3.4,1,160.9,130.32,Safe
20.39,10.01,1,102.42,39.45,Safe
19.22,55.46,1,545.8,465.06,Warning
22.27,38.2,1,165.01,129.14,Safe
16.28,1.41,0,349.75,267.07,Warning
18.72,82.34,0,354.17,267.3,Danger
24.05,46.72,0,620.99,463.58,Warning
37.54,24.36,0,86.77,62.96,Warning
16.86,49.27,1,368.26,322.74,Warning
22.3,46.12,1,97.67,85.4,Safe
26.57,33.51,0,384.47,267.51,Warning
38.46,69.64,1,439.69,346.8,Danger
15.72,22.55,0,53.79,36.27,Safe
13.13,0.81,0,600.39,493.21,Warning
42.63,24.56,1,31.31,4.37,Safe
42.38,42.72,0,216.67,175.42,Danger
18.43,21.16,0,436.74,376.63,Warning
39.47,70.57,0,214.55,159.05,Danger
30.93,83.95,0,259.9,190.08,Danger
21.53,13.82,1,103.13,42.27,Safe
14.37,68.63,0,73.78,97.15,Safe
21.9,95.39,1,202.76,166.52,Warning
17.67,34.54,1,484.64,390.45,Warning
14.93,39.79,0,138.16,123.03,Safe
35.37,41.55,0,16.28,1.54,Warning
32.45,90.25,0,72.51,28.9,Warning
20.99,20.25,1,343.47,262.42,Warning
24.53,12.86,1,110.89,93.21,Safe
15.6,58.87,0,133.57,100.92,Safe
26.67,75.99,1,592.73,490.66,Warning
39.05,66.24,0,334.83,289.09,Danger
35.85,97.56,1,206.95,165.64,Danger
19.2,10.23,0,489.54,398.44,Warning
36.8,12.84,0,339.96,237.64,Danger
35.7,86.08,0,615.16,487.69,Danger
37.17,5.19,0,91.04,71.55,Warning
20.7,13.36,0,501.31,418.41,Warning
15.14,21.64,0,259.04,205.47,Warning
27.55,9.71,1,149.43,122.24,Safe
18.92,6.43,0,91.28,63.55,Safe
19.52,63.85,0,73.37,41.49,Safe
41.55,57.26,0,101.62,51.55,Warning
35.28,40.5,1,80.3,19.53,Safe
44.08,49.62,1,347.61,248.76,Danger
29.66,99.47,0,174.87,114.06,Warning
27.79,20.69,1,392.23,335.74,Warning
31.0,45.35,0,338.86,249.26,Danger
28.79,92.05,0,104.61,77.04,Safe
31.51,12.41,0,47.93,51.24,Safe
28.99,41.32,0,147.58,93.79,Safe
26.06,95.27,1,289.33,197.12,Danger
16.5,77.61,0,61.56,35.67,Safe
35.54,58.33,0,252.57,178.3,Danger
23.15,88.08,0,454.44,405.95,Danger
30.03,54.48,1,434.44,325.15,Warning
39.99,95.33,0,583.89,445.27,Danger
14.89,68.74,1,572.04,463.81,Warning
25.48,14.58,1,41.83,22.44,Safe
43.57,15.3,0,506.81,402.36,Danger
13.06,5.43,0,479.74,397.11,Warning
14.13,6.0,0,102.14,80.47,Safe
16.4,70.51,1,102.16,75.3,Safe
38.32,81.36,0,61.29,55.02,Warning
32.88,2.42,1,156.81,99.19,Safe
39.19,60.27,0,271.7,214.96,Danger
15.15,18.09,0,147.47,105.03,Warning
32.83,16.83,1,55.89,50.36,Safe
11.58,31.84,1,378.98,284.34,Warning
26.96,56.24,0,371.32,276.62,Warning
38.83,99.1,0,408.16,338.6,Danger
29.51,13.41,0,204.49,121.43,Warning
32.41,92.63,0,222.31,142.4,Danger
20.74,68.85,1,137.3,63.67,Safe
39.8,87.93,0,69.33,14.47,Warning
29.93,47.19,0,110.26,45.48,Safe
17.43,8.47,0,161.66,92.36,Safe
13.25,36.94,0,111.64,102.3,Safe
44.5,48.0,1,421.64,339.85,Danger
39.1,98.44,1,644.27,493.54,Danger
38.57,1.49,1,143.34,115.01,Warning
11.1,15.25,0,466.03,339.52,Warning
35.69,8.86,0,523.05,408.65,Danger
28.79,63.82,1,64.39,42.49,Safe
26.23,77.55,0,577.44,485.08,Danger
10.37,85.59,0,130.27,71.0,Safe
22.18,28.91,0,287.5,236.78,Warning
26.76,40.16,0,402.54,343.05,Warning
12.92,52.51,0,107.37,46.77,Safe
19.81,92.45,0,93.21,54.69,Safe
18.62,55.47,0,462.84,392.61,Warning
35.51,59.82,0,455.04,373.85,Danger
39.75,22.43,0,276.6,240.19,Danger
23.28,43.86,0,297.95,254.33,Warning
43.76,29.2,1,276.32,260.99,Danger
33.72,72.09,1,452.78,329.59,Danger
15.81,15.24,1,475.34,351.3,Warning
13.14,85.9,1,441.33,333.11,Danger
26.14,23.25,0,164.87,96.4,Safe
44.59,55.42,0,297.76,195.23,Danger
10.42,36.3,0,181.76,161.97,Warning
38.4,98.15,0,399.09,295.27,Danger
38.82,88.03,0,379.04,264.06,Danger
27.52,1.47,0,439.67,325.67,Warning
33.59,27.21,0,404.02,330.97,Danger
20.55,17.68,1,136.84,80.81,Safe
29.02,47.82,0,98.42,55.19,Safe
11.4,86.86,0,603.17,460.78,Danger
14.58,85.7,1,269.38,184.76,Danger
32.21,0.47,1,210.28,136.76,Warning
13.28,38.96,0,477.33,387.99,Warning
26.11,10.23,0,46.38,34.53,Safe
26.65,97.11,0,59.8,52.79,Safe
19.17,85.95,0,512.91,389.68,Danger
28.04,21.14,0,499.35,409.74,Warning
34.5,56.68,0,91.62,29.05,Safe
28.4,76.92,0,530.39,411.67,Danger
15.89,12.43,0,136.15,77.04,Safe
41.8,94.8,0,427.64,328.65,Danger
43.53,20.23,0,410.87,344.3,Danger
16.4,75.92,1,190.76,129.68,Warning
24.93,17.9,0,398.62,298.06,Warning
27.36,93.28,0,82.59,18.41,Safe
16.24,31.69,0,54.04,12.36,Safe
27.15,87.97,1,25.04,57.25,Safe
30.73,21.15,0,192.41,160.52,Warning
14.04,14.59,0,175.65,110.96,Warning
42.5,38.65,1,101.98,80.53,Safe
36.18,84.14,1,198.38,142.96,Danger
14.79,40.99,0,597.73,493.08,Warning
16.67,86.96,1,93.14,41.32,Safe
40.16,24.87,0,121.41,95.1,Warning
33.47,74.31,0,564.95,472.99,Danger
27.35,97.23,0,575.45,470.79,Danger
13.74,46.82,1,51.85,48.66,Safe
26.88,53.28,0,71.66,33.81,Safe
22.38,60.96,0,118.29,80.23,Safe
38.64,41.86,1,376.84,267.76,Danger
19.83,54.15,0,445.46,372.55,Warning
17.6,31.03,0,226.79,159.86,Warning
32.45,58.34,1,120.09,111.07,Safe
36.76,52.03,0,15.76,4.9,Warning
10.35,13.94,1,153.39,123.45,Safe
29.83,5.97,1,133.75,81.05,Safe
15.59,6.57,1,533.5,434.89,Warning
16.64,1.28,1,359.48,250.35,Warning
39.06,26.53,0,158.32,77.82,Warning
38.08,60.0,0,433.75,330.27,Danger
23.66,72.77,0,202.97,165.94,Warning
36.1,92.08,0,547.46,448.52,Danger
33.74,27.27,0,239.69,203.59,Danger
21.58,22.4,1,605.63,470.31,Warning
26.49,53.26,0,270.26,230.14,Warning
41.18,93.09,0,312.46,251.69,Danger
24.16,1.27,0,288.58,248.1,Warning
29.71,85.7,1,377.61,279.47,Danger
25.49,43.64,0,475.59,344.86,Warning
21.33,24.8,0,217.79,130.39,Warning
16.2,76.91,1,270.29,236.62,Warning
10.71,15.24,0,78.17,63.11,Safe
21.83,20.85,1,123.08,71.62,Safe
11.39,6.05,0,498.66,394.64,Warning
30.71,14.9,0,332.43,286.85,Danger
15.0,59.7,1,24.75,20.53,Safe
33.61,33.05,1,338.45,284.93,Warning
33.82,78.53,1,635.35,494.72,Danger
15.56,37.29,0,202.57,141.45,Warning
27.1,18.34,1,235.9,163.69,Warning
21.61,15.53,0,90.49,49.68,Safe
28.27,37.04,0,75.25,21.72,Safe
35.18,18.31,1,567.02,439.25,Danger
39.18,70.35,1,352.63,305.84,Danger
37.94,79.01,0,338.96,246.0,Danger
25.35,24.2,0,521.49,397.28,Warning
30.02,18.99,0,483.72,363.27,Danger
15.62,29.17,0,22.92,22.7,Safe
42.16,8.48,0,393.82,333.11,Danger
42.84,24.01,1,47.14,17.87,Safe
41.78,65.02,0,569.01,449.26,Danger
30.53,56.16,0,236.01,164.82,Danger
41.87,96.76,0,483.34,406.21,Danger
31.65,30.61,1,592.18,488.37,Warning
20.11,58.11,0,563.13,481.59,Warning
12.73,57.5,1,84.22,36.19,Safe
41.6,61.55,0,153.52,150.47,Danger
15.31,54.71,1,108.39,127.57,Safe
18.4,38.93,0,271.7,209.95,Warning
21.45,33.2,0,466.46,342.22,Warning
13.35,75.02,0,407.37,311.8,Danger
23.44,79.52,0,587.97,439.97,Danger
14.21,84.33,0,498.34,388.61,Danger
42.37,17.59,0,527.9,392.75,Danger
21.6,45.97,1,196.61,116.76,Safe
36.07,75.33,0,64.45,51.68,Warning
27.98,95.25,0,247.69,211.36,Danger
13.78,68.12,0,303.39,261.46,Danger
30.23,33.54,1,130.36,112.23,Safe
32.2,14.44,0,482.38,375.33,Danger
19.99,2.88,0,379.48,301.68,Warning
10.17,26.37,0,351.83,256.0,Warning
41.84,10.7,0,84.9,48.16,Warning
13.24,37.48,1,25.13,27.4,Safe
29.93,10.01,0,293.41,252.44,Warning
31.37,78.22,1,526.86,473.69,Danger
12.2,50.4,0,1.65,13.59,Safe
19.32,46.27,0,0.0,25.5,Safe
36.31,0.72,1,341.25,291.22,Danger
13.02,51.5,0,167.87,91.74,Safe
16.16,95.8,0,363.64,258.98,Danger
41.08,11.1,0,218.38,182.8,Danger
25.32,42.34,0,176.65,110.35,Warning
29.74,44.89,1,154.36,121.76,Safe
19.7,63.71,1,188.94,111.44,Safe
10.8,20.9,0,328.5,269.0,Warning
24.32,49.93,0,422.22,316.67,Warning
15.6,55.1,0,150.36,124.64,Warning
42.32,43.12,1,62.66,6.9,Safe
29.13,29.01,0,448.94,367.19,Warning
10.03,14.75,0,498.67,441.48,Warning
37.49,38.45,1,101.03,95.27,Safe
30.87,46.84,0,505.15,378.43,Danger
35.32,10.13,0,162.22,127.95,Warning
27.4,62.84,0,36.22,67.3,Safe
42.27,53.39,0,510.83,411.18,Danger
39.85,74.44,0,506.91,384.59,Danger
17.8,86.75,0,74.9,19.12,Safe
19.9,20.95,1,97.45,55.0,Safe
23.18,71.79,0,182.94,140.39,Warning
12.47,5.93,0,614.78,481.88,Warning
40.44,22.67,0,403.86,326.39,Danger
30.28,33.89,0,346.02,282.47,Danger
41.77,67.8,0,49.67,39.3,Warning
32.18,6.38,1,276.32,253.59,Warning
32.62,58.76,1,59.16,36.97,Safe
18.12,97.73,0,58.52,65.25,Safe
13.2,83.17,1,1.31,32.03,Safe
42.58,83.92,1,397.93,324.98,Danger
13.89,13.43,0,468.0,374.91,Warning
27.85,27.04,0,569.65,472.27,Warning
28.98,34.36,0,77.6,24.65,Safe
19.42,3.77,0,514.16,419.28,Warning
23.23,99.32,0,361.22,281.52,Danger
24.57,22.75,0,135.4,62.31,Safe
17.87,28.22,0,518.79,403.88,Warning
15.86,8.69,0,32.61,7.73,Safe
12.09,45.28,0,540.59,462.25,Warning
43.81,4.2,1,467.72,348.44,Danger
28.42,38.26,0,139.22,98.84,Safe
25.82,9.38,0,66.2,3.38,Safe
36.69,62.32,1,2.8,4.08,Safe
26.27,31.89,0,115.02,56.77,Safe
29.73,82.34,0,85.84,30.72,Safe
14.56,60.13,0,309.5,258.57,Warning
10.65,71.95,0,382.98,330.87,Danger
20.91,45.4,0,94.9,77.0,Safe
37.82,16.19,0,206.03,161.27,Danger
17.25,21.6,0,578.86,434.85,Warning
23.43,15.98,1,529.23,392.95,Warning
13.92,60.05,0,119.21,74.02,Safe
23.17,6.3,0,58.27,13.79,Safe
17.72,47.1,1,349.88,242.2,Warning
25.66,41.92,1,531.84,431.65,Warning
22.73,97.51,0,520.75,433.93,Danger
12.78,58.77,0,67.58,58.86,Safe
20.47,4.93,1,66.71,67.84,Safe
21.45,47.54,0,378.68,319.65,Warning
25.2,14.51,0,0.0,29.62,Safe
34.99,6.68,0,52.64,40.36,Safe
43.93,27.94,0,586.56,448.13,Danger
37.46,4.23,0,375.15,305.28,Danger
16.97,50.91,0,311.69,250.04,Warning
39.56,36.72,1,507.05,415.25,Danger
39.54,78.09,0,497.56,392.69,Danger
31.56,39.88,0,16.9,26.18,Safe
25.12,87.07,0,527.84,390.32,Danger
12.2,34.42,0,431.14,366.46,Warning
29.02,35.49,0,132.88,67.76,Safe
16.15,72.83,1,211.25,153.27,Warning
14.25,37.39,0,321.62,308.99,Warning
37.22,66.91,0,41.06,12.82,Warning
44.67,85.05,1,166.39,85.73,Warning
13.35,24.34,1,187.2,166.77,Warning
16.04,81.19,0,178.56,129.75,Warning
29.57,71.04,1,46.78,12.47,Safe
31.86,20.66,0,46.36,40.04,Safe
14.2,67.54,0,301.44,256.16,Danger
39.74,73.27,0,385.0,299.95,Danger
17.4,88.63,1,524.65,422.63,Danger
13.0,72.01,1,329.82,244.29,Warning
11.6,56.34,0,539.69,398.57,Warning
18.12,14.15,1,81.01,50.86,Safe
34.46,10.5,1,326.03,223.36,Warning
44.65,30.54,0,433.42,310.51,Danger
15.56,7.12,1,139.11,126.22,Safe
37.03,65.32,0,196.96,161.98,Danger
30.42,98.89,0,252.06,200.24,Danger
16.99,2.57,0,120.0,85.42,Safe
26.84,48.42,0,59.69,23.44,Safe
33.04,4.56,0,14.44,12.66,Safe
24.22,60.94,0,578.78,488.38,Warning
36.0,68.56,0,342.67,289.5,Danger
40.74,47.74,1,156.35,99.73,Warning
22.99,45.02,1,72.02,42.43,Safe
14.57,26.7,0,27.33,2.17,Safe
18.2,96.24,0,418.29,325.44,Danger
25.56,44.61,0,124.67,96.41,Safe
31.4,25.82,1,63.11,8.2,Safe
19.57,74.6,0,385.57,281.68,Danger
22.46,43.61,0,119.09,91.37,Safe
32.2,55.09,0,521.64,408.42,Danger
28.61,77.99,0,239.93,170.32,Danger
44.4,80.54,0,628.62,494.5,Danger
39.51,37.42,0,382.05,323.67,Danger
24.67,73.89,0,218.99,189.2,Warning
25.88,32.68,0,210.95,163.88,Warning
30.39,50.07,0,46.77,0.29,Safe
24.39,99.91,0,558.7,480.37,Danger
21.04,34.47,0,144.26,92.82,Safe
33.38,69.48,0,620.43,490.96,Danger
40.75,54.84,0,7.48,13.18,Warning
40.09,50.44,0,239.95,209.9,Danger
29.06,85.21,0,284.97,238.91,Danger
17.63,52.9,1,450.74,361.02,Warning
16.55,32.14,0,627.57,495.99,Warning
25.64,91.47,0,304.19,245.01,Danger
40.15,13.69,0,446.86,382.93,Danger
29.69,10.1,0,189.53,143.05,Warning
33.05,50.22,0,251.36,190.05,Danger
41.97,51.04,0,137.86,121.49,Warning
26.9,47.62,0,271.92,219.08,Warning
21.49,58.06,1,229.42,149.62,Warning
14.94,47.41,1,505.0,402.39,Warning
36.39,16.25,0,60.32,26.99,Warning
15.13,46.97,0,147.09,84.45,Safe
34.12,73.46,0,383.67,328.91,Danger
31.01,5.12,0,601.33,494.43,Danger
41.19,11.28,0,320.23,233.26,Danger
15.9,85.36,0,439.68,322.5,Danger
21.7,93.63,1,243.68,151.35,Danger
28.97,64.18,0,95.85,29.37,Safe
39.01,6.06,1,383.5,273.18,Danger
36.67,50.48,0,330.87,230.47,Danger
20.72,76.42,1,186.01,125.58,Warning
29.88,30.34,1,281.17,213.79,Warning
15.66,21.45,0,281.1,200.28,Warning
17.76,11.39,0,575.51,441.51,Warning
44.95,1.01,1,99.28,35.26,Safe
18.98,45.8,0,0.0,1.87,Safe
22.7,52.38,1,291.43,192.04,Warning
38.43,67.02,0,276.24,223.88,Danger
11.23,30.51,0,115.16,104.13,Safe
25.25,81.51,0,117.44,77.02,Safe
44.04,66.84,0,255.03,211.04,Danger
37.11,14.15,0,610.3,475.54,Danger
33.69,83.58,1,483.27,396.52,Danger
40.68,0.92,0,226.27,140.99,Danger
28.94,29.89,0,460.7,330.37,Warning
27.56,65.36,0,268.94,201.23,Danger
13.56,98.21,1,93.81,65.64,Safe
10.97,8.74,0,146.35,86.08,Safe
20.85,26.85,1,184.58,148.27,Safe
14.71,2.79,0,49.14,37.25,Safe
18.0,74.34,0,47.34,17.02,Safe
24.44,82.37,0,405.09,323.02,Danger
28.53,34.55,0,116.25,61.38,Safe
22.8,72.83,0,118.78,90.17,Safe
33.07,21.32,0,187.45,117.32,Warning
20.95,84.03,0,413.46,338.74,Danger
40.64,37.41,0,182.25,107.0,Warning
29.96,74.73,0,550.19,416.46,Danger
30.87,73.39,0,79.69,47.12,Warning
39.95,39.67,0,17.61,5.37,Warning
25.94,32.18,0,116.88,94.33,Safe
40.96,8.84,0,544.19,435.62,Danger
11.1,31.96,1,34.32,15.52,Safe
18.3,81.97,0,284.03,244.29,Danger
43.98,38.58,1,543.25,443.66,Danger
42.82,69.61,0,80.49,67.65,Warning
39.73,66.14,0,371.59,303.74,Danger
39.19,32.01,0,394.32,288.4,Danger
11.71,19.63,0,108.75,67.97,Safe
14.32,80.38,1,94.16,73.44,Safe
30.67,79.15,0,356.98,299.95,Danger
39.42,92.36,0,256.81,160.58,Danger
37.28,70.69,0,592.43,474.02,Danger
28.95,99.08,1,230.19,193.51,Danger
41.46,18.36,0,53.35,52.88,Warning
36.48,97.68,1,510.68,399.09,Danger
26.68,75.61,1,137.44,69.98,Safe
12.55,65.13,0,573.43,468.53,Danger
22.03,23.21,1,164.99,109.85,Safe
17.47,71.97,0,525.17,447.22,Danger
28.53,33.36,0,249.19,196.7,Warning
38.64,61.36,0,436.98,321.35,Danger
39.0,49.5,0,434.14,352.07,Danger
24.56,36.91,1,413.31,354.22,Warning
25.1,63.4,0,501.47,414.76,Warning
38.93,38.54,1,251.87,178.12,Danger
16.12,26.91,1,264.72,231.74,Warning
41.08,69.79,0,287.96,202.74,Danger
13.2,96.19,0,566.54,417.98,Danger
10.68,92.91,1,516.87,439.36,Danger
34.87,64.83,0,593.06,443.53,Danger
19.09,78.49,1,42.83,55.4,Safe
23.42,98.57,0,80.95,61.89,Safe
23.64,47.14,0,581.65,475.65,Warning
29.81,34.85,1,201.73,153.17,Warning
16.92,17.41,1,560.59,442.69,Warning
33.17,64.25,0,589.8,497.96,Danger
13.22,6.49,0,172.81,114.42,Warning
31.69,5.99,0,226.07,187.26,Danger
11.59,32.76,1,30.1,28.52,Safe
28.45,42.08,0,72.89,38.85,Safe
10.49,40.34,1,81.99,46.16,Safe
30.78,42.35,0,104.71,83.74,Safe
11.87,60.58,0,464.83,373.01,Warning
10.96,40.89,0,66.08,18.33,Safe
22.7,90.92,1,391.36,291.72,Danger
33.17,49.03,0,185.73,130.83,Warning
11.65,25.35,0,130.78,98.52,Safe
21.38,99.46,0,311.27,265.28,Danger
33.71,91.42,1,537.97,397.51,Danger
14.67,72.49,0,157.25,110.03,Warning
25.7,63.76,1,47.05,11.34,Safe
30.66,95.12,0,518.64,418.49,Danger
26.47,32.14,0,501.83,388.7,Warning
11.07,96.02,1,408.77,330.5,Danger
12.91,17.71,0,20.41,0.33,Safe
33.61,88.19,0,331.26,261.76,Danger
17.18,25.55,1,166.44,87.6,Safe
22.64,71.41,0,135.36,67.57,Safe
12.48,38.31,0,493.94,365.38,Warning
35.49,2.07,1,583.51,489.32,Danger
30.79,40.33,0,241.18,147.63,Warning
13.75,0.03,0,0.0,15.6,Safe
23.59,92.5,0,433.08,326.85,Danger
13.59,5.12,1,112.27,44.1,Safe
39.97,39.38,1,127.95,65.45,Safe
41.6,12.82,0,436.13,328.19,Danger
19.21,38.03,0,387.89,291.95,Warning
15.93,3.61,0,208.3,119.63,Warning
26.93,37.89,1,552.13,431.37,Warning
18.94,57.03,0,645.28,498.72,Warning
34.6,27.09,0,145.41,125.7,Warning
39.36,27.21,0,386.48,282.51,Danger
24.23,86.47,0,411.06,322.46,Danger
33.39,51.99,1,341.84,288.58,Warning
13.54,80.6,0,183.9,121.37,Warning
15.71,73.71,0,252.61,194.86,Danger
40.29,17.9,0,330.24,243.75,Danger
25.16,8.83,0,154.02,98.14,Safe
40.14,11.15,1,581.37,443.26,Danger
10.99,54.13,0,308.98,243.21,Warning
30.27,98.07,0,561.2,441.95,Danger
41.73,66.5,0,182.65,124.17,Danger
38.14,95.6,1,122.21,133.39,Warning
21.83,32.21,0,89.25,81.52,Safe
16.97,2.44,0,137.73,122.42,Safe
15.89,50.87,1,195.36,136.4,Safe
40.17,86.58,1,105.06,45.02,Warning
16.97,71.57,1,65.86,64.71,Safe
32.06,79.1,0,91.75,68.05,Warning
43.67,11.73,0,633.1,499.79,Danger
35.39,7.07,0,184.61,128.91,Warning
36.73,10.97,0,170.77,163.36,Danger
37.93,58.17,1,140.14,86.71,Warning
44.01,3.7,0,473.48,406.97,Danger
35.1,78.05,1,599.61,483.26,Danger
24.18,56.3,0,144.71,117.9,Warning
20.1,12.44,0,438.24,344.34,Warning
34.13,19.42,1,606.88,495.56,Warning
31.0,7.81,1,113.14,73.24,Safe
19.47,99.59,0,85.55,98.36,Safe
43.28,8.55,0,166.53,124.97,Warning
44.18,37.6,0,142.85,95.19,Warning
29.14,79.8,0,33.83,6.67,Safe
14.52,69.13,0,45.23,57.57,Safe
30.15,57.34,0,412.37,354.75,Danger
10.7,94.04,0,59.07,51.26,Safe
36.85,19.16,0,327.21,219.14,Danger
20.39,51.0,0,111.98,53.37,Safe
31.81,42.23,0,504.15,457.31,Danger
22.33,59.95,0,148.12,84.34,Safe
17.45,22.8,0,130.87,81.15,Safe
44.27,20.74,0,145.8,94.8,Warning
13.53,3.36,1,367.91,298.89,Warning
23.46,17.08,0,497.82,434.94,Warning
24.15,53.73,0,54.89,11.8,Safe
28.19,10.74,1,51.61,41.07,Safe
24.38,20.07,0,135.48,60.54,Safe
15.25,86.88,1,117.08,89.43,Safe
43.38,67.21,0,466.36,392.82,Danger
33.69,88.74,0,32.11,12.98,Warning
22.09,96.22,0,584.56,454.79,Danger
24.19,19.12,0,188.03,126.47,Warning
41.51,49.77,1,422.13,301.75,Danger
23.98,38.3,0,63.12,20.8,Safe
19.81,47.89,0,291.99,199.23,Warning
22.42,69.84,0,247.57,212.46,Danger
32.62,30.89,0,256.7,220.41,Danger
19.87,1.67,1,581.08,448.6,Warning
10.63,75.94,0,7.97,10.53,Safe
33.7,26.02,0,615.58,495.34,Danger
30.09,89.14,1,420.73,353.18,Danger
20.67,13.88,1,122.84,49.86,Safe
27.07,68.01,0,530.17,412.43,Danger
22.74,97.92,0,629.42,477.5,Danger
24.11,11.62,0,97.15,73.29,Safe
42.8,53.27,1,398.94,307.21,Danger
28.16,92.52,0,278.04,191.29,Danger
14.55,74.94,0,173.16,129.1,Warning
25.99,73.14,0,113.55,66.6,Safe
39.4,3.53,1,21.92,5.46,Safe
19.73,64.36,0,493.14,380.25,Warning
17.56,1.24,0,198.24,121.84,Warning
16.43,29.39,0,626.78,498.15,Warning
29.11,11.78,1,179.56,139.65,Safe
37.99,1.56,0,13.83,20.48,Warning
13.89,28.81,0,229.2,150.58,Warning
42.43,43.78,1,267.75,228.57,Danger
43.36,9.83,0,518.19,391.82,Danger
13.41,4.37,1,135.35,62.2,Safe
25.53,5.57,0,123.71,60.91,Safe
39.64,78.95,0,526.88,415.15,Danger
29.61,1.92,0,140.87,98.16,Safe
43.8,43.05,0,32.83,5.27,Warning
20.51,4.16,1,623.89,471.51,Warning
42.95,17.3,0,188.78,115.42,Warning
39.22,55.14,0,228.4,140.17,Danger
30.73,54.56,0,430.96,340.86,Danger
11.92,62.22,0,50.0,11.48,Safe
19.25,65.61,0,310.19,235.7,Danger
41.08,68.3,0,333.33,260.85,Danger
31.23,53.59,0,303.48,206.81,Danger
18.22,92.12,0,71.78,65.85,Safe
17.56,45.23,0,67.03,75.69,Safe
30.29,46.45,0,18.03,5.39,Safe
42.53,74.9,0,368.28,272.57,Danger
19.62,97.75,1,59.78,8.57,Safe
18.49,93.83,0,8.62,6.54,Safe
23.4,77.75,1,68.49,23.48,Safe
41.76,89.33,0,222.97,151.73,Danger
33.01,97.64,0,559.36,488.36,Danger
35.11,60.5,0,374.05,311.34,Danger
21.07,93.3,1,406.49,306.16,Danger
31.43,39.33,0,480.25,348.23,Danger
13.6,90.57,1,441.62,350.61,Danger
10.13,63.18,0,223.34,163.32,Warning
19.75,9.04,0,607.41,497.39,Warning
31.72,64.39,0,430.26,370.52,Danger
17.08,65.84,1,112.84,94.1,Safe
32.45,87.38,1,448.44,348.17,Danger
27.03,36.43,0,64.45,6.78,Safe
10.95,64.27,0,61.75,67.85,Safe
21.83,58.83,0,138.56,115.06,Safe
17.48,9.95,0,20.23,6.28,Safe
14.43,26.04,0,86.05,92.25,Safe
37.45,84.3,0,437.29,313.66,Danger
16.15,10.36,0,308.42,212.42,Warning
28.61,89.17,1,454.94,386.29,Danger
23.26,2.87,0,559.4,425.48,Warning
19.86,79.02,0,170.15,153.89,Warning
29.87,24.94,0,45.01,41.54,Safe
36.88,17.7,0,335.14,227.44,Danger
25.05,95.86,0,510.16,401.2,Danger
12.33,64.78,0,343.29,265.79,Warning
14.73,60.83,0,225.19,169.48,Warning
36.11,21.51,0,294.63,209.92,Danger
26.33,60.64,1,25.3,31.96,Safe
13.28,84.26,0,502.93,421.06,Danger
23.86,86.99,0,379.25,284.55,Danger
35.38,45.22,1,100.52,88.89,Safe
23.72,81.69,0,592.59,471.85,Danger
31.13,91.08,0,220.09,154.94,Danger
27.17,49.96,1,531.13,425.17,Warning
24.95,14.74,0,409.0,327.68,Warning
14.92,11.19,1,492.01,367.24,Warning
38.08,67.84,0,96.06,90.63,Warning
24.03,87.02,0,32.77,2.51,Safe
43.7,78.57,1,546.41,459.38,Danger
39.06,97.45,0,551.76,456.19,Danger
13.68,22.62,0,173.69,92.31,Safe
10.22,89.89,0,329.25,269.11,Danger
15.23,80.57,0,158.92,88.3,Warning
35.45,7.89,1,372.17,301.23,Danger
18.62,7.06,1,82.57,47.74,Safe
10.91,61.0,1,72.8,49.0,Safe
10.29,21.77,1,35.59,38.43,Safe
30.83,58.29,1,533.35,455.98,Warning
36.61,6.44,0,387.09,271.38,Danger
13.88,53.65,0,341.21,239.13,Warning
40.88,76.65,0,543.25,403.62,Danger
31.37,40.2,1,258.5,188.65,Warning
24.05,30.56,1,319.05,235.98,Warning
38.01,61.56,1,25.54,38.71,Safe
43.95,40.64,0,364.02,260.35,Danger
13.32,40.72,1,84.22,71.35,Safe
32.68,56.1,1,476.11,382.5,Warning
27.94,46.92,0,489.15,366.91,Warning
19.23,7.7,1,470.09,339.6,Warning
26.9,47.79,1,117.03,63.72,Safe
14.4,51.47,0,144.78,129.95,Warning
38.22,46.0,1,12.8,8.84,Safe
22.98,25.48,1,69.12,49.42,Safe
44.6,60.88,1,581.73,439.57,Danger
18.5,58.74,0,114.86,92.47,Safe
43.2,79.18,0,638.9,480.33,Danger
23.87,64.46,0,440.59,332.94,Warning
22.92,8.32,0,440.94,352.73,Warning
33.74,53.29,0,235.99,146.13,Warning
37.56,64.91,0,85.24,38.76,Warning
23.82,22.19,0,82.84,70.71,Safe
26.91,65.42,0,475.1,344.52,Danger
27.14,90.58,0,52.12,26.01,Safe
39.22,61.34,1,402.06,285.68,Danger
13.68,76.65,0,221.09,163.01,Danger
43.69,28.15,0,166.14,142.66,Warning
38.0,86.26,1,181.22,154.5,Danger
25.3,41.49,0,509.96,429.82,Warning
20.69,87.04,1,4.5,7.8,Safe
31.94,52.23,0,258.39,182.14,Danger
13.2,8.46,1,178.1,106.46,Safe
30.49,24.96,1,79.74,69.68,Safe
31.34,80.61,1,412.63,307.64,Danger
11.6,41.66,0,165.58,125.34,Warning
30.31,3.34,0,48.83,5.19,Safe
17.34,47.32,0,10.59,16.92,Safe
16.5,59.11,1,581.86,482.88,Warning
36.98,77.08,0,445.08,349.45,Danger
11.62,72.95,1,45.84,23.55,Safe
36.33,73.98,0,598.21,456.19,Danger
38.28,86.96,1,439.82,328.39,Danger
31.01,31.2,0,593.95,488.09,Danger
40.59,19.86,0,457.26,373.77,Danger
13.3,39.15,0,121.91,79.74,Safe
41.38,28.7,1,276.21,186.14,Danger
38.87,86.06,0,253.87,219.4,Danger
44.13,39.39,0,522.34,397.45,Danger
19.57,12.19,0,456.44,338.31,Warning
13.51,59.31,1,275.81,222.28,Warning
42.43,57.53,0,350.89,287.57,Danger
36.45,13.56,0,215.17,190.47,Danger
18.71,42.69,1,553.73,452.15,Warning
37.05,49.41,1,511.6,377.22,Danger
36.17,29.55,1,57.33,27.28,Safe
30.09,93.5,0,478.38,357.33,Danger
29.81,48.53,0,164.21,171.87,Warning
11.65,61.7,1,109.97,52.18,Safe
15.25,28.67,1,118.33,64.4,Safe
39.78,32.5,0,354.08,270.87,Danger
12.89,3.09,0,484.64,380.53,Warning
44.3,94.79,0,94.11,37.52,Warning
37.56,54.45,0,166.16,118.08,Warning
42.17,40.96,1,147.36,132.8,Warning
32.87,83.55,0,336.31,258.33,Danger
10.9,45.31,0,182.3,156.2,Warning
11.74,40.03,1,297.79,221.72,Warning
24.95,84.17,0,554.96,462.99,Danger
33.05,73.65,0,367.48,252.49,Danger
44.68,8.14,1,26.44,22.05,Safe
33.58,13.05,1,137.4,78.66,Safe
41.1,79.03,0,434.75,328.53,Danger
23.15,68.27,0,409.9,330.9,Danger
22.16,6.49,1,367.25,271.09,Warning
36.71,57.79,1,542.63,481.08,Danger
24.87,52.03,0,134.85,100.1,Safe
21.61,95.82,0,91.8,43.25,Safe
20.24,49.34,1,371.0,275.05,Warning
13.66,20.87,0,400.15,295.26,Warning
30.66,35.49,1,118.55,57.83,Safe
27.57,93.89,0,81.3,44.47,Safe
26.21,83.53,0,33.84,30.4,Safe
27.73,88.09,0,97.82,50.28,Safe
44.88,59.77,1,33.23,27.58,Safe
40.73,94.69,0,62.24,42.83,Warning
14.74,5.99,0,99.99,49.98,Safe
10.7,74.44,0,58.95,60.93,Safe
24.09,53.29,0,108.66,71.26,Safe
28.27,82.13,0,334.59,242.28,Danger
41.23,8.69,0,278.58,210.96,Danger
36.04,90.1,0,134.41,80.16,Warning
37.26,34.71,1,105.24,42.19,Safe
10.16,0.61,1,130.04,83.43,Safe
19.71,48.73,0,212.2,139.38,Warning
15.46,5.61,1,382.85,283.69,Warning
36.26,86.81,1,445.77,360.53,Danger
12.93,22.38,0,43.11,46.13,Safe
19.79,45.4,0,56.76,27.07,Safe
40.11,32.52,1,292.49,238.08,Danger
43.15,21.64,1,38.28,16.66,Safe
11.88,35.9,0,67.86,4.79,Safe
19.72,16.42,1,181.07,153.57,Warning
43.1,48.76,1,189.57,159.6,Warning
23.62,89.65,1,263.12,165.86,Danger
21.2,53.04,0,92.43,51.46,Safe
12.05,93.88,0,155.99,138.22,Warning
26.64,68.88,0,136.85,80.34,Safe
36.61,24.39,0,379.72,311.88,Danger
41.24,9.03,0,241.96,170.14,Danger
25.21,33.43,1,492.33,402.58,Warning
18.47,61.87,0,485.62,352.16,Warning
16.31,61.05,0,419.92,357.43,Warning
38.67,66.72,0,440.81,374.92,Danger
17.33,32.62,1,198.32,116.72,Safe
33.13,92.66,0,463.31,364.47,Danger
39.13,49.84,0,481.74,358.3,Danger
16.73,16.99,1,266.99,195.43,Warning
29.59,56.99,0,219.36,167.7,Warning
36.08,22.54,0,218.8,176.36,Danger
10.7,78.03,0,497.33,383.79,Danger
22.05,93.58,0,374.09,328.79,Danger
29.26,15.29,0,38.93,16.15,Safe
44.01,52.6,0,353.93,285.39,Danger
34.27,92.88,0,471.22,393.5,Danger
40.39,10.65,0,122.79,62.12,Warning
34.63,0.11,0,325.48,238.4,Danger
44.11,70.75,0,149.12,124.56,Danger
13.63,1.04,0,207.37,141.46,Warning
38.79,23.55,1,161.74,105.19,Warning
12.35,17.78,0,44.22,28.08,Safe
21.29,4.92,1,275.58,200.3,Warning
42.06,18.66,1,456.13,380.75,Danger
12.68,51.66,0,61.45,14.98,Safe
44.04,51.5,0,403.32,342.15,Danger
26.43,68.82,0,93.09,27.06,Safe
28.93,95.81,1,588.3,445.02,Danger
34.38,9.55,0,88.24,74.81,Safe
15.18,88.36,0,592.74,463.62,Danger
39.34,74.87,0,636.1,495.75,Danger
13.03,37.78,0,127.17,106.55,Safe
29.32,1.3,0,205.41,125.67,Warning
16.23,99.17,1,172.48,110.09,Warning
13.2,64.8,0,89.37,42.02,Safe
19.54,71.12,1,167.3,148.13,Warning
38.36,18.16,0,552.25,439.54,Danger
26.02,66.54,0,517.38,384.96,Danger
21.78,22.78,0,37.87,40.79,Safe
44.8,67.69,0,164.28,114.97,Danger
10.12,63.82,0,526.42,406.37,Warning
25.08,27.69,1,307.81,225.64,Warning
21.73,41.83,1,108.92,46.11,Safe
16.05,59.55,0,551.15,470.88,Warning
19.43,93.28,1,279.79,235.99,Danger
34.73,89.73,0,276.21,233.73,Danger
32.38,2.5,0,204.15,137.51,Warning
21.76,63.65,0,35.77,25.9,Safe
23.43,5.96,1,196.76,109.97,Safe
41.31,20.7,0,340.88,230.59,Danger
28.09,28.45,0,299.28,256.31,Warning
18.23,29.08,0,61.84,13.44,Safe
42.13,85.84,0,203.33,167.48,Danger
24.98,16.84,0,55.93,64.57,Safe
15.56,0.37,1,323.79,260.99,Warning
25.8,23.19,0,166.45,85.12,Safe
18.72,27.53,0,399.94,280.63,Warning
20.15,23.62,1,269.09,205.95,Warning
26.04,87.35,0,490.5,393.28,Danger
15.04,54.2,0,574.7,486.36,Warning
37.97,45.5,1,417.14,317.51,Danger
41.94,87.05,0,176.29,149.22,Danger
33.7,63.14,0,84.45,72.55,Safe
38.99,47.35,0,267.49,182.69,Danger
27.77,1.16,0,63.68,1.52,Safe
10.92,46.73,1,308.07,257.79,Warning
43.96,10.02,1,349.33,263.39,Danger
19.06,88.31,1,335.93,231.28,Danger
21.4,82.02,0,534.04,440.23,Danger
22.04,9.69,1,47.29,21.26,Safe
31.93,72.1,0,346.49,283.81,Danger
39.13,24.05,0,485.94,395.05,Danger
27.69,49.5,0,434.91,342.35,Warning
44.78,49.06,0,553.89,410.13,Danger
44.63,64.0,0,381.25,278.47,Danger
44.67,34.96,0,173.51,112.88,Warning
34.08,83.36,0,83.25,79.53,Warning
33.87,49.68,1,410.12,311.96,Warning
14.1,38.83,1,114.68,49.23,Safe
40.31,24.97,1,465.94,355.7,Danger
20.66,70.64,0,5.67,11.87,Safe
37.28,92.54,0,152.94,127.91,Danger
27.27,41.29,1,65.23,64.72,Safe
27.88,77.55,0,431.17,334.89,Danger
18.09,0.72,0,240.77,186.82,Warning
34.3,11.96,0,305.54,256.26,Danger
37.81,75.85,0,168.05,112.32,Danger
42.78,8.38,0,574.31,447.8,Danger
44.45,97.22,0,549.14,404.23,Danger
13.99,2.69,0,67.22,68.45,Safe
41.68,44.58,0,552.62,442.29,Danger
44.51,12.21,0,343.7,288.8,Danger
17.74,21.34,0,244.34,165.94,Warning
19.79,68.41,0,133.95,86.27,Safe
14.62,20.49,0,75.99,57.65,Safe
19.25,17.79,0,364.56,280.5,Warning
33.23,98.16,0,528.74,451.12,Danger
31.71,80.41,0,251.49,164.77,Danger
12.78,12.28,0,64.1,7.95,Safe
27.14,76.36,0,70.1,44.02,Safe
44.97,88.19,0,217.37,184.04,Danger
43.38,48.78,0,579.99,441.43,Danger
12.07,42.79,0,158.09,83.7,Safe
30.96,70.61,0,266.55,213.62,Danger
23.5,82.63,0,56.45,36.99,Safe
13.13,25.49,0,160.42,114.28,Warning
29.68,16.36,1,140.74,115.57,Safe
43.96,94.66,1,395.99,283.39,Danger
14.18,19.68,1,21.74,22.06,Safe
26.13,86.34,1,381.51,284.02,Danger
20.14,26.5,0,552.58,445.04,Warning
16.13,77.91,0,328.69,232.31,Danger
37.77,1.98,1,287.57,190.71,Danger
36.84,53.76,0,556.94,446.38,Danger
23.4,24.6,1,104.99,59.95,Safe
19.21,86.45,1,609.14,496.54,Danger
21.39,47.97,0,421.44,360.63,Warning
21.73,98.89,0,559.26,468.53,Danger
39.98,33.38,1,373.05,308.2,Danger
38.07,44.61,0,594.66,497.11,Danger
29.63,48.33,0,530.98,453.83,Warning
34.31,27.44,0,350.2,263.53,Danger
24.54,69.35,1,450.74,393.76,Warning
37.78,98.51,0,522.17,390.12,Danger
28.89,68.13,0,230.64,157.23,Danger
12.58,74.47,0,541.01,470.51,Danger
30.08,10.95,1,41.65,33.2,Safe
20.3,53.47,0,273.7,195.42,Warning
38.94,51.53,0,48.29,43.37,Warning
34.4,64.33,1,53.28,54.55,Safe
31.43,33.49,0,389.41,291.32,Danger
17.64,56.76,0,484.89,391.15,Warning
17.97,19.92,1,67.31,43.83,Safe
20.88,74.79,0,67.37,64.13,Safe
41.77,59.52,1,171.51,150.2,Warning
14.3,13.97,0,367.72,278.24,Warning
23.29,94.56,1,55.65,10.63,Safe
29.37,55.51,0,101.91,61.62,Safe
40.36,35.09,0,14.82,46.41,Warning
13.4,32.61,1,101.32,113.5,Safe
10.36,44.1,1,87.1,43.98,Safe
26.93,86.26,1,31.41,24.39,Safe
23.42,15.35,0,536.32,393.38,Warning
21.53,96.96,0,401.33,324.48,Danger
39.19,56.31,0,248.47,189.41,Danger
19.64,68.06,0,476.58,377.49,Danger
38.75,45.24,0,152.85,120.26,Warning
21.96,63.27,1,510.05,372.4,Warning
34.06,21.51,0,325.49,237.45,Danger
21.69,48.94,0,36.51,58.97,Safe
41.03,85.17,0,73.02,92.12,Warning
14.72,5.05,0,152.21,128.29,Warning
17.43,68.72,0,71.25,33.0,Safe
33.91,7.69,0,135.82,74.35,Safe
34.01,12.41,0,124.28,75.07,Safe
20.34,5.31,0,298.72,232.54,Warning
40.28,99.65,0,163.63,95.5,Danger
23.47,48.53,0,74.99,13.7,Safe
35.14,5.58,0,343.02,283.29,Danger
34.09,23.96,1,405.76,322.15,Warning
38.78,73.28,1,575.99,442.96,Danger
42.92,70.07,0,38.14,40.03,Warning
31.58,37.49,0,79.04,84.47,Safe
43.28,21.61,0,228.61,151.16,Danger
31.79,25.31,1,260.65,229.32,Warning
19.95,62.65,1,81.85,65.64,Safe
20.07,27.2,0,77.39,70.97,Safe
16.8,50.25,0,36.68,32.01,Safe
15.79,45.26,0,93.88,42.7,Safe
11.94,24.65,0,565.46,450.54,Warning
19.07,40.14,1,64.1,53.02,Safe
44.79,77.56,1,155.22,118.47,Warning
37.39,34.72,0,269.33,214.19,Danger
21.2,24.68,1,196.07,168.48,Warning
28.89,80.47,0,274.4,220.93,Danger
41.57,17.93,1,473.12,402.17,Danger
21.28,83.32,0,119.25,95.29,Safe
30.35,56.69,1,348.17,242.3,Warning
27.63,64.23,0,13.09,13.19,Safe
22.29,59.78,0,110.46,62.89,Safe
12.35,62.92,0,135.3,92.49,Safe
44.17,9.35,1,36.74,42.86,Safe
25.88,95.38,0,524.8,437.93,Danger
23.05,14.68,0,601.66,488.42,Warning
29.65,34.53,1,132.88,103.78,Safe
27.52,29.49,0,100.2,73.34,Safe
25.21,29.85,0,257.11,165.2,Warning
15.79,18.65,0,116.66,92.5,Safe
35.66,29.1,0,303.99,232.35,Danger
25.54,67.01,1,115.31,42.7,Safe
33.9,8.78,0,286.34,194.53,Danger
29.4,29.08,0,326.42,243.75,Warning
35.06,23.74,1,63.72,65.71,Safe
35.55,73.62,0,204.34,123.33,Danger
39.05,82.17,0,621.73,464.63,Danger
17.9,60.88,0,122.15,49.57,Safe
36.47,91.74,0,501.45,430.13,Danger
15.01,32.65,0,510.06,394.08,Warning
20.95,3.62,1,59.36,23.86,Safe
41.71,26.09,1,271.72,220.76,Danger
10.51,55.94,0,11.06,19.15,Safe
16.3,62.65,0,581.9,489.97,Warning
13.97,47.85,0,565.27,469.57,Warning
36.59,40.81,1,41.43,70.83,Safe
17.84,61.31,0,260.65,177.8,Warning
26.98,60.17,1,194.03,119.99,Safe
26.13,58.68,0,17.1,13.68,Safe
14.05,37.3,1,481.82,390.88,Warning
15.4,24.92,1,41.59,13.43,Safe
37.73,62.67,1,52.99,7.84,Safe
18.74,51.28,0,79.6,45.59,Safe
39.74,0.67,1,143.39,123.95,Warning
39.74,82.23,1,114.62,52.77,Warning
20.55,0.28,1,501.63,374.09,Warning
30.52,85.2,0,229.89,145.06,Danger
11.84,98.03,0,425.22,325.05,Danger
21.54,36.49,0,63.96,27.11,Safe
22.73,16.21,0,124.41,72.36,Safe
18.84,36.12,1,231.71,188.99,Warning
41.08,99.55,1,205.71,171.37,Danger
38.25,31.17,0,201.34,145.72,Warning
11.71,3.85,0,136.61,95.44,Safe
13.36,35.52,1,424.12,353.63,Warning
25.11,3.01,1,54.38,33.52,Safe
39.23,66.21,0,577.99,479.84,Danger
18.6,82.89,0,1.94,6.3,Safe
11.47,93.34,1,314.5,257.69,Danger
11.67,32.82,0,311.89,210.06,Warning
23.68,60.64,1,554.35,433.47,Warning
19.38,50.66,0,78.66,17.88,Safe
35.42,39.21,0,604.13,471.64,Danger
44.18,97.1,1,587.79,477.05,Danger
35.06,11.4,0,506.98,379.66,Danger
16.84,46.96,1,92.7,62.22,Safe
25.91,48.61,0,585.19,479.96,Warning
36.0,5.0,1,568.2,458.17,Danger
15.27,50.22,0,297.58,253.96,Warning
22.34,58.78,0,404.51,309.71,Warning
14.27,96.65,1,36.45,38.33,Safe
40.61,11.01,1,439.9,346.0,Danger
44.75,86.73,1,150.91,85.28,Warning
34.1,13.29,0,17.09,16.86,Safe
39.21,84.83,0,359.9,264.5,Danger
38.5,99.8,0,417.97,352.58,Danger
22.43,94.49,1,277.43,183.03,Danger
44.9,34.61,1,636.62,495.19,Danger
35.32,74.56,1,149.27,87.89,Warning
22.66,36.26,0,132.06,90.13,Safe
31.38,98.51,1,194.76,136.45,Warning
13.48,28.48,0,126.96,59.28,Safe
29.63,79.6,0,72.4,86.29,Safe
32.36,43.15,1,97.81,32.81,Safe
21.12,53.56,1,257.42,196.09,Warning
24.66,60.59,0,104.62,63.22,Safe
16.46,46.07,0,173.94,132.1,Warning
12.89,48.92,0,397.11,334.4,Warning
38.91,87.33,0,577.25,484.66,Danger
33.38,34.24,0,347.83,259.54,Danger
30.13,53.19,0,247.14,197.09,Danger
38.97,68.44,0,393.06,321.02,Danger
10.28,1.4,0,213.17,161.12,Warning
40.17,8.52,0,500.13,421.51,Danger
14.94,20.68,1,525.48,419.39,Warning
19.6,14.8,0,61.72,55.76,Safe
13.2,25.21,1,163.53,121.23,Safe
19.73,22.13,0,101.91,50.59,Safe
18.74,12.47,1,394.39,308.07,Warning
13.78,63.94,1,142.89,96.48,Safe
23.89,49.54,1,617.1,468.3,Warning
17.87,41.68,0,26.41,4.27,Safe
14.88,31.67,0,579.97,494.88,Warning
13.69,62.66,0,26.25,33.18,Safe
33.63,89.02,1,242.93,194.06,Danger
24.81,21.18,1,333.51,269.65,Warning
23.5,65.06,0,285.06,211.25,Danger
20.64,51.26,1,40.53,34.97,Safe
18.75,88.34,0,93.26,56.82,Safe
20.79,47.43,0,32.71,35.52,Safe
43.61,34.53,1,51.17,30.49,Safe
36.71,52.91,0,434.2,313.77,Danger
10.82,59.47,1,131.4,63.25,Safe
15.74,22.02,0,67.45,49.36,Safe
17.33,40.42,1,49.7,19.86,Safe
35.34,36.66,1,473.5,378.29,Danger
21.38,79.98,0,415.33,332.25,Danger
26.11,79.27,0,511.22,377.32,Danger
16.32,51.01,1,170.11,139.51,Safe
36.17,92.62,1,215.68,141.46,Danger
33.54,41.32,1,565.21,447.63,Warning
37.88,87.53,0,513.45,410.18,Danger
23.72,44.76,0,72.31,42.12,Safe
14.25,97.31,0,394.39,304.44,Danger
29.68,31.17,1,228.17,171.71,Warning
40.76,2.1,0,144.8,106.66,Warning
31.97,9.51,1,607.47,465.44,Warning
27.73,91.21,0,82.36,75.55,Safe
22.62,54.86,1,448.46,358.22,Warning
18.08,5.28,0,148.57,88.68,Safe
10.34,81.04,0,540.44,417.15,Danger
38.38,77.49,1,387.47,305.61,Danger
31.44,61.22,1,282.36,217.47,Warning
28.94,65.94,0,53.88,38.74,Safe
21.65,22.49,1,420.66,347.42,Warning
14.67,15.32,0,477.58,373.87,Warning
11.28,73.87,0,157.32,124.31,Warning
19.09,63.37,0,432.05,308.82,Warning
26.82,92.81,1,166.86,104.89,Warning
36.14,77.83,0,223.89,138.43,Danger
34.12,35.82,1,100.84,67.37,Safe
14.14,30.68,0,284.53,202.71,Warning
30.08,75.89,1,486.18,416.07,Danger
25.7,88.54,0,254.22,163.14,Danger
38.53,60.95,0,213.33,140.17,Warning
35.56,49.34,0,511.06,403.91,Danger
27.91,41.1,1,354.89,262.56,Warning
37.02,6.8,1,524.82,392.95,Danger
19.02,47.63,0,566.27,448.76,Warning
20.19,14.48,1,116.61,109.07,Safe
13.33,26.42,1,202.26,166.89,Warning
34.98,52.23,1,35.01,2.05,Safe
14.93,24.9,0,379.35,282.29,Warning
25.53,13.01,0,271.75,235.37,Warning
41.59,44.34,1,88.8,64.4,Safe
28.31,70.06,0,69.81,47.62,Safe
13.89,97.6,0,108.58,79.52,Safe
19.07,25.74,1,449.5,339.19,Warning
26.1,54.69,0,0.0,3.46,Safe
12.88,15.78,1,355.87,258.18,Warning
20.8,38.93,0,53.92,8.67,Safe
26.7,69.18,1,545.21,434.39,Warning
39.36,99.01,0,461.6,342.19,Danger
22.95,53.39,0,532.29,439.67,Warning
21.69,60.82,0,176.36,114.45,Warning
36.42,28.73,0,575.88,484.68,Danger
31.42,11.45,0,541.6,423.4,Danger
27.4,43.62,0,601.62,476.58,Warning
22.88,67.38,0,237.75,178.02,Danger
18.01,90.54,0,554.3,429.82,Danger
10.42,9.77,0,70.01,51.95,Safe
12.29,43.2,1,218.82,152.32,Warning
21.03,72.05,0,346.72,275.06,Danger
29.62,71.78,1,434.48,334.71,Warning
34.0,82.68,0,235.78,178.63,Danger
14.71,24.06,1,8.2,19.14,Safe
22.0,32.37,0,106.57,90.28,Safe
39.91,21.66,0,300.38,205.3,Danger
26.17,2.92,1,29.24,11.56,Safe
18.1,12.33,0,104.02,111.67,Safe
17.64,80.31,0,240.61,190.74,Danger
16.28,37.45,1,22.13,0.53,Safe
17.64,99.21,0,389.65,285.37,Danger
37.06,84.98,1,214.74,135.95,Danger
26.22,22.42,0,447.11,343.12,Warning
33.45,2.11,0,47.62,31.66,Safe
27.59,39.37,0,452.66,343.17,Warning
36.99,44.3,0,489.25,368.81,Danger
30.58,98.58,0,276.31,188.87,Danger
14.83,29.68,1,365.11,301.06,Warning
40.29,8.92,0,519.2,426.17,Danger
34.59,38.33,0,196.4,146.07,Warning
20.18,19.98,0,0.0,26.53,Safe
32.47,56.19,1,507.94,428.07,Warning
25.94,57.9,0,573.37,465.74,Warning
24.3,61.61,0,97.01,33.67,Safe
12.25,16.72,0,28.73,16.88,Safe
23.99,74.19,1,175.7,157.46,Warning
21.36,6.37,1,204.73,143.92,Safe
17.08,12.72,0,468.46,346.11,Warning
25.88,63.15,0,223.63,179.06,Warning
44.19,52.56,1,12.11,19.69,Safe
44.11,8.49,0,48.33,47.79,Warning
31.17,15.18,1,474.98,367.94,Warning
37.18,29.75,1,493.59,375.54,Danger
21.04,67.45,0,30.87,14.78,Safe
25.25,17.7,1,116.56,70.46,Safe
36.31,74.16,0,490.55,385.72,Danger
26.81,56.29,0,263.96,222.16,Warning
34.32,38.24,0,339.14,320.36,Danger
24.71,58.53,0,115.52,94.57,Safe
24.87,2.8,0,248.47,228.54,Warning
13.22,13.25,1,316.11,266.81,Warning
29.16,5.94,0,153.83,105.5,Warning
15.01,80.22,1,258.86,161.99,Danger
32.25,8.36,0,83.53,34.63,Safe
20.21,35.83,0,77.07,29.79,Safe
35.15,44.23,1,107.51,98.12,Safe
40.94,64.91,1,126.69,59.7,Safe
14.12,64.49,1,110.75,87.27,Safe
26.28,28.23,0,492.55,422.42,Warning
17.41,32.68,0,508.29,380.61,Warning
30.48,20.13,1,292.29,284.72,Warning
39.09,93.18,0,151.7,118.16,Danger
23.75,6.47,1,177.12,128.68,Safe
36.72,9.0,0,123.47,80.94,Warning
24.8,14.43,1,110.44,87.58,Safe
10.98,79.66,0,398.62,296.25,Danger
14.69,74.01,0,301.7,202.25,Danger
32.98,24.44,0,484.52,404.32,Danger
32.16,76.12,1,22.25,16.09,Safe
42.68,3.17,1,308.59,204.43,Danger
31.44,8.06,1,319.19,275.71,Warning
35.2,72.0,0,333.4,228.94,Danger
11.96,25.83,1,138.11,90.02,Safe
39.7,43.91,1,299.18,207.87,Danger
16.21,55.58,1,590.16,444.77,Warning
30.99,56.13,0,53.96,31.2,Safe
24.77,82.52,0,616.42,489.77,Danger
41.84,14.76,0,421.21,312.94,Danger
11.95,86.22,0,580.48,429.63,Danger
14.5,50.93,1,114.55,97.52,Safe
31.24,38.7,0,183.99,123.47,Warning
29.05,3.3,1,583.61,482.41,Warning
16.44,6.82,0,295.44,252.57,Warning
37.4,69.37,0,487.15,411.01,Danger
41.5,14.18,0,6.84,6.37,Warning
24.63,67.14,0,31.18,24.37,Safe
23.73,90.48,0,407.03,345.08,Danger
11.75,15.29,0,101.34,75.77,Safe
24.18,86.62,1,75.41,9.14,Safe
17.53,30.07,1,117.72,47.73,Safe
35.79,50.02,0,534.48,440.92,Danger
16.57,61.8,1,174.88,126.23,Safe
18.42,5.08,0,508.1,429.15,Warning
15.56,31.61,1,64.68,40.34,Safe
42.31,64.71,1,376.84,313.31,Danger
37.56,32.98,1,401.19,314.25,Danger
39.64,68.58,0,519.4,396.32,Danger
30.55,69.58,1,205.7,152.93,Warning
20.71,76.82,0,370.76,272.37,Danger
40.53,6.41,0,125.13,77.78,Warning
27.14,25.0,0,127.64,70.67,Safe
28.52,68.21,1,336.95,320.42,Warning
27.12,3.07,0,519.14,433.8,Warning
13.37,82.41,0,155.49,115.88,Warning
20.94,73.85,1,75.16,47.5,Safe
12.36,65.09,0,81.01,42.71,Safe
31.87,45.32,0,464.33,381.72,Danger
28.23,77.59,0,630.47,479.88,Danger
14.34,75.3,1,612.34,482.84,Warning
25.45,23.13,1,106.0,90.98,Safe
19.44,31.99,0,628.04,480.46,Warning
30.31,17.89,0,230.21,146.66,Warning
41.4,94.1,0,499.66,408.29,Danger
16.39,52.36,0,327.53,230.34,Warning
11.95,55.92,0,551.23,442.23,Warning
11.41,29.38,1,27.2,11.25,Safe
29.48,9.25,0,20.93,15.21,Safe
24.81,15.95,0,135.15,98.68,Safe
11.61,79.61,0,203.51,146.68,Warning
23.43,3.11,1,0.0,34.29,Safe
38.24,91.71,0,191.75,151.75,Danger
13.57,77.25,0,573.88,425.15,Danger
41.12,6.44,1,210.42,131.75,Warning
32.21,16.26,0,84.29,33.67,Safe
29.03,8.3,1,455.94,362.14,Warning
13.26,92.13,0,553.17,448.64,Danger
21.91,88.03,0,446.56,350.59,Danger
42.99,24.69,0,128.84,53.27,Warning
14.07,19.16,0,209.92,130.49,Warning
21.22,49.97,0,83.61,42.59,Safe
13.4,64.2,1,49.02,37.03,Safe
25.96,46.85,0,498.31,376.75,Warning
24.23,53.59,0,584.98,482.32,Warning
18.73,45.64,1,601.7,459.02,Warning
13.58,90.27,0,57.39,3.61,Safe
11.86,41.44,0,29.24,32.66,Safe
19.23,52.58,0,402.3,338.01,Warning
10.73,75.15,0,92.3,38.62,Safe
13.35,36.19,0,503.3,380.56,Warning
30.99,81.49,1,592.78,499.29,Danger
29.9,9.29,1,39.6,32.71,Safe
40.96,49.31,0,250.59,189.36,Danger
31.52,55.77,1,163.58,88.45,Safe
10.07,72.77,1,81.55,60.41,Safe
24.51,34.39,0,59.67,18.36,Safe
19.51,88.18,1,305.68,245.76,Danger
20.61,38.46,0,106.01,83.79,Safe
21.58,95.48,1,107.49,38.63,Safe
40.84,72.1,1,478.4,405.06,Danger
19.64,42.39,0,224.97,179.51,Warning
34.9,83.99,0,376.12,280.24,Danger
26.19,24.64,0,77.25,67.04,Safe
21.63,33.61,0,71.64,33.02,Safe
10.88,46.81,0,18.06,16.74,Safe
26.6,17.63,0,409.89,335.07,Warning
42.06,18.15,0,343.5,292.66,Danger
39.49,5.13,0,129.57,71.73,Warning
34.36,22.27,0,166.05,102.94,Warning
10.34,33.76,0,378.06,312.18,Warning
10.82,8.53,0,324.3,280.78,Warning
23.0,99.1,0,178.33,151.63,Danger
38.24,60.69,0,227.94,200.9,Danger
38.83,90.94,0,242.02,151.1,Danger
31.88,83.87,0,142.34,114.32,Danger
23.8,60.78,0,99.4,34.73,Safe
16.36,85.34,0,139.65,119.76,Warning
31.89,57.89,0,26.38,42.77,Safe
10.3,16.86,0,126.93,106.21,Safe
26.58,71.34,0,134.75,80.77,Safe
16.97,38.47,0,320.91,241.6,Warning
22.8,74.44,1,100.08,39.62,Safe
42.46,63.77,0,477.3,396.85,Danger
27.82,47.87,0,571.68,434.87,Warning
16.03,25.41,1,569.27,458.39,Warning
31.24,6.74,1,96.57,64.33,Safe
44.27,0.32,0,259.19,169.45,Danger
21.97,98.6,0,49.75,48.89,Safe
16.1,5.24,0,468.13,370.86,Warning
16.51,6.77,1,160.54,128.78,Safe
23.2,59.85,0,336.9,262.6,Warning
18.03,55.22,0,136.47,90.49,Safe
19.36,15.12,0,455.59,345.07,Warning
38.77,93.8,0,427.78,338.36,Danger
36.21,77.51,0,79.95,59.38,Warning
22.48,31.6,1,46.08,73.72,Safe
22.3,4.24,0,528.99,435.02,Warning
15.33,3.48,0,60.39,50.65,Safe
30.37,40.51,1,382.5,295.02,Warning
30.23,60.11,1,35.56,42.03,Safe
20.41,3.5,0,131.63,60.04,Safe
19.26,11.55,0,49.48,41.7,Safe
26.15,32.16,1,8.54,14.06,Safe
19.04,69.92,1,116.96,57.23,Safe
22.17,62.56,0,90.98,84.18,Safe
17.7,56.45,1,103.76,33.74,Safe
10.42,6.94,0,235.71,201.27,Warning
13.84,77.93,1,69.76,54.99,Safe
35.48,89.85,0,551.73,433.8,Danger
29.74,21.51,0,15.02,24.96,Safe
22.81,49.88,1,179.67,105.27,Safe
40.7,37.36,0,540.13,432.01,Danger
35.09,91.88,0,503.5,422.14,Danger
12.11,34.44,0,92.41,64.37,Safe
37.16,22.06,1,394.17,318.01,Danger
27.61,49.97,0,497.3,402.42,Warning
30.63,49.04,1,243.73,187.35,Warning
43.39,57.56,1,109.29,58.74,Safe
33.28,95.47,1,350.11,279.31,Danger
24.82,70.38,0,130.38,64.25,Safe
44.1,41.03,0,416.44,318.21,Danger
29.19,98.41,0,447.45,323.96,Danger
32.89,55.21,1,532.59,431.72,Warning
10.96,20.36,0,545.59,413.46,Warning
10.32,50.57,0,258.24,186.6,Warning
14.34,70.64,0,116.63,91.96,Safe
41.7,29.83,1,68.55,54.57,Safe
32.87,1.97,0,442.63,344.87,Danger
39.81,64.01,1,207.05,126.6,Warning
41.33,18.83,1,0.0,0.3,Safe
35.65,25.42,0,494.54,416.2,Danger
27.42,24.44,1,489.16,370.51,Warning
12.57,56.28,0,102.29,35.71,Safe
13.92,12.79,1,373.5,298.6,Warning
16.45,98.99,0,176.91,181.41,Danger
36.26,75.77,0,523.09,433.14,Danger
30.64,68.26,1,533.91,403.09,Danger
11.65,67.58,0,294.72,214.62,Danger
24.44,59.96,1,38.31,26.53,Safe
44.66,22.59,1,464.08,342.02,Danger
30.13,64.58,1,286.94,192.24,Warning
37.73,58.69,1,117.1,54.73,Safe
16.51,34.67,0,542.76,438.61,Warning
17.12,9.02,0,161.78,122.37,Warning
10.2,31.04,0,115.19,47.05,Safe
25.18,82.08,1,60.52,5.34,Safe
44.86,52.91,1,590.3,485.54,Danger
42.92,96.79,0,299.38,216.33,Danger
39.49,51.28,1,379.07,321.83,Danger
17.06,60.76,0,195.22,167.24,Warning
25.85,24.59,0,622.77,491.51,Warning
17.39,13.72,0,163.07,127.76,Warning
33.22,17.05,0,269.79,178.76,Danger
23.68,32.3,1,340.21,275.83,Warning
12.82,45.96,0,448.05,383.25,Warning
39.96,6.97,0,463.94,368.61,Danger
23.35,55.33,0,378.03,283.86,Warning
21.98,42.83,1,17.82,8.45,Safe
34.26,13.3,1,21.75,28.38,Safe
10.87,73.66,1,253.44,166.09,Warning
16.46,76.25,0,503.89,403.2,Danger
10.5,94.69,0,212.69,171.18,Danger
40.99,63.51,0,256.83,201.16,Danger
41.84,42.59,0,395.54,302.25,Danger
24.92,31.28,1,38.5,26.54,Safe
19.21,11.5,1,33.92,13.41,Safe
26.73,77.25,0,38.86,22.56,Safe
24.53,61.48,1,121.48,98.43,Safe
28.35,59.14,1,75.48,19.9,Safe
19.42,83.6,0,222.25,146.53,Danger
19.44,24.92,0,92.85,51.81,Safe
21.07,71.57,0,466.51,389.47,Danger
29.04,51.96,0,405.66,287.73,Warning
27.02,55.55,0,286.16,224.21,Warning
12.68,4.51,0,67.45,53.82,Safe
11.4,58.97,0,131.45,104.42,Safe
44.26,91.05,0,220.35,170.69,Danger
29.58,19.24,0,366.84,309.35,Warning
35.49,33.98,0,521.92,409.26,Danger
23.43,34.07,0,508.18,406.96,Warning
22.93,42.46,1,2.57,11.68,Safe
18.28,89.33,0,249.19,207.05,Danger
29.98,38.96,1,398.54,297.6,Warning
23.11,8.13,0,470.95,362.14,Warning
41.91,10.15,1,113.54,69.6,Safe
11.97,47.62,0,124.28,81.67,Safe
27.33,55.72,1,58.58,54.13,Safe
20.8,2.32,0,569.35,472.62,Warning
20.65,74.09,1,86.94,78.48,Safe
31.16,71.88,0,162.78,102.86,Warning
25.02,50.63,0,227.29,157.11,Warning
42.72,89.58,0,276.06,230.09,Danger
30.22,74.22,0,593.52,478.5,Danger
30.73,98.84,1,31.67,29.35,Warning
24.49,33.38,0,302.34,280.21,Warning
25.79,80.46,0,458.0,346.3,Danger
13.49,25.61,0,0.0,7.0,Safe
16.98,22.29,0,91.71,77.46,Safe
36.43,79.47,0,338.1,272.79,Danger
29.57,46.35,0,77.59,13.42,Safe
11.41,22.26,0,33.86,31.79,Safe
22.94,46.69,1,443.14,363.88,Warning
34.93,56.41,1,53.6,10.44,Safe
15.9,75.03,1,90.29,29.18,Safe
24.92,57.34,1,103.74,49.33,Safe
35.44,74.0,0,414.31,308.89,Danger
10.17,9.32,0,271.06,196.08,Warning
34.59,63.71,0,3.65,0.92,Safe
30.12,17.21,0,589.58,484.95,Danger
17.04,19.98,0,83.11,35.4,Safe
42.07,36.15,0,379.64,340.54,Danger
40.54,82.48,0,272.22,231.25,Danger
16.36,21.84,1,240.13,172.62,Warning
21.21,74.52,0,116.77,49.97,Safe
20.33,73.08,0,406.23,298.13,Danger
15.05,95.48,0,521.59,384.85,Danger
29.53,43.54,0,231.19,174.09,Warning
36.45,21.99,0,268.11,226.88,Danger
14.56,13.49,0,336.27,279.65,Warning
34.01,75.49,0,542.86,408.95,Danger
15.46,59.42,0,38.61,26.82,Safe
36.51,70.11,0,283.95,201.11,Danger
30.04,50.56,1,435.33,332.47,Warning
21.01,3.16,0,269.47,206.93,Warning
44.62,0.65,0,275.98,242.48,Danger
32.89,57.27,0,547.17,463.72,Danger
44.44,43.19,0,300.29,235.38,Danger
43.37,18.45,0,35.77,39.41,Warning
44.43,98.37,0,488.52,389.43,Danger
13.13,14.78,0,256.82,221.17,Warning
21.84,41.26,0,477.48,375.43,Warning
35.41,57.57,1,468.02,339.16,Danger
26.92,35.88,0,110.85,109.41,Safe
21.04,23.01,0,131.97,104.4,Safe
41.02,7.65,0,32.74,37.7,Warning
12.26,79.68,1,149.74,74.85,Safe
12.07,41.04,1,135.83,71.9,Safe
28.92,63.93,0,495.53,453.65,Warning
22.89,42.81,0,490.69,360.19,Warning
10.97,55.26,0,75.03,50.99,Safe
23.46,88.64,1,0.0,6.82,Safe
43.18,91.82,0,237.53,201.7,Danger
30.73,76.51,0,296.03,248.88,Danger
40.6,8.76,0,486.01,363.93,Danger
24.98,4.21,1,75.95,63.58,Safe
40.66,43.69,0,142.96,69.3,Warning
13.78,82.84,0,50.5,25.81,Safe
14.73,15.39,0,94.37,92.42,Safe
43.64,68.07,0,5.6,9.04,Warning
39.45,81.73,0,501.87,414.13,Danger
14.14,35.2,1,156.82,96.01,Safe
25.44,60.98,0,74.78,68.81,Safe
15.9,50.15,0,64.7,55.66,Safe
39.65,9.25,0,473.64,362.29,Danger
10.47,69.76,1,127.35,105.86,Safe
30.04,68.8,1,177.58,149.47,Warning
36.14,60.08,1,36.22,25.75,Safe
12.77,25.59,0,528.2,417.48,Warning
22.31,46.62,1,77.2,73.36,Safe
18.4,70.4,1,118.02,82.8,Safe
15.31,85.99,1,318.46,262.52,Danger
14.77,39.1,0,475.02,398.74,Warning
40.82,6.68,1,448.76,369.53,Danger
16.58,21.14,1,548.76,411.98,Warning
35.69,58.97,0,89.38,84.49,Warning
30.23,28.86,0,498.99,427.64,Danger
23.21,10.7,0,596.3,465.51,Warning
12.8,66.09,0,224.08,153.25,Danger
40.79,62.89,1,91.44,83.17,Safe
20.75,78.81,0,251.89,165.66,Danger
24.26,30.64,0,403.32,316.65,Warning
41.26,92.27,1,590.05,453.72,Danger
34.4,31.89,0,128.22,92.06,Safe
37.15,80.68,1,507.86,452.7,Danger
18.12,45.08,0,396.75,289.72,Warning
38.3,45.34,0,294.94,256.62,Danger
12.08,15.7,1,36.65,30.37,Safe
37.13,43.65,0,162.13,108.24,Warning
25.74,33.47,0,222.19,180.48,Warning
34.39,83.65,0,543.67,405.76,Danger
28.79,13.44,0,384.52,301.64,Warning
17.59,92.68,0,273.07,216.22,Danger
28.95,40.39,1,328.35,262.53,Warning
13.26,59.8,0,210.68,162.22,Warning
11.65,36.65,1,166.29,109.47,Safe
36.7,95.45,0,433.2,385.18,Danger
